scene,source_id,target_id,method,initial_rmse_m,rre_deg,rte_m,rmse_m,mean_nn_distance_m,mean_euclidean_distance_m,mean_abs_point_to_plane_error_m,iterations,runtime_s
7-scenes-redkitchen,1,0,point_to_plane,0.25553615126540624,0.3722766470147341,0.011897610387068217,0.009582104076282799,0.05545996508725741,0.05545996508725741,0.011777993860520171,50,0.36508580000372604
7-scenes-redkitchen,1,0,point_to_point,0.25553615126540624,2.3706247211396403,0.08611851900874394,0.08487415544877933,0.06462322252846436,0.06462531906849472,nan,34,0.21680920000653714
7-scenes-redkitchen,2,0,point_to_plane,0.2227556700798811,2.930260495699248,0.06607793629426668,0.0541295796219674,0.12959675209757684,0.12959675209757684,0.026172581271712153,10,0.1058754000114277
7-scenes-redkitchen,2,0,point_to_point,0.2227556700798811,11.667814345339277,0.2481578913517742,0.24851595208854693,0.1305195296545993,0.1305178076581022,nan,21,0.15911159999086522
7-scenes-redkitchen,3,0,point_to_plane,0.2750681842096849,2.574450502294605,0.05087574332289526,0.05177554049618407,0.12569981239094066,0.12569981239094066,0.023542574838199957,18,0.17269730000407435
7-scenes-redkitchen,3,0,point_to_point,0.2750681842096849,7.709775763291579,0.13102987921766984,0.194222351269267,0.1276809534241856,0.1276681416075575,nan,37,0.25738450000062585
7-scenes-redkitchen,4,0,point_to_plane,0.3544311147087183,2.634949633965692,0.06711279267640634,0.05545718531785194,0.11811368183368785,0.11811368183368785,0.021628091986840375,17,0.15607929998077452
7-scenes-redkitchen,4,0,point_to_point,0.3544311147087183,7.346359516542402,0.15773363595391554,0.19285737569020459,0.12244967684255305,0.12244061400181334,nan,43,0.2849006000033114
7-scenes-redkitchen,5,0,point_to_plane,0.102926260017324,2.1208644753772252,0.07503688021271757,0.05715629105831808,0.19935858913983848,0.19935858913983848,0.020900796635454317,11,0.11850590002723038
7-scenes-redkitchen,5,0,point_to_point,0.102926260017324,15.728412682605587,0.19273342506278573,0.5761767110999424,0.16185613251649236,0.16184853332308466,nan,50,0.3731314000033308
7-scenes-redkitchen,6,0,point_to_plane,0.22625682902261862,2.085710196666888,0.11216123097050733,0.06257983586993052,0.29336732634720875,0.29336732634720875,0.02058650110079887,13,0.1192354999948293
7-scenes-redkitchen,6,0,point_to_point,0.22625682902261862,8.892095183826498,0.5989092446426661,0.8893987735345867,0.13068902788043033,0.13067990978453908,nan,41,0.26158329998725094
7-scenes-redkitchen,10,0,point_to_plane,0.14543760153263338,2.273553742633302,0.06179860410236312,0.03845076045456275,0.13686566244825007,0.13686566244825007,0.024979507205788825,17,0.1533853999862913
7-scenes-redkitchen,10,0,point_to_point,0.14543760153263338,7.966895976729196,0.13520064846684582,0.3011945310426391,0.13744775596725015,0.13742298434316605,nan,50,0.3419237000052817
7-scenes-redkitchen,11,0,point_to_plane,0.22097507851236894,2.1754955105638216,0.06113179509432787,0.03277460178313676,0.07944604273536579,0.07944604273536579,0.018244784717304726,11,0.10634829997434281
7-scenes-redkitchen,11,0,point_to_point,0.22097507851236894,5.8207191330785,0.13533093171666047,0.14714399453976607,0.0867659153189211,0.08674558023503012,nan,24,0.14334660000167787
7-scenes-redkitchen,12,0,point_to_plane,0.3829450444068959,2.9454858207725327,0.061607556080505506,0.05084458351871838,0.058750724181717916,0.058750724181717916,0.018855309493582766,16,0.1452677999914158
7-scenes-redkitchen,12,0,point_to_point,0.3829450444068959,5.0500436025940365,0.09912283346444098,0.08392435228329825,0.06175155164701131,0.06174135869124748,nan,47,0.2680513999948744
7-scenes-redkitchen,13,0,point_to_plane,0.10591574308175261,3.336892017546507,0.05722529895024531,0.04712936097359151,0.063360558588374,0.063360558588374,0.019961370653463543,10,0.07939550001174212
7-scenes-redkitchen,13,0,point_to_point,0.10591574308175261,6.922817668478238,0.11941584900811575,0.07941870556172553,0.06702439590777994,0.06701674233859721,nan,32,0.16101909999269992
7-scenes-redkitchen,14,0,point_to_plane,0.3359796497810825,4.276881700750748,0.06820103327873857,0.0508059277164414,0.06581386500192343,0.06581386500192343,0.019645530827941488,18,0.13798959998530336
7-scenes-redkitchen,14,0,point_to_point,0.3359796497810825,8.531544864436995,0.12158351158637488,0.1159820002971367,0.0691345102852315,0.0691188404011727,nan,40,0.19848430002457462
7-scenes-redkitchen,15,0,point_to_plane,0.1753240349954625,2.0244651150095674,0.10583958105911222,0.07696553806515224,0.1311335340954308,0.1311335340954308,0.01826511222340499,12,0.10323069998412393
7-scenes-redkitchen,15,0,point_to_point,0.1753240349954625,12.571301260340315,0.46668204512765477,0.46475860553746084,0.11162824805180044,0.1116017900075112,nan,39,0.19960800002445467
7-scenes-redkitchen,19,0,point_to_plane,0.192396898561229,2.2597013875988696,0.09813304979809621,0.05719018971871076,0.3986031750983169,0.3986031750983169,0.0219130764932286,15,0.15394669998204336
7-scenes-redkitchen,19,0,point_to_point,0.192396898561229,20.185518577031978,0.6243635689798562,1.160402665114379,0.1784127183065753,0.17836096911630805,nan,29,0.2403675999958068
7-scenes-redkitchen,26,0,point_to_plane,0.11586114839323527,2.3766862661275434,0.0705696655749004,0.037467344666434206,0.18576984235727106,0.18576984235727106,0.0277800620284537,13,0.1511023000057321
7-scenes-redkitchen,26,0,point_to_point,0.11586114839323527,8.31692821646566,0.5582414616882448,0.41148875680414415,0.16489382927604798,0.1648615345262941,nan,42,0.3858192999905441
7-scenes-redkitchen,27,0,point_to_plane,0.1916169971164286,3.931128213861749,0.07434823418849722,0.08198523989771385,0.16143005000736968,0.16143005000736968,0.031796845527185744,21,0.24546250002458692
7-scenes-redkitchen,27,0,point_to_point,0.1916169971164286,13.7441232134006,0.4442668864787642,0.357299127758756,0.16707653028126895,0.16702601636840864,nan,34,0.34808860000339337
7-scenes-redkitchen,28,0,point_to_plane,0.2221517343668052,5.076936000499352,0.10996259602034368,0.08715089575023334,0.18019491307367283,0.18019491307367283,0.030397048386839997,18,0.16982509999070317
7-scenes-redkitchen,28,0,point_to_point,0.2221517343668052,12.15380778183593,0.36250268782078177,0.36425219565905115,0.17755859941517022,0.1775152317146996,nan,19,0.16392810002435
7-scenes-redkitchen,29,0,point_to_plane,0.15536591639862385,5.8292474551133635,0.054774332096939056,0.09557841198978496,0.15948866590126987,0.15948866590126987,0.0316597588017337,23,0.17952320000040345
7-scenes-redkitchen,29,0,point_to_point,0.15536591639862385,7.616241974966452,0.19347883411506478,0.33092344217082953,0.15637679524504577,0.1563355814052324,nan,50,0.3307368999812752
7-scenes-redkitchen,31,0,point_to_plane,0.05376403120317267,2.803688242502982,0.04782891950492262,0.05426081970546277,0.27123030544644355,0.27123030544644355,0.021254393383790503,18,0.13229690000298433
7-scenes-redkitchen,31,0,point_to_point,0.05376403120317267,25.006184970059262,1.0842186222003853,0.9864648438195103,0.12675047789516686,0.1267066612058302,nan,25,0.1308691000158433
7-scenes-redkitchen,32,0,point_to_plane,0.2252363351224855,2.1719457810937284,0.047416177422810825,0.03313807742971904,0.4059187698756266,0.4059187698756266,0.015996876277817873,50,0.32893289998173714
7-scenes-redkitchen,32,0,point_to_point,0.2252363351224855,12.134805447688226,1.1247236832011938,1.288012186024674,0.13960884957331973,0.13954541975339468,nan,44,0.26794689998496324
7-scenes-redkitchen,37,0,point_to_plane,0.1834367814315993,2.2652866443111956,0.08722552881961966,0.08614446551553699,0.5447340002911738,0.5447340002911738,0.022938844374462915,22,0.23660779997589998
7-scenes-redkitchen,37,0,point_to_point,0.1834367814315993,45.8622768477983,1.4957588701003577,1.6958854488793111,0.23482706046097482,0.23490370397746074,nan,50,0.5251108999946155
7-scenes-redkitchen,38,0,point_to_plane,0.24103956918090105,2.524038526385666,0.10451867384641812,0.09969749966562139,0.3281866138322327,0.3281866138322327,0.020825835560807145,22,0.2024628999934066
7-scenes-redkitchen,38,0,point_to_point,0.24103956918090105,29.023218738716377,1.1224461487485236,1.0227939258250096,0.17087776929062187,0.17076544305832214,nan,50,0.3900941999745555
7-scenes-redkitchen,39,0,point_to_plane,0.2911946984126687,2.531571426421643,0.09569750149245813,0.09946459418041115,0.34811876413508525,0.34811876413508525,0.020854080478517525,50,0.4694383999740239
7-scenes-redkitchen,39,0,point_to_point,0.2911946984126687,20.440910499633294,0.9234100483917276,1.1731766854750294,0.17936206783569292,0.17919510714149509,nan,50,0.4688220999960322
7-scenes-redkitchen,41,0,point_to_plane,0.3482828741969801,4.830929734798303,0.13060330948099372,0.10838872276769249,0.4323921024451437,0.4323921024451437,0.02615387696392211,17,0.19114949999493547
7-scenes-redkitchen,41,0,point_to_point,0.3482828741969801,63.913065522786155,0.45098554288931175,1.223466322357892,0.17814243628947232,0.1781213276387129,nan,31,0.29795380000723526
7-scenes-redkitchen,2,1,point_to_plane,0.20832783021912393,2.944297174592287,0.05581753840758325,0.05460797907858089,0.08510742577223006,0.08510742577223006,0.02430788285696011,13,0.08876149999559857
7-scenes-redkitchen,2,1,point_to_point,0.20832783021912393,6.63013493712342,0.07826976307646381,0.15745044947209347,0.0963523407415375,0.09634741473073397,nan,32,0.2156762000231538
7-scenes-redkitchen,3,1,point_to_plane,0.05858288755191717,2.7818341518735736,0.053531212910389966,0.059141233548197565,0.14227325375004607,0.14227325375004607,0.022772327792206174,50,0.328874500002712
7-scenes-redkitchen,3,1,point_to_point,0.05858288755191717,12.324817920818825,0.18133263084666307,0.3185145441505537,0.1433005105072369,0.1433038110757908,nan,50,0.3783385000133421
7-scenes-redkitchen,4,1,point_to_plane,0.308300655768134,4.1685806997168795,0.08132456485690831,0.08486279883621327,0.21543668426706317,0.21543668426706317,0.02469950983862137,24,0.18514859999413602
7-scenes-redkitchen,4,1,point_to_point,0.308300655768134,15.326024872891907,0.231073290465311,0.4919558139626385,0.21656879790286226,0.21655252236237027,nan,24,0.21912809999776073
7-scenes-redkitchen,5,1,point_to_plane,0.21517173914713028,3.64798818799553,0.06391074115526975,0.09567118660522252,0.36828613607299665,0.36828613607299665,0.028288882813229103,18,0.15499730000738055
7-scenes-redkitchen,5,1,point_to_point,0.21517173914713028,16.878805888406276,1.252330581469708,0.7523057729241744,0.24501471002700853,0.2450037656152664,nan,21,0.1707219999807421
7-scenes-redkitchen,10,1,point_to_plane,0.2617183990215194,3.7889466936340246,0.05936321930018452,0.0974234778115514,0.2865200451779555,0.2865200451779555,0.03337118021945188,17,0.14178829998127185
7-scenes-redkitchen,10,1,point_to_point,0.2617183990215194,14.280245312636405,1.0234715144211388,0.5176903616432722,0.23988406099407153,0.23985361215486975,nan,33,0.2766221000056248
7-scenes-redkitchen,11,1,point_to_plane,0.2616051393139597,3.5345076321877893,0.07154146380581645,0.0746428518028111,0.1786890387805101,0.1786890387805101,0.021954803447964317,14,0.10307799998554401
7-scenes-redkitchen,11,1,point_to_point,0.2616051393139597,9.052031120722395,0.4617938485706867,0.323336751639851,0.1929017051892854,0.19286850587048435,nan,48,0.41513180002220906
7-scenes-redkitchen,12,1,point_to_plane,0.09765930006443425,3.3476735078920243,0.06870121681365551,0.0627783194971764,0.08109848889861543,0.08109848889861543,0.021951101670838274,10,0.060115500004030764
7-scenes-redkitchen,12,1,point_to_point,0.09765930006443425,7.317088565798718,0.10188150876113838,0.17413648126292441,0.09346279513074021,0.09344797255213459,nan,37,0.21295699998154305
7-scenes-redkitchen,13,1,point_to_plane,0.13936433848794316,3.890208574647345,0.08035688071888485,0.06228461879168346,0.0754997410924537,0.0754997410924537,0.022697453771396703,13,0.06959540001116693
7-scenes-redkitchen,13,1,point_to_point,0.13936433848794316,6.533558242254061,0.10026532966180125,0.1460048742454378,0.08624527302623017,0.08623398728717335,nan,37,0.18698420000146143
7-scenes-redkitchen,14,1,point_to_plane,0.19888795042833624,3.216437078022695,0.06150724966080959,0.04163005468548219,0.07046940327856488,0.07046940327856488,0.01910555406232253,50,0.2480879999930039
7-scenes-redkitchen,14,1,point_to_point,0.19888795042833624,7.076470431965763,0.09914728305422757,0.09253939360719317,0.07579681989525427,0.07578530075185008,nan,25,0.11486719999811612
7-scenes-redkitchen,26,1,point_to_plane,0.16725008083905166,3.4150572353357265,0.059212288903798094,0.062465712760559,0.2986148826960014,0.2986148826960014,0.028077934615113074,14,0.13870959999621846
7-scenes-redkitchen,26,1,point_to_point,0.16725008083905166,14.688413303409712,1.0088163784789774,0.6432545438631864,0.20486671033645967,0.20483524086958527,nan,50,0.46776200001477264
7-scenes-redkitchen,27,1,point_to_plane,0.2103951592490049,3.1356383298079695,0.06723541131093044,0.05114268988472398,0.14805952661884667,0.14805952661884667,0.031949325355765834,15,0.1508118999772705
7-scenes-redkitchen,27,1,point_to_point,0.2103951592490049,10.62572112120518,0.4088230208095851,0.20936191345232802,0.14718498470089278,0.14713811419659853,nan,50,0.459435199998552
7-scenes-redkitchen,28,1,point_to_plane,0.21156596612682246,2.840669589781118,0.08122287751553732,0.04418305130074401,0.1346466422754506,0.1346466422754506,0.024536842404531592,19,0.14252959997975267
7-scenes-redkitchen,28,1,point_to_point,0.21156596612682246,11.724978262562948,0.34761595207865764,0.2552673387871281,0.1327736299912977,0.13273794088961657,nan,20,0.15150550001999363
7-scenes-redkitchen,29,1,point_to_plane,0.28282417984626074,2.787412197268895,0.05922471978550487,0.05021631860929727,0.13514582773967865,0.13514582773967865,0.022526027835251112,15,0.08809629999450408
7-scenes-redkitchen,29,1,point_to_point,0.28282417984626074,14.109789760856568,0.2863878308889378,0.28167182556389236,0.132835612847946,0.13279751043022037,nan,26,0.16215079999528825
7-scenes-redkitchen,31,1,point_to_plane,0.2773755421138342,2.4339779531305403,0.042690591939408655,0.04288415462255532,0.18310265931432596,0.18310265931432596,0.01982281968573456,14,0.07187930002692156
7-scenes-redkitchen,31,1,point_to_point,0.2773755421138342,10.390339406095904,1.041062943207519,0.9919651963098479,0.126029657800599,0.12610185657960699,nan,50,0.2799779000051785
7-scenes-redkitchen,32,1,point_to_plane,0.2803556980584701,2.8420189871804227,0.04960090385804414,0.04320441842935334,0.3413160793134643,0.3413160793134643,0.013713839456106639,19,0.11819380000815727
7-scenes-redkitchen,32,1,point_to_point,0.2803556980584701,4.263611903754256,1.062663991057968,1.1548568559174213,0.1247737476445461,0.12472354767850295,nan,50,0.2965857000090182
7-scenes-redkitchen,40,1,point_to_plane,0.1461032351065185,2.385283797233703,0.08072588442137313,0.0712500673625428,0.361123245859833,0.361123245859833,0.025837766774012776,16,0.19171410001581535
7-scenes-redkitchen,40,1,point_to_point,0.1461032351065185,56.482128661916825,1.522865377853845,1.1801268093113695,0.16825500610994093,0.16824884044352686,nan,41,0.41957240001647733
7-scenes-redkitchen,41,1,point_to_plane,0.1511392926908084,5.158888888532457,0.1358636893551929,0.13682027915571723,0.43268650643334183,0.43268650643334183,0.03309891395008067,50,0.4622025999997277
7-scenes-redkitchen,41,1,point_to_point,0.1511392926908084,52.53072222904867,1.0209492375848572,1.3157765433633344,0.1581866200304423,0.15825404031673543,nan,50,0.4866749999928288
7-scenes-redkitchen,3,2,point_to_plane,0.33058809514480225,1.2298039934475595,0.022155854425014193,0.033344959927651206,0.09804037294642556,0.09804037294642556,0.017372374881348074,12,0.08829650000552647
7-scenes-redkitchen,3,2,point_to_point,0.33058809514480225,4.248344201652408,0.13310936400374257,0.17772926506451267,0.11649871996896467,0.11649589305850368,nan,41,0.2924545999849215
7-scenes-redkitchen,11,2,point_to_plane,0.23474160374252026,1.9790640558421584,0.028624651808335202,0.049817840958256816,0.4877307219007039,0.4877307219007039,0.022138866211729967,15,0.12626879999879748
7-scenes-redkitchen,11,2,point_to_point,0.23474160374252026,42.880018047542755,0.28642800415395003,1.2522905903255483,0.21156907909202574,0.21154145290180215,nan,50,0.3959825999918394
7-scenes-redkitchen,12,2,point_to_plane,0.21550100141934106,2.4930337113546974,0.04647442095509994,0.04660665231491206,0.16938605133012774,0.16938605133012774,0.01909914951228671,13,0.09267579999868758
7-scenes-redkitchen,12,2,point_to_point,0.21550100141934106,28.398677000062328,0.6291191117361472,0.6404197806777477,0.15182035032125712,0.15177597782539012,nan,50,0.38091439998243004
7-scenes-redkitchen,13,2,point_to_plane,0.1297836894736471,2.59295049866031,0.04388899732821624,0.051581216470022076,0.08639748141890688,0.08639748141890688,0.01892031941955483,9,0.05242710001766682
7-scenes-redkitchen,13,2,point_to_point,0.1297836894736471,16.098566850141744,0.3570656992862835,0.31832841997353883,0.0924528905257393,0.092434721198704,nan,50,0.27679050000733696
7-scenes-redkitchen,14,2,point_to_plane,0.1843007222002079,2.5668580122631703,0.023137492977012616,0.05612765186971545,0.17679914137010358,0.17679914137010358,0.021022241640662086,16,0.09205180002027191
7-scenes-redkitchen,14,2,point_to_point,0.1843007222002079,34.91072000142085,0.6533593687311063,0.7246105657295122,0.14847082629107006,0.1488166942217186,nan,50,0.3133670999959577
7-scenes-redkitchen,26,2,point_to_plane,0.3158886975701546,4.841286341572094,0.27266149417441915,0.10243227853008048,0.7127640565335828,0.7127640565335828,0.028795999584510755,16,0.1719411000085529
7-scenes-redkitchen,26,2,point_to_point,0.3158886975701546,44.882805712637875,1.691051805605381,1.5181452577490422,0.20505513381882515,0.2052275458597384,nan,50,0.5123720000265166
7-scenes-redkitchen,27,2,point_to_plane,0.24913877434582582,3.0487132703263957,0.1278010064435586,0.052876740085249056,0.20739443497731908,0.20739443497731908,0.03139309172149929,17,0.1740132000122685
7-scenes-redkitchen,27,2,point_to_point,0.24913877434582582,13.18821759899965,0.6456927748468955,0.35093117960669545,0.2079989910843848,0.20792750146532282,nan,26,0.2952453999896534
7-scenes-redkitchen,28,2,point_to_plane,0.34459179547988844,2.168135170583645,0.04007208018156466,0.02307577470394172,0.0994012598738825,0.0994012598738825,0.0250423457159189,21,0.16367989999707788
7-scenes-redkitchen,28,2,point_to_point,0.34459179547988844,8.493253637607985,0.3200149221198274,0.13551580015997883,0.10852822358047606,0.10849080070281214,nan,20,0.14885689999209717
7-scenes-redkitchen,29,2,point_to_plane,0.18501341203301713,2.134574078347611,0.03601941993237256,0.026247805696932778,0.054251599795182445,0.054251599795182445,0.020117806290610746,15,0.0913077000004705
7-scenes-redkitchen,29,2,point_to_point,0.18501341203301713,3.367724605330284,0.109654304553219,0.0372332603466786,0.05794561477791863,0.0579074770765954,nan,45,0.23286230000667274
7-scenes-redkitchen,30,2,point_to_plane,0.23527749191557423,1.9259113954237914,0.13676379764215726,0.13607507408206596,0.06764717916525337,0.06764717916525337,0.01721758052891244,50,0.26568500002031215
7-scenes-redkitchen,30,2,point_to_point,0.23527749191557423,10.176514306767183,0.3333482242573837,0.25774029672361876,0.07444975498521046,0.0744182105182107,nan,33,0.14542320001055487
7-scenes-redkitchen,31,2,point_to_plane,0.1600221452414336,1.9777864442492243,0.021150477094036998,0.022067439109662676,0.17935022602776898,0.17935022602776898,0.014544390401639214,10,0.053773899999214336
7-scenes-redkitchen,31,2,point_to_point,0.1600221452414336,14.42769101986151,0.6074932927010975,0.8017190269454905,0.10918042856800414,0.10955437257931029,nan,50,0.25305739999748766
7-scenes-redkitchen,40,2,point_to_plane,0.2217904473413166,2.7405083649666357,0.15235014812542388,0.04765090991280119,0.23118416187558224,0.23118416187558224,0.02594667747827537,11,0.09967840000172146
7-scenes-redkitchen,40,2,point_to_point,0.2217904473413166,23.338770295806455,0.6786108586691889,0.48936795359407237,0.19608439957022283,0.19609045298416292,nan,48,0.45237189999897964
7-scenes-redkitchen,41,2,point_to_plane,0.13308961067061376,1.3012194281924352,0.06474913727818003,0.03614320598259155,0.2665601321380551,0.2665601321380551,0.01958656795605157,13,0.11208210000768304
7-scenes-redkitchen,41,2,point_to_point,0.13308961067061376,30.46757812469519,0.410596262567221,0.9779646238220449,0.17087483639663117,0.17098929638734045,nan,50,0.49670369998784736
7-scenes-redkitchen,42,2,point_to_plane,0.3126603987419173,1.8642038425296983,0.0372803293317083,0.04811814224674774,0.2322276107725026,0.2322276107725026,0.020799211695198796,14,0.13275960000464693
7-scenes-redkitchen,42,2,point_to_point,0.3126603987419173,41.26764472398192,1.077831861548775,0.7952172449552898,0.15762551859374094,0.15797823295702373,nan,50,0.3879229000012856
7-scenes-redkitchen,4,3,point_to_plane,0.1943208524388648,0.932111824052947,0.008170032482943164,0.03718865887209039,0.2860865458466438,0.2860865458466438,0.015414425507007475,12,0.08602060002158396
7-scenes-redkitchen,4,3,point_to_point,0.1943208524388648,37.902321771327905,0.7112797788178014,0.9610227533087569,0.2047857296836479,0.20478375825225908,nan,46,0.4056345999997575
7-scenes-redkitchen,5,3,point_to_plane,0.28085487153489674,0.7778636034709114,0.07918033767041295,0.07065195410255727,0.47594869074733487,0.47594869074733487,0.02141642608073702,50,0.3319922999944538
7-scenes-redkitchen,5,3,point_to_point,0.28085487153489674,36.36212644463832,1.3585617404244554,1.2941803554097249,0.18032681189504937,0.180310888664426,nan,37,0.3040544000105001
7-scenes-redkitchen,10,3,point_to_plane,0.1847724572170967,1.2995502648138875,0.03863868876816912,0.030042543712281433,0.39813777798387706,0.39813777798387706,0.019493930745806843,14,0.09557750000385568
7-scenes-redkitchen,10,3,point_to_point,0.1847724572170967,29.936785370310808,1.2072234080416546,1.0610020582762785,0.19429859143076553,0.19427663889523974,nan,38,0.3023080000129994
7-scenes-redkitchen,11,3,point_to_plane,0.20687576384216838,1.2529315764020772,0.02052029685533898,0.024686710961276778,0.2665117438346308,0.2665117438346308,0.014698260675174083,9,0.05761670001083985
7-scenes-redkitchen,11,3,point_to_point,0.20687576384216838,37.10145132702854,0.7152988864727734,0.9305248188504558,0.18408960784311185,0.1840847829047501,nan,50,0.40474309999262914
7-scenes-redkitchen,12,3,point_to_plane,0.06834786305741855,1.3361551350929028,0.024588241158343464,0.01918209718418649,0.06098547533008993,0.06098547533008993,0.012564119059140613,13,0.07490680000046268
7-scenes-redkitchen,12,3,point_to_point,0.06834786305741855,5.654128581683543,0.08362775983083166,0.14836422075924227,0.07641295365636196,0.07639934167826666,nan,43,0.24405849998584017
7-scenes-redkitchen,13,3,point_to_plane,0.29680989344310116,1.7401400746764502,0.035598870356922885,0.02471834822498598,0.033334868719159735,0.033334868719159735,0.012264270931471855,12,0.06697869999334216
7-scenes-redkitchen,13,3,point_to_point,0.29680989344310116,1.8453080427235635,0.04252795958470805,0.04026658824223731,0.03607994109031278,0.036064985329216134,nan,28,0.1304085000010673
7-scenes-redkitchen,14,3,point_to_plane,0.19421693595126402,2.8992970662488826,0.04863085688950284,0.04104727651066868,0.0586752119304572,0.0586752119304572,0.012961458059976247,9,0.045588400011183694
7-scenes-redkitchen,14,3,point_to_point,0.19421693595126402,6.826340809738697,0.09275636893781306,0.16676387529751152,0.07222807812081314,0.07221193973748297,nan,34,0.16223829999216832
7-scenes-redkitchen,26,3,point_to_plane,0.1586844258020248,2.796822261320472,0.08844529619042368,0.06389565322499843,0.4161009152210942,0.4161009152210942,0.022830146194436754,14,0.11647229999653064
7-scenes-redkitchen,26,3,point_to_point,0.1586844258020248,36.154867474335994,1.680273603987125,1.2250221844237992,0.19323723121799377,0.19355738649605128,nan,50,0.48415019997628406
7-scenes-redkitchen,27,3,point_to_plane,0.16837723459502676,2.5283114207816255,0.062199412126497974,0.051501546179861746,0.12921759767919763,0.12921759767919763,0.028754096688468195,10,0.09578099998179823
7-scenes-redkitchen,27,3,point_to_point,0.16837723459502676,1.8912107122458406,0.14176157393591368,0.17666986825253933,0.13644193272665767,0.13637618179372119,nan,33,0.3026164000038989
7-scenes-redkitchen,28,3,point_to_plane,0.18235258068303042,2.588016584520321,0.06929771148728411,0.03584293346173995,0.12201192131303493,0.12201192131303493,0.024837878125150314,14,0.10879239998757839
7-scenes-redkitchen,28,3,point_to_point,0.18235258068303042,10.003225084877515,0.18293903000913747,0.29302607795171404,0.11993877900884571,0.1198902259214761,nan,34,0.2550303000025451
7-scenes-redkitchen,29,3,point_to_plane,0.09547828739364476,1.9889809199935402,0.03993221736956532,0.016794883084488607,0.09086613886209065,0.09086613886209065,0.019856175883690937,15,0.09051690000342205
7-scenes-redkitchen,29,3,point_to_point,0.09547828739364476,9.198024971087152,0.10789261976853456,0.25007886872358753,0.09151477074368573,0.09148507942189697,nan,47,0.2718841999885626
7-scenes-redkitchen,30,3,point_to_plane,0.2614707617351636,3.6506729418892916,0.08749058667916522,0.14320664512185943,0.13416297895084756,0.13416297895084756,0.01955713659289069,50,0.23717469998518936
7-scenes-redkitchen,30,3,point_to_point,0.2614707617351636,4.369312875467775,0.6996685586607047,0.7073623699807476,0.09693878933779314,0.09691745371016645,nan,50,0.24692860001232475
7-scenes-redkitchen,40,3,point_to_plane,0.26989580407281294,2.4068314519149134,0.12485761271567547,0.06170203095028325,0.17101635958270095,0.17101635958270095,0.019437689971149915,15,0.12262159999227151
7-scenes-redkitchen,40,3,point_to_point,0.26989580407281294,19.59741494074316,0.5044501065584523,0.42851045661626974,0.17409533347342573,0.17410675067493767,nan,46,0.4207022000045981
7-scenes-redkitchen,41,3,point_to_plane,0.16566868380372549,1.6836901513290359,0.07488549718829426,0.057637781068935544,0.1759673583310527,0.1759673583310527,0.017999850560832965,50,0.36834780001663603
7-scenes-redkitchen,41,3,point_to_point,0.16566868380372549,16.98487596201051,0.3040244748369855,0.5264093043714551,0.16348245735509562,0.16349885103601663,nan,50,0.45851530000800267
7-scenes-redkitchen,42,3,point_to_plane,0.31181899103631927,1.783337669976032,0.054360288449264195,0.058155980514177474,0.10581675839072541,0.10581675839072541,0.019096875274434412,13,0.08654550000210293
7-scenes-redkitchen,42,3,point_to_point,0.31181899103631927,6.914156383802858,0.012939926137344552,0.27984407883165835,0.10528417641391843,0.10528455920783587,nan,34,0.21665889999712817
7-scenes-redkitchen,43,3,point_to_plane,0.22570800397658397,2.109657068481045,0.041974176886077484,0.04145400744939546,0.07532343439262405,0.07532343439262405,0.019502329340402125,14,0.10836009998456575
7-scenes-redkitchen,43,3,point_to_point,0.22570800397658397,4.734777929289964,0.01960508513369243,0.16619595626102845,0.07795872124212519,0.0779661272090796,nan,45,0.22766870001214556
7-scenes-redkitchen,44,3,point_to_plane,0.2208842480029217,2.3108963067640884,0.028880775914348348,0.02866365348875164,0.05779206692605061,0.05779206692605061,0.019460191358204957,50,0.2674506999901496
7-scenes-redkitchen,44,3,point_to_point,0.2208842480029217,4.356161086247128,0.05190163754526412,0.09041331077436686,0.061848994555784166,0.061853269611724666,nan,19,0.0856060000078287
7-scenes-redkitchen,45,3,point_to_plane,0.14695225587205343,3.2679091916829917,0.038348806022226414,0.042869080173093606,0.09528875311701848,0.09528875311701848,0.022846899227639245,50,0.24557889997959137
7-scenes-redkitchen,45,3,point_to_point,0.14695225587205343,7.86577023908156,0.3086699677080595,0.261313497587482,0.10400920656645062,0.10400937221783413,nan,47,0.1919929999858141
7-scenes-redkitchen,5,4,point_to_plane,0.15308478293680455,0.6040182622165443,0.030710474441355235,0.01361434129402381,0.06567124341393946,0.06567124341393946,0.014085336556209383,10,0.06726020001224242
7-scenes-redkitchen,5,4,point_to_point,0.15308478293680455,0.8789833005474165,0.19961625715370576,0.19967500110487366,0.06529950147831648,0.06527449100337616,nan,50,0.3135533000167925
7-scenes-redkitchen,6,4,point_to_plane,0.18254919163189676,1.8349030915190834,0.05713204758759442,0.04116648038875611,0.1776496546954632,0.1776496546954632,0.017470044869748593,13,0.0826546999742277
7-scenes-redkitchen,6,4,point_to_point,0.18254919163189676,6.604405102144682,0.6310317062570854,0.7100059710014001,0.1037984368980474,0.10369624937487484,nan,50,0.32311199998366646
7-scenes-redkitchen,7,4,point_to_plane,0.2077276228575811,2.1438993294743818,0.0933844131457121,0.05368108766815901,0.29095788915146914,0.29095788915146914,0.01973768708980825,50,0.3514910000085365
7-scenes-redkitchen,7,4,point_to_point,0.2077276228575811,7.809228900026271,0.8838296095530883,0.9689665511022622,0.12976487301947895,0.12976060126246783,nan,46,0.32209959998726845
7-scenes-redkitchen,9,4,point_to_plane,0.22348550419012947,1.4638874775663728,0.023799591239452227,0.03322588720329933,0.3834309475556643,0.3834309475556643,0.01612100257886682,50,0.42811030001030304
7-scenes-redkitchen,9,4,point_to_point,0.22348550419012947,9.491392413610553,0.8493791519104459,1.13683155018595,0.1508954428282242,0.15086308359215903,nan,50,0.48388700000941753
7-scenes-redkitchen,10,4,point_to_plane,0.1973670781662204,1.3402251260751028,0.030243016098001785,0.02217550904416834,0.04258637545956224,0.04258637545956224,0.014580345914245835,8,0.058175800018943846
7-scenes-redkitchen,10,4,point_to_point,0.1973670781662204,1.32440240492102,0.06439769523223761,0.047026772417110084,0.044109650655694894,0.04410314882175114,nan,43,0.25745000000461005
7-scenes-redkitchen,11,4,point_to_plane,0.2209036756983208,0.9947498476061999,0.01888905664311494,0.016533510956241206,0.03646471256889797,0.03646471256889797,0.011202269821847199,50,0.29172060001292266
7-scenes-redkitchen,11,4,point_to_point,0.2209036756983208,2.5625392263362103,0.07096500336998436,0.046824375689747406,0.04151427634620131,0.041509529426445334,nan,27,0.15471999999135733
7-scenes-redkitchen,12,4,point_to_plane,0.28541847737322373,1.2495357846509856,0.014724241157029468,0.025006485868082802,0.10879848708450479,0.10879848708450479,0.013967038843316593,13,0.08435349998762831
7-scenes-redkitchen,12,4,point_to_point,0.28541847737322373,15.597341327795116,0.30127577331789557,0.35551414099770384,0.11672327533321637,0.11670903502776239,nan,41,0.2805723999917973
7-scenes-redkitchen,13,4,point_to_plane,0.21154426685979158,1.486222466393135,0.02749164516451679,0.02157839004553768,0.11936396414881775,0.11936396414881775,0.016035670409099867,12,0.07312149999779649
7-scenes-redkitchen,13,4,point_to_point,0.21154426685979158,20.859524116117754,0.45476980778450965,0.40374188624252133,0.11387162012050571,0.11386197716261418,nan,47,0.28016809999826364
7-scenes-redkitchen,14,4,point_to_plane,0.2147728755774628,2.7870739928029726,0.04826158556784156,0.036366388756409906,0.06865046972550953,0.06865046972550953,0.014462505930741582,11,0.06011500000022352
7-scenes-redkitchen,14,4,point_to_point,0.2147728755774628,8.441220871768149,0.16881360092204983,0.155829653269314,0.07890613840931412,0.07889952855513158,nan,36,0.18060100000002421
7-scenes-redkitchen,15,4,point_to_plane,0.15305785662466764,2.698001425973378,0.07776215881565363,0.0641381097057973,0.04377171421575403,0.04377171421575403,0.012508806572707398,9,0.048631599987857044
7-scenes-redkitchen,15,4,point_to_point,0.15305785662466764,3.7959618109319315,0.13922081712006215,0.13084602914053617,0.045839936019576595,0.045832808758528,nan,27,0.12205559998983517
7-scenes-redkitchen,18,4,point_to_plane,0.30680434480584406,1.9303796390232304,0.12371336681059694,0.09397967395531395,0.5288259786270629,0.5288259786270629,0.013955100210242589,18,0.1933683000097517
7-scenes-redkitchen,18,4,point_to_point,0.30680434480584406,14.440557523614718,1.3717772999462663,1.5768747955005253,0.18148155938553598,0.18152092432296574,nan,50,0.5076302000088617
7-scenes-redkitchen,19,4,point_to_plane,0.18063692482160773,1.995904126422802,0.05933838211224088,0.03684327619229388,0.2552227386475663,0.2552227386475663,0.01317587980753325,13,0.09282239997992292
7-scenes-redkitchen,19,4,point_to_point,0.18063692482160773,10.362249218768461,0.8673957522239109,0.9456665223311168,0.1413435682009566,0.14129808589160228,nan,49,0.37353780001285486
7-scenes-redkitchen,20,4,point_to_plane,0.13138455106008418,2.118283915079251,0.16810664996953967,0.10507951096313052,0.48513412102341374,0.48513412102341374,0.017325293190957526,8,0.09504679997917265
7-scenes-redkitchen,20,4,point_to_point,0.13138455106008418,14.153853423986192,1.2728991344687364,1.5055666684355193,0.1969128962006394,0.1968800416316181,nan,45,0.38794870002311654
7-scenes-redkitchen,25,4,point_to_plane,0.22692836687462548,2.039285540007671,0.04067172562829718,0.04939174689412743,0.28353718476063694,0.28353718476063694,0.024436025556006557,22,0.23178309999639168
7-scenes-redkitchen,25,4,point_to_point,0.22692836687462548,10.33937658002501,0.7791221146588552,0.8818242349567319,0.13273671185687141,0.13270570950826038,nan,50,0.45539720001397654
7-scenes-redkitchen,26,4,point_to_plane,0.17297968292061172,2.12669930471041,0.03546461881749946,0.05619550921958545,0.11845868986539985,0.11845868986539985,0.022671459793917284,12,0.10895910000544973
7-scenes-redkitchen,26,4,point_to_point,0.17297968292061172,7.247382151698471,0.22055364523042986,0.23497037249537558,0.12095957861971537,0.12092549733251279,nan,31,0.277437100012321
7-scenes-redkitchen,27,4,point_to_plane,0.16653281786316557,3.8483741775184837,0.12473564075536174,0.07565754635254192,0.3206463779494572,0.3206463779494572,0.02554396708782425,25,0.2662848000181839
7-scenes-redkitchen,27,4,point_to_point,0.16653281786316557,32.00698075833161,0.8975163309004743,0.9978644144853882,0.2256670783760641,0.22564309882584424,nan,33,0.4231761999835726
7-scenes-redkitchen,37,4,point_to_plane,0.3059427257465987,2.4874879130088274,0.10635428083917829,0.102553544195934,0.3483388763673332,0.3483388763673332,0.019040658126817493,13,0.1268563999910839
7-scenes-redkitchen,37,4,point_to_point,0.3059427257465987,20.76002589508436,0.8520898310697703,1.1058483019160847,0.224406854940903,0.22428264505939266,nan,50,0.4745681000058539
7-scenes-redkitchen,38,4,point_to_plane,0.2203695220989336,3.2653229367761996,0.10645747712585345,0.09478219867525725,0.21597017698382653,0.21597017698382653,0.018314511418503043,9,0.06204910000087693
7-scenes-redkitchen,38,4,point_to_point,0.2203695220989336,4.731428916123236,0.3898667581237662,0.5091971845971321,0.17457713922589999,0.1744504671998801,nan,16,0.10531220000120811
7-scenes-redkitchen,39,4,point_to_plane,0.21539590027172908,2.952438357615431,0.11507374077436532,0.10445127154037884,0.24990370115131777,0.24990370115131777,0.018293670707269425,13,0.10673170001246035
7-scenes-redkitchen,39,4,point_to_point,0.21539590027172908,14.065400325333131,0.6920626176217409,0.7988835802161637,0.19749795992361416,0.19740243713787914,nan,47,0.4084623999951873
7-scenes-redkitchen,41,4,point_to_plane,0.05012111177235349,4.737602583953451,0.10208059011500331,0.1296171197766147,0.43745545181924234,0.43745545181924234,0.03596089661629145,14,0.12074509999365546
7-scenes-redkitchen,41,4,point_to_point,0.05012111177235349,81.1534428921076,0.9808715871301737,1.4456786976646194,0.16819873363151328,0.16819016838193854,nan,50,0.48379600001499057
7-scenes-redkitchen,6,5,point_to_plane,0.1716392399366456,1.096111674718062,0.07678130814772254,0.06639068196433179,0.060039118938713346,0.060039118938713346,0.017441738158115824,13,0.08424140000715852
7-scenes-redkitchen,6,5,point_to_point,0.1716392399366456,4.043843312544263,0.16770578467401845,0.17073372227285588,0.06756040289466583,0.06755780063609539,nan,33,0.1935261000180617
7-scenes-redkitchen,7,5,point_to_plane,0.07963823018450128,1.5512789243524845,0.11455758106819966,0.08120174461618118,0.13556090438660381,0.13556090438660381,0.022565781559233365,12,0.0816183999995701
7-scenes-redkitchen,7,5,point_to_point,0.07963823018450128,4.758968747321843,0.6942074467467138,0.66322911529723,0.10832567105957223,0.10820885133633061,nan,50,0.3248481999908108
7-scenes-redkitchen,8,5,point_to_plane,0.23755513289505628,2.9024405839088434,0.14786346626017544,0.09100753692314895,0.4282586114045796,0.4282586114045796,0.02868453994537758,17,0.18784729999606498
7-scenes-redkitchen,8,5,point_to_point,0.23755513289505628,11.131442913968222,1.171834555146947,1.4264095132248804,0.1522329286390044,0.15215996861952183,nan,50,0.4774881000048481
7-scenes-redkitchen,9,5,point_to_plane,0.22600024661028145,2.165213542925533,0.05433560102011406,0.049711678364577454,0.21021052362333917,0.21021052362333917,0.021130202278350222,50,0.40737180001451634
7-scenes-redkitchen,9,5,point_to_point,0.22600024661028145,5.475088713021288,0.5545047307850299,0.7756226209821293,0.11732497207570228,0.11731983276309345,nan,39,0.35369509999873117
7-scenes-redkitchen,10,5,point_to_plane,0.15686604604782306,1.761967041113541,0.014194608449027948,0.03827789493149975,0.04451050786041596,0.04451050786041596,0.01727433203882523,11,0.07369520000065677
7-scenes-redkitchen,10,5,point_to_point,0.15686604604782306,2.1168728706003614,0.03704383970802612,0.09709554402193406,0.0483704528947595,0.04836607619895679,nan,30,0.17929570001433603
7-scenes-redkitchen,11,5,point_to_plane,0.1672879674657985,1.053878505711596,0.01912251002048389,0.03467820492127826,0.07902810783057346,0.07902810783057346,0.016549661063011766,11,0.0728139000129886
7-scenes-redkitchen,11,5,point_to_point,0.1672879674657985,8.56546561733977,0.16676968044088555,0.18136982163570564,0.09593014889023586,0.09593448197251715,nan,25,0.15848129999358207
7-scenes-redkitchen,12,5,point_to_plane,0.3729645685009987,1.4006810448939035,0.0073923571663151045,0.03279108653947069,0.23454481299421598,0.23454481299421598,0.019550710709604138,13,0.09404050000011921
7-scenes-redkitchen,12,5,point_to_point,0.3729645685009987,8.147923035253504,0.4535024623910191,0.7223057996544631,0.18304781246907356,0.183769018875076,nan,50,0.3805473999818787
7-scenes-redkitchen,15,5,point_to_plane,0.13687959563633148,2.8901353169646313,0.05479752460702718,0.053537289055477014,0.0653261618999132,0.0653261618999132,0.015989317627696488,10,0.054276600014418364
7-scenes-redkitchen,15,5,point_to_point,0.13687959563633148,6.270496099462958,0.08583053396099725,0.164036346139726,0.07281995766603586,0.07281303309307843,nan,22,0.10552179999649525
7-scenes-redkitchen,16,5,point_to_plane,0.29016923959856344,3.1140962534087935,0.10102170498881312,0.13095680755609715,0.1986770825732834,0.1986770825732834,0.02138793817281625,16,0.14393630000995472
7-scenes-redkitchen,16,5,point_to_point,0.29016923959856344,8.519352418466928,0.720325975673124,0.8105620917554742,0.10417590399984199,0.10416284863594791,nan,50,0.3351161000027787
7-scenes-redkitchen,17,5,point_to_plane,0.2431348836249326,2.3606458374150954,0.11168927220645813,0.1318260772476952,0.4848292315145563,0.4848292315145563,0.020479828111925436,9,0.12560160001157783
7-scenes-redkitchen,17,5,point_to_point,0.2431348836249326,14.947862960212499,0.9020407867345264,1.3685364466191323,0.19281307588893995,0.19278866494466415,nan,38,0.3519310999836307
7-scenes-redkitchen,18,5,point_to_plane,0.24385252598043583,1.8596307656260118,0.11420893908802608,0.09896560878300784,0.3264665990179709,0.3264665990179709,0.019901864677150893,13,0.11724449999746867
7-scenes-redkitchen,18,5,point_to_point,0.24385252598043583,9.038221335549231,0.834952464772696,1.0793826913986495,0.1495796177370239,0.14953941419654787,nan,28,0.26133480001590215
7-scenes-redkitchen,19,5,point_to_plane,0.1673828551558315,1.614398509941624,0.06881563596915563,0.0505997883595095,0.11335989132910808,0.11335989132910808,0.014428145279836846,50,0.3218909999995958
7-scenes-redkitchen,19,5,point_to_point,0.1673828551558315,3.563147495310185,0.3717632047332699,0.4505788106027866,0.10255945530289719,0.10254136826116778,nan,38,0.26116860000183806
7-scenes-redkitchen,20,5,point_to_plane,0.2281052661743042,1.4011765570937047,0.1294239603083887,0.11483137409508933,0.3108898700264382,0.3108898700264382,0.02136206408894356,50,0.3841506000026129
7-scenes-redkitchen,20,5,point_to_point,0.2281052661743042,10.3264751249874,0.9204823196773038,1.092297567486216,0.1833749107109154,0.18335482963844885,nan,50,0.40372230001958087
7-scenes-redkitchen,21,5,point_to_plane,0.21979178379365732,2.9687118622953097,0.22249500496755154,0.13908686961560504,0.6796896698830812,0.6796896698830812,0.03052420894148006,50,0.5182621999992989
7-scenes-redkitchen,21,5,point_to_point,0.21979178379365732,58.13851352030335,3.45272427760995,1.8139103399973646,0.29328731915928935,0.29358163696359335,nan,50,0.5169450999819674
7-scenes-redkitchen,25,5,point_to_plane,0.2922689396129604,2.5319461918907327,0.04561932705239627,0.054476844536432985,0.18971268559542123,0.18971268559542123,0.025447436963719587,28,0.26943059999030083
7-scenes-redkitchen,25,5,point_to_point,0.2922689396129604,13.2589891123144,0.4531684036505982,0.6321454989411626,0.14474711484447497,0.14480728393609965,nan,50,0.49657739998656325
7-scenes-redkitchen,26,5,point_to_plane,0.2160815063100002,2.258054322856249,0.036115766005064366,0.059010009527996676,0.15368223005740708,0.15368223005740708,0.0238231806066163,20,0.19008679999387823
7-scenes-redkitchen,26,5,point_to_point,0.2160815063100002,20.572445038511713,0.37699625944922116,0.5296296015763841,0.14639094514298148,0.14636239081612668,nan,44,0.432729099993594
7-scenes-redkitchen,36,5,point_to_plane,0.26180506806781156,2.3046643832940683,0.0901884354861296,0.10731929787401838,0.44911154966778916,0.44911154966778916,0.02264997530877262,21,0.27162610000232235
7-scenes-redkitchen,36,5,point_to_point,0.26180506806781156,15.244892601912921,1.0684523112147348,1.2003529991079562,0.18015241854078556,0.1800692880787351,nan,26,0.2891723000211641
7-scenes-redkitchen,37,5,point_to_plane,0.18210585857722414,2.8728884888259496,0.07750420684868041,0.09336768262765416,0.2810819096172974,0.2810819096172974,0.025798601676993643,10,0.10689079997246154
7-scenes-redkitchen,37,5,point_to_point,0.18210585857722414,22.78523070942287,0.9252837222439099,0.9538032849108957,0.17880310795197138,0.17871597419514784,nan,41,0.40359640002134256
7-scenes-redkitchen,38,5,point_to_plane,0.09686801424379976,3.6045677875300455,0.07571502306592248,0.07699957309941015,0.1670826712765994,0.1670826712765994,0.02318047258733553,16,0.12008409999543801
7-scenes-redkitchen,38,5,point_to_point,0.09686801424379976,4.849566094758967,0.18631484463950554,0.33048959480244056,0.15746493798848368,0.15737159087375244,nan,19,0.13473969997721724
7-scenes-redkitchen,39,5,point_to_plane,0.14898785651095317,2.8935484891388064,0.10471711716721092,0.09511199313015517,0.16018275566601364,0.16018275566601364,0.021853490033055513,15,0.12209229997824878
7-scenes-redkitchen,39,5,point_to_point,0.14898785651095317,7.602111298574929,0.32857601884901827,0.43817622660637473,0.16061658217027286,0.16053494477371122,nan,34,0.27900680000311695
7-scenes-redkitchen,7,6,point_to_plane,0.1666113318872433,0.9478807108618766,0.04313102103233687,0.02447209284508595,0.05482161631764205,0.05482161631764205,0.014729534450060927,10,0.0606320999795571
7-scenes-redkitchen,7,6,point_to_point,0.1666113318872433,2.6865083288121703,0.2612807330591018,0.17005405715903738,0.06150747179460208,0.06151471103153566,nan,37,0.19507029998931102
7-scenes-redkitchen,8,6,point_to_plane,0.2333743826353398,2.6833254125541313,0.0673288024797261,0.05712637888278434,0.28804833080502373,0.28804833080502373,0.028831975500246187,17,0.15170089999446645
7-scenes-redkitchen,8,6,point_to_point,0.2333743826353398,7.848706048909096,0.6128190354150957,0.9314228172659338,0.15049161049951257,0.15047801342966632,nan,50,0.4351260000257753
7-scenes-redkitchen,9,6,point_to_plane,0.21672164897403065,1.7866240272497107,0.009170274524855264,0.04900182775451694,0.1623137389826331,0.1623137389826331,0.02874189830180914,13,0.11538899998413399
7-scenes-redkitchen,9,6,point_to_point,0.21672164897403065,5.587783474757108,0.2728576685235759,0.4035168062302431,0.14127154340314146,0.141262409974674,nan,29,0.23540730000240728
7-scenes-redkitchen,10,6,point_to_plane,0.2717162769391658,1.4768427067528043,0.0784107299857298,0.05746381913728383,0.12011808686252963,0.12011808686252963,0.020881783784688062,17,0.11024579999502748
7-scenes-redkitchen,10,6,point_to_point,0.2717162769391658,2.703066141808715,0.39654875594113215,0.48018704183325744,0.0957043279405026,0.09572580733319207,nan,35,0.23020560000441037
7-scenes-redkitchen,11,6,point_to_plane,0.1356126292213631,1.6857235019214927,0.08213567294901648,0.07444577221136112,0.18619469229096036,0.18619469229096036,0.020764439401613047,10,0.06856090002111159
7-scenes-redkitchen,11,6,point_to_point,0.1356126292213631,12.041664143311683,0.182607969047977,0.5349648398175496,0.15353313554948436,0.15353139503233162,nan,36,0.23840850000851788
7-scenes-redkitchen,12,6,point_to_plane,0.1057246935095111,1.7188896683945423,0.05285705703909353,0.038697132712120295,0.42479236051414654,0.42479236051414654,0.01809680708874268,18,0.12343150001834147
7-scenes-redkitchen,12,6,point_to_point,0.1057246935095111,14.941546601739722,1.236478040905063,1.3747228820704962,0.17542960662849708,0.17544836558720944,nan,50,0.359419499989599
7-scenes-redkitchen,15,6,point_to_plane,0.07802002401160997,2.1530264631849465,0.022722646478049963,0.040542997209397844,0.11240804025767621,0.11240804025767621,0.01811562986773062,14,0.07182419998571277
7-scenes-redkitchen,15,6,point_to_point,0.07802002401160997,8.882026591890364,0.21217843125260785,0.2682157453300149,0.11104357211448797,0.11103269861628041,nan,40,0.1915533999854233
7-scenes-redkitchen,16,6,point_to_plane,0.3608277529017633,4.555745676517536,0.4795338032990522,0.5454540704426806,0.10070017273926268,0.10070017273926268,0.04054282056708188,49,0.329645799996797
7-scenes-redkitchen,16,6,point_to_point,0.3608277529017633,8.14564749625644,0.4165409269501274,0.5363132761359037,0.10128061563505558,0.10126035654008607,nan,42,0.2608607000147458
7-scenes-redkitchen,17,6,point_to_plane,0.3009965231538921,2.971845104712357,0.15607443166021137,0.18219790642055644,0.33816008909163486,0.33816008909163486,0.03324743203550792,29,0.2726275000022724
7-scenes-redkitchen,17,6,point_to_point,0.3009965231538921,12.987232236889716,0.6125107986579406,1.038937573699281,0.19613786837243882,0.19610487167065493,nan,40,0.3492127000063192
7-scenes-redkitchen,18,6,point_to_plane,0.3270399770728326,2.6040265638555793,0.5706437519234685,0.5791986682639313,0.14866225309966358,0.14866225309966358,0.03836094686813971,50,0.43117210001219064
7-scenes-redkitchen,18,6,point_to_point,0.3270399770728326,7.3251831929936335,0.5431542299130996,0.7526308891057754,0.14389740285623992,0.14385828712109874,nan,20,0.167464199999813
7-scenes-redkitchen,19,6,point_to_plane,0.2556128020240171,1.4612202272616326,0.22848461360920147,0.23583010375869512,0.07643176867180537,0.07643176867180537,0.029659331961774654,16,0.11149770001065917
7-scenes-redkitchen,19,6,point_to_point,0.2556128020240171,3.8930135770698757,0.03326028100453996,0.12888244461138362,0.07405065092696478,0.07402772853732789,nan,27,0.16108499999972992
7-scenes-redkitchen,20,6,point_to_plane,0.27035888373885625,1.2685328129046525,0.04921815766343771,0.049408203088307824,0.20447791277014543,0.20447791277014543,0.0166541962386232,9,0.07077730001765303
7-scenes-redkitchen,20,6,point_to_point,0.27035888373885625,11.01973202519465,0.6109202950057192,0.6777753327335877,0.16565491721312173,0.16561099008485225,nan,19,0.1412207999965176
7-scenes-redkitchen,21,6,point_to_plane,0.13593296496104948,1.871981329981591,0.06061608021823215,0.05952990808130235,0.5345858923986542,0.5345858923986542,0.024864856373131364,26,0.2376378000190016
7-scenes-redkitchen,21,6,point_to_point,0.13593296496104948,6.103686224123362,1.4467785837522722,1.2691257454652487,0.2874983638687772,0.2877384233125725,nan,50,0.4730697999766562
7-scenes-redkitchen,24,6,point_to_plane,0.19068863055264484,5.7840207226583855,0.12457554777030033,0.16957205698066533,0.36645897035181857,0.36645897035181857,0.04390866686244544,24,0.2515795000072103
7-scenes-redkitchen,24,6,point_to_point,0.19068863055264484,12.3469036976336,0.9467868028459278,1.2935676997203638,0.18602345951937424,0.18606951025917617,nan,50,0.43872509998618625
7-scenes-redkitchen,25,6,point_to_plane,0.2499857814055075,3.296800890245102,0.01456819113088226,0.08417680465797225,0.15618888322221064,0.15618888322221064,0.033019634246661836,23,0.21119239999097772
7-scenes-redkitchen,25,6,point_to_point,0.2499857814055075,6.673285886327183,0.14907526239550986,0.30813847062047767,0.16024663242942325,0.16020129242077183,nan,29,0.25277570000616834
7-scenes-redkitchen,26,6,point_to_plane,0.12990812077260724,2.917008675806988,0.05631776750934464,0.07783443733350022,0.19904393758843486,0.19904393758843486,0.027850087697157088,13,0.12245179997989908
7-scenes-redkitchen,26,6,point_to_point,0.12990812077260724,12.63279970946335,0.3032727022378145,0.49139506118634924,0.17949223137624296,0.1794683370552003,nan,27,0.24025970001821406
7-scenes-redkitchen,35,6,point_to_plane,0.10367624977657156,3.667919430659973,0.4925639359408903,0.48286743417661043,0.3072512758027858,0.3072512758027858,0.046922807594724066,50,0.5534625000145752
7-scenes-redkitchen,35,6,point_to_point,0.10367624977657156,12.119592505704116,1.015095355576132,1.0930878680278766,0.2100796282399175,0.21002703259339173,nan,34,0.3322113000031095
7-scenes-redkitchen,36,6,point_to_plane,0.17936840813137261,2.588288603147933,0.09358898426157797,0.11014862182719282,0.34240600288592155,0.34240600288592155,0.03092869918993469,50,0.5179490000009537
7-scenes-redkitchen,36,6,point_to_point,0.17936840813137261,9.582642028702413,0.7276153667760676,0.8690797230328001,0.1976970875634712,0.19761165962082158,nan,27,0.2709551999869291
7-scenes-redkitchen,37,6,point_to_plane,0.26030478949672126,3.2000768858014896,0.09283111694172759,0.09512976299675582,0.2561083044677918,0.2561083044677918,0.03099949599639771,50,0.4806559999997262
7-scenes-redkitchen,37,6,point_to_point,0.26030478949672126,13.537196474791598,0.27374101587609345,0.518614760783254,0.21288273534780205,0.21280140521545118,nan,12,0.10808619999443181
7-scenes-redkitchen,38,6,point_to_plane,0.1876249057042061,6.560933862068372,0.20831981317111245,0.20404639365252256,0.18060594395834334,0.18060594395834334,0.03576225072385963,46,0.33365640000556596
7-scenes-redkitchen,38,6,point_to_point,0.1876249057042061,13.926373606402613,0.12294339768226369,0.3388940468684613,0.16703731171914077,0.16696047727186394,nan,43,0.3016001000069082
7-scenes-redkitchen,39,6,point_to_plane,0.22584286237607012,2.487727875221512,0.06721898559793275,0.066927759499925,0.14063370097780103,0.14063370097780103,0.020381508464224138,21,0.16379930000402965
7-scenes-redkitchen,39,6,point_to_point,0.22584286237607012,8.088547937432997,0.2055377514798172,0.21803298045317993,0.1443781334879518,0.1442905907656106,nan,42,0.31300749999354593
7-scenes-redkitchen,53,6,point_to_plane,0.1411730040584829,2.7891874702511705,0.14948486940814784,0.13536284570091922,0.12473992198145258,0.12473992198145258,0.036858182652715066,42,0.253327199985506
7-scenes-redkitchen,53,6,point_to_point,0.1411730040584829,10.409199955923798,0.3736069538749323,0.35396262725845945,0.12280148884293891,0.12286067559941305,nan,50,0.24104050002642907
7-scenes-redkitchen,54,6,point_to_plane,0.28451540733953873,2.3889940581119853,0.5508581731260215,0.5616302200645752,0.3082827157611367,0.3082827157611367,0.039705565989296566,50,0.5296269000100438
7-scenes-redkitchen,54,6,point_to_point,0.28451540733953873,13.030179604835448,0.9087827625875018,1.1118623473140548,0.2137653233971654,0.2137434499618844,nan,24,0.23258069998701103
7-scenes-redkitchen,59,6,point_to_plane,0.19870114490220672,16.599173633489315,0.6770406191494553,0.746547522680272,0.1870952755767835,0.1870952755767835,0.04640245637150675,50,0.3636079999851063
7-scenes-redkitchen,59,6,point_to_point,0.19870114490220672,17.53499033478195,0.6667633299180429,0.821963410579512,0.18646176729292954,0.18641385800300994,nan,39,0.23512850000406615
7-scenes-redkitchen,8,7,point_to_plane,0.14910319373959866,1.6570104180582548,0.03159477285543939,0.04095772563734795,0.20411271082335214,0.20411271082335214,0.02345533884524731,15,0.1221829000278376
7-scenes-redkitchen,8,7,point_to_point,0.14910319373959866,8.14780831769633,0.3973676916007909,0.7373268174623382,0.15732289040000577,0.15732550064931944,nan,47,0.41224659999716096
7-scenes-redkitchen,9,7,point_to_plane,0.22522545895773355,1.3036361369153426,0.06869825747681838,0.04113639109301915,0.14122586914434584,0.14122586914434584,0.028119371361569077,15,0.12613680001231842
7-scenes-redkitchen,9,7,point_to_point,0.22522545895773355,6.91382503002743,0.18523102881187425,0.22330082734340706,0.1443958824899102,0.14439086984340072,nan,42,0.3446872000058647
7-scenes-redkitchen,10,7,point_to_plane,0.32067052189527595,1.7738287064827616,0.14046538440975467,0.08789889192251002,0.1588639229239893,0.1588639229239893,0.02745666054285164,13,0.08833560001221485
7-scenes-redkitchen,10,7,point_to_point,0.32067052189527595,1.358936486520417,0.6133313968733606,0.6366143369953624,0.10698900866567279,0.10697082951253037,nan,35,0.24845810001716018
7-scenes-redkitchen,11,7,point_to_plane,0.382814302896465,1.572634809666752,0.14154914662997406,0.09914847635316622,0.23047075927142183,0.23047075927142183,0.026800054452858484,50,0.3243514000205323
7-scenes-redkitchen,11,7,point_to_point,0.382814302896465,9.123030409946567,0.4078178199654602,0.6649394866078542,0.1705349004794448,0.17053597890446212,nan,27,0.18775199999799952
7-scenes-redkitchen,15,7,point_to_plane,0.29767894516626,3.3210602676382703,0.07619997129735848,0.07651087897176918,0.12638747899795516,0.12638747899795516,0.024509852548212,13,0.07008269999641925
7-scenes-redkitchen,15,7,point_to_point,0.29767894516626,7.853293439927959,0.35361398324942644,0.3431778660010387,0.12862291431900358,0.1285916413370852,nan,50,0.2525655999779701
7-scenes-redkitchen,16,7,point_to_plane,0.17916796688574682,3.422822386223499,0.0615278079705826,0.1166442040949722,0.10146124672186567,0.10146124672186567,0.02552337754496734,16,0.10582290001912042
7-scenes-redkitchen,16,7,point_to_point,0.17916796688574682,8.477379592449964,0.15527627658067233,0.30829349785029,0.09989022418280989,0.09987424884039878,nan,41,0.24617870000656694
7-scenes-redkitchen,17,7,point_to_plane,0.29973954619206133,1.8701692485396526,0.07060319255108356,0.11216276763914293,0.2721299324960686,0.2721299324960686,0.0236864198658874,26,0.22571689999313094
7-scenes-redkitchen,17,7,point_to_point,0.29973954619206133,13.754414248332314,0.34249880113008707,0.7997941910088895,0.1992480295859914,0.19921819816174866,nan,41,0.3528894000046421
7-scenes-redkitchen,18,7,point_to_plane,0.2184856084867155,1.8007562447418755,0.05100943973612357,0.09250868625579024,0.17741695669914448,0.17741695669914448,0.025602120839947284,31,0.24438580000423826
7-scenes-redkitchen,18,7,point_to_point,0.2184856084867155,7.480970920443072,0.3145212869425129,0.5337930721706856,0.14776608498632168,0.14773055075637187,nan,34,0.2895952999824658
7-scenes-redkitchen,19,7,point_to_plane,0.24141492054998553,1.6573522998695527,0.02840574615671281,0.027480321754939974,0.06518811646380242,0.06518811646380242,0.021296393654535627,19,0.1272562999802176
7-scenes-redkitchen,19,7,point_to_point,0.24141492054998553,3.4995659630199816,0.13822601886908414,0.08229539116259293,0.07049418914754149,0.07046445157863114,nan,34,0.2010227999999188
7-scenes-redkitchen,20,7,point_to_plane,0.18122436610709858,2.4419490212673765,0.06436324804355506,0.050324496247617506,0.1249704692536405,0.1249704692536405,0.023334088611546174,10,0.07410019999952056
7-scenes-redkitchen,20,7,point_to_point,0.18122436610709858,7.801999424294314,0.21550602772889896,0.32917636363505215,0.1302466864620768,0.13021680407290737,nan,50,0.36622949998127297
7-scenes-redkitchen,21,7,point_to_plane,0.15311480325039453,2.171099349594212,0.05325128245841887,0.05840617198437884,0.3578690880474075,0.3578690880474075,0.026269309636866946,17,0.16635909999604337
7-scenes-redkitchen,21,7,point_to_point,0.15311480325039453,26.314044070281497,1.5222325338147933,0.9513205433085291,0.2237996780894447,0.22370197292476224,nan,44,0.39948250001179986
7-scenes-redkitchen,24,7,point_to_plane,0.3118532383196321,3.7846685769137123,0.07549671043157449,0.08784169088222221,0.31436695831994677,0.31436695831994677,0.036503833470358286,18,0.1671319000015501
7-scenes-redkitchen,24,7,point_to_point,0.3118532383196321,13.889884471768786,0.5431151274873559,0.9712210403352561,0.20043563425866903,0.2004285366687766,nan,50,0.4806226000073366
7-scenes-redkitchen,25,7,point_to_plane,0.3750115761816305,2.0674554007832375,0.08511874100041081,0.06337528438987121,0.16014847356025944,0.16014847356025944,0.030806527495417846,23,0.2244910999725107
7-scenes-redkitchen,25,7,point_to_point,0.3750115761816305,6.243046149043871,0.19755740347212622,0.26351460027549023,0.16762633757847392,0.16760230459231884,nan,43,0.4029902000038419
7-scenes-redkitchen,26,7,point_to_plane,0.22322730687262546,1.8135579354646614,0.1078011743981912,0.09415487584781164,0.22062946746123005,0.22062946746123005,0.03390768090778245,12,0.12152079999214038
7-scenes-redkitchen,26,7,point_to_point,0.22322730687262546,10.939130597010083,0.4825845340586563,0.6970986211585738,0.18989829510401976,0.18990036459477128,nan,50,0.47722780000185594
7-scenes-redkitchen,35,7,point_to_plane,0.25050647083834715,2.273214890032651,0.03239627057078645,0.06441572945325062,0.3717698944137423,0.3717698944137423,0.028849662582553618,28,0.31121089999214746
7-scenes-redkitchen,35,7,point_to_point,0.25050647083834715,13.194882278547935,0.7866640309393346,0.906371844526373,0.22161639307874437,0.22156554039643875,nan,30,0.3149853000068106
7-scenes-redkitchen,36,7,point_to_plane,0.17044105829966935,2.259619512958871,0.0388982602960895,0.0701580240403413,0.29755491983542565,0.29755491983542565,0.028387503424988858,22,0.2367798000050243
7-scenes-redkitchen,36,7,point_to_point,0.17044105829966935,10.82563822777879,0.5114585060950956,0.6988358995936492,0.2059990096891106,0.20592195505615377,nan,28,0.28922639999655075
7-scenes-redkitchen,37,7,point_to_plane,0.18916421537560402,2.6970254621990284,0.03602800286291169,0.05788782081603446,0.2543885721008932,0.2543885721008932,0.026993167686867093,16,0.16930179999326356
7-scenes-redkitchen,37,7,point_to_point,0.18916421537560402,13.741521138786311,0.1985939796464109,0.4303435734566327,0.21392150317869646,0.2138216717308574,nan,30,0.2752108999993652
7-scenes-redkitchen,38,7,point_to_plane,0.27492938525279875,3.9499178251321574,0.08277421666462302,0.08505186116282307,0.19520409734724045,0.19520409734724045,0.02832927541244184,11,0.09195309999631718
7-scenes-redkitchen,38,7,point_to_point,0.27492938525279875,14.157500338886019,0.3181079864047863,0.42443639594276844,0.17486302313108915,0.17479258590283192,nan,39,0.2856379000004381
7-scenes-redkitchen,39,7,point_to_plane,0.20805966878713322,2.6148376771756436,0.031198959695465482,0.06236654052815687,0.14052240709699895,0.14052240709699895,0.023005188692809472,22,0.1811438000004273
7-scenes-redkitchen,39,7,point_to_point,0.20805966878713322,9.807205152438181,0.458283480286178,0.2957367234306323,0.13707513891351622,0.1370117979694093,nan,44,0.3550616000138689
7-scenes-redkitchen,53,7,point_to_plane,0.4191827689354236,18.568956501531595,0.64812057834416,0.3549734903828838,0.14699050467836766,0.14699050467836766,0.051827703465634874,50,0.30260640001506545
7-scenes-redkitchen,53,7,point_to_point,0.4191827689354236,12.459997812746627,0.7837981325657081,0.7675772014520187,0.12149765589938939,0.12143715174301724,nan,50,0.24530099998810329
7-scenes-redkitchen,54,7,point_to_plane,0.28347440099392646,1.3429645720557641,0.03139781660897273,0.05076875871723431,0.40664069396050184,0.40664069396050184,0.02296112232921543,20,0.1999534000060521
7-scenes-redkitchen,54,7,point_to_point,0.28347440099392646,14.352700468723489,0.7360736517431423,0.9674825489629363,0.22382826294133595,0.22379127906245694,nan,50,0.5028091999993194
7-scenes-redkitchen,58,7,point_to_plane,0.22697503167613609,4.499003031344111,0.06945862307506412,0.10021275591533943,0.2420216829654989,0.2420216829654989,0.02790400778590895,20,0.16823650000151247
7-scenes-redkitchen,58,7,point_to_point,0.22697503167613609,19.200578646486143,0.5452325772977524,0.7017750448542744,0.1682349550557869,0.16821759607578954,nan,29,0.1745128000038676
7-scenes-redkitchen,59,7,point_to_plane,0.15465192500531338,5.601477910059998,0.08442853237261859,0.12489846754052565,0.2322985827175599,0.2322985827175599,0.025791766816624505,27,0.188455099996645
7-scenes-redkitchen,59,7,point_to_point,0.15465192500531338,18.47739020383039,0.4301274142951782,0.6309804391204453,0.18014743731669197,0.18010205677913652,nan,35,0.21764610000536777
7-scenes-redkitchen,9,8,point_to_plane,0.1709220684657746,1.193657122703514,0.05601854426858083,0.050775153215219145,0.08447993849109411,0.08447993849109411,0.017320815476767545,12,0.09705859998939559
7-scenes-redkitchen,9,8,point_to_point,0.1709220684657746,3.6034573328944957,0.32554323523882717,0.32565809175524096,0.08462938459478586,0.08461805263726424,nan,31,0.24398800000199117
7-scenes-redkitchen,16,8,point_to_plane,0.16099260850536926,1.7292556996775494,0.05328633658325926,0.05844538391003072,0.08677903085684835,0.08677903085684835,0.016623003163321663,10,0.0694597999972757
7-scenes-redkitchen,16,8,point_to_point,0.16099260850536926,2.2223991086207247,0.2611855799624864,0.2633179497836731,0.07399371195500977,0.0739824164014862,nan,39,0.23935010001878254
7-scenes-redkitchen,17,8,point_to_plane,0.1834771181488978,1.781277923516917,0.05877194816447423,0.044043930392216095,0.094069240542148,0.094069240542148,0.020387114035299286,9,0.07866480000666343
7-scenes-redkitchen,17,8,point_to_point,0.1834771181488978,6.756111152158267,0.14111041432587815,0.1858082708037545,0.10533566242029264,0.10530855222744989,nan,37,0.3035348000121303
7-scenes-redkitchen,18,8,point_to_plane,0.22664540532279834,1.5200745916974987,0.03795419480917184,0.02267491881488624,0.08944933958182909,0.08944933958182909,0.020845796366657413,50,0.4419427000102587
7-scenes-redkitchen,18,8,point_to_point,0.22664540532279834,5.516543152411856,0.1896280904911162,0.1545523287783815,0.09717768183308692,0.0971465487575434,nan,29,0.23911160000716336
7-scenes-redkitchen,19,8,point_to_plane,0.19043207327509395,3.3248507820890194,0.05594722384367944,0.07916859255783207,0.1614431188697564,0.1614431188697564,0.023219263805496555,12,0.0968496999994386
7-scenes-redkitchen,19,8,point_to_point,0.19043207327509395,2.968666525090226,0.7342854655018877,0.6854236196687241,0.09528844795001273,0.0952631616124897,nan,46,0.3414228000037838
7-scenes-redkitchen,20,8,point_to_plane,0.16044877471355526,1.9777124436012523,0.026339617677411272,0.04558652891643258,0.14855097162329767,0.14855097162329767,0.021125937662348507,11,0.09232070000143722
7-scenes-redkitchen,20,8,point_to_point,0.16044877471355526,12.374559294797724,0.5938571329532815,0.3480680317463067,0.14010721277369592,0.14009086490672232,nan,30,0.231182199990144
7-scenes-redkitchen,21,8,point_to_plane,0.1560527693323298,1.2059010120474627,0.013906433314250807,0.023403537783621666,0.18648603540656006,0.18648603540656006,0.0204216792679864,10,0.09464419999858364
7-scenes-redkitchen,21,8,point_to_point,0.1560527693323298,26.527009893953796,0.9270756878801001,0.6454187251080051,0.15190480778698834,0.15205839370459723,nan,50,0.47621110000181943
7-scenes-redkitchen,22,8,point_to_plane,0.26870393039922696,1.2210160575985414,0.03251640627022017,0.02700177082738272,0.2691770156456357,0.2691770156456357,0.02226784002540524,17,0.19460200000321493
7-scenes-redkitchen,22,8,point_to_point,0.26870393039922696,23.518076959114342,0.4215331338418139,1.0997222018206696,0.20514987942077823,0.20502480802972267,nan,50,0.5374277000082657
7-scenes-redkitchen,23,8,point_to_plane,0.1356217547893562,1.5200689727131764,0.0336451536789034,0.024673488887697444,0.2778707182656857,0.2778707182656857,0.02183426591678273,16,0.17504319999716245
7-scenes-redkitchen,23,8,point_to_point,0.1356217547893562,13.861469832214002,0.5643150243740782,1.1872566929578654,0.2114750866158583,0.2113574572688607,nan,50,0.5239980000187643
7-scenes-redkitchen,24,8,point_to_plane,0.16422504480014743,2.275258588252674,0.06100393475700259,0.038830180085584226,0.09218135336040277,0.09218135336040277,0.019053415162696413,14,0.12127260002307594
7-scenes-redkitchen,24,8,point_to_point,0.16422504480014743,11.1337409139438,0.3456288285664571,0.2020830846839139,0.10652988200775082,0.10650838549205403,nan,48,0.3984587000159081
7-scenes-redkitchen,25,8,point_to_plane,0.15489304726776762,1.905025666087509,0.04383485726366335,0.05928531420469481,0.17302598276203726,0.17302598276203726,0.01925399906258972,15,0.14253610000014305
7-scenes-redkitchen,25,8,point_to_point,0.15489304726776762,9.026811305145666,0.5366570376426959,0.5958489099165475,0.14985534004000414,0.1498384151287335,nan,49,0.49098279999452643
7-scenes-redkitchen,35,8,point_to_plane,0.09634143635380439,2.298972656019818,0.0839528643879775,0.05211974814630587,0.12096828691579858,0.12096828691579858,0.02618857196522398,10,0.1028468000004068
7-scenes-redkitchen,35,8,point_to_point,0.09634143635380439,11.462907706937267,0.08808771118068867,0.2360432323311915,0.13607042946120468,0.13603337042681082,nan,44,0.42379760000039823
7-scenes-redkitchen,36,8,point_to_plane,0.3492316570810307,2.1245086136348994,0.045774588066161775,0.03208715294114876,0.13868827834283134,0.13868827834283134,0.025780749500437853,14,0.1487589000025764
7-scenes-redkitchen,36,8,point_to_point,0.3492316570810307,6.144476513436781,0.18575477976045626,0.1952050583716319,0.14366801057131276,0.14360113049324624,nan,28,0.2809398999961559
7-scenes-redkitchen,37,8,point_to_plane,0.23445820530436115,2.4657281198855183,0.019020018308774166,0.03844526075906036,0.24375360957747705,0.24375360957747705,0.026653009789038593,19,0.18384189999778755
7-scenes-redkitchen,37,8,point_to_point,0.23445820530436115,11.054928232694126,0.6705633565401581,0.6360551441534564,0.1868830186790139,0.18677203095542416,nan,29,0.2884321000019554
7-scenes-redkitchen,39,8,point_to_plane,0.12676485610974994,2.5991981543529454,0.05633725181924934,0.043229330443965444,0.26415283059185346,0.26415283059185346,0.022529528260694404,17,0.15160079998895526
7-scenes-redkitchen,39,8,point_to_point,0.12676485610974994,6.173640289785119,0.9782582719980334,0.7766356367295314,0.1597146901532447,0.15963886732673319,nan,47,0.41901599999982864
7-scenes-redkitchen,54,8,point_to_plane,0.21926104810931318,1.5067614518655408,0.08127706807424818,0.06503137840379696,0.12019194142739044,0.12019194142739044,0.025287367404015597,12,0.11596279998775572
7-scenes-redkitchen,54,8,point_to_point,0.21926104810931318,8.64375249041273,0.13903262144166015,0.2264831766313684,0.13811816181700373,0.13810419326403545,nan,39,0.3678254999977071
7-scenes-redkitchen,59,8,point_to_plane,0.23384862936900955,2.3468957695372494,0.056471558992952094,0.04286710282899235,0.13957138612026004,0.13957138612026004,0.0181593944715015,16,0.10919779998948798
7-scenes-redkitchen,59,8,point_to_point,0.23384862936900955,10.323307859242153,0.3198178994046641,0.28407112333728457,0.13507429016379072,0.1350316226439644,nan,46,0.31586160001461394
7-scenes-redkitchen,10,9,point_to_plane,0.1780361057824362,1.057292667578037,0.04933746078485172,0.026042469749668996,0.2743653388962658,0.2743653388962658,0.010357103050103443,15,0.11698319998686202
7-scenes-redkitchen,10,9,point_to_point,0.1780361057824362,5.444724916872916,0.9962048029532397,1.0315046417099765,0.11071407460366467,0.1107401623324627,nan,50,0.41779470001347363
7-scenes-redkitchen,11,9,point_to_plane,0.1938182684105227,1.5676939310292097,0.08251377938797197,0.04797585439333664,0.37370890440103366,0.37370890440103366,0.012084210823697164,50,0.35469839998404495
7-scenes-redkitchen,11,9,point_to_point,0.1938182684105227,10.374259100368128,1.1732494964339013,1.1659571228671226,0.1380262779379223,0.1379828253567211,nan,50,0.4088062999944668
7-scenes-redkitchen,16,9,point_to_plane,0.22885740371427216,2.0718226650814944,0.0818488201135012,0.08469978406484528,0.04400785826101713,0.04400785826101713,0.01661869278261304,23,0.1499621999973897
7-scenes-redkitchen,16,9,point_to_point,0.22885740371427216,2.903049384659886,0.03468943376693095,0.05307692737270587,0.04634939698655745,0.04634156592219507,nan,42,0.2507597999938298
7-scenes-redkitchen,17,9,point_to_plane,0.3996331158752514,1.9110169265853107,0.1328921408919493,0.1634995625593543,0.14121845180345777,0.14121845180345777,0.02427863199843941,20,0.19371030002366751
7-scenes-redkitchen,17,9,point_to_point,0.3996331158752514,17.208220404904242,0.26583837422712614,0.5550614475529728,0.15072945780607105,0.1507078985506244,nan,45,0.4346752999990713
7-scenes-redkitchen,18,9,point_to_plane,0.18328116559388247,1.5309032079668325,0.060701025006029675,0.07942187923055134,0.073303679785021,0.073303679785021,0.01934311893005134,14,0.12563910000608303
7-scenes-redkitchen,18,9,point_to_point,0.18328116559388247,8.249891031421528,0.08247514219903024,0.25089901747742954,0.07985987347639342,0.07983194219854314,nan,50,0.428776899992954
7-scenes-redkitchen,19,9,point_to_plane,0.330795860035285,1.5179089602032891,0.02502838567842201,0.01819720101735893,0.07536923301222193,0.07536923301222193,0.014786559227601134,12,0.10255660000257194
7-scenes-redkitchen,19,9,point_to_point,0.330795860035285,3.2841227727153646,0.2569284080338252,0.24183441142380283,0.08163115937138368,0.0816091601464534,nan,50,0.3512417000019923
7-scenes-redkitchen,20,9,point_to_plane,0.27678893336065635,0.962952310506869,0.06055037665484261,0.06943674484828158,0.19416327379876747,0.19416327379876747,0.018474565150329882,12,0.10416270000860095
7-scenes-redkitchen,20,9,point_to_point,0.27678893336065635,16.536171898317257,0.4212564283271526,0.6399259498315502,0.20023463055673132,0.20024799889349895,nan,50,0.47022760001709685
7-scenes-redkitchen,21,9,point_to_plane,0.20130147096070336,1.418088978970063,0.09932758371452861,0.06543229958857921,0.3974773799907084,0.3974773799907084,0.020356572714605854,11,0.11694860001443885
7-scenes-redkitchen,21,9,point_to_point,0.20130147096070336,26.848317978778052,0.154038304908673,1.2971057877376087,0.2595658016155732,0.25979279581820863,nan,50,0.579204400011804
7-scenes-redkitchen,24,9,point_to_plane,0.38196741322058686,1.756552757763417,0.04934221944987521,0.03428519478057042,0.15806568700481977,0.15806568700481977,0.022696239890231198,28,0.24714749999111518
7-scenes-redkitchen,24,9,point_to_point,0.38196741322058686,11.6691689414292,0.45856205209982764,0.5831099384474072,0.14408849332566953,0.14406790786501233,nan,50,0.4602378999989014
7-scenes-redkitchen,25,9,point_to_plane,0.07596439350533196,2.145846299604812,0.03987021398418214,0.041019424706485424,0.12065355138832974,0.12065355138832974,0.019906460913113936,50,0.4357385999755934
7-scenes-redkitchen,25,9,point_to_point,0.07596439350533196,12.643525688604571,0.381881992852308,0.33578372851931315,0.11978069161997208,0.11976724306357664,nan,35,0.3241789999883622
7-scenes-redkitchen,26,9,point_to_plane,0.24594358449079293,2.5225195035013743,0.04331174121370362,0.0580449670739691,0.2820811954098663,0.2820811954098663,0.02339297681307301,15,0.148060900013661
7-scenes-redkitchen,26,9,point_to_point,0.24594358449079293,24.57990020036342,0.8785474734561141,1.120039754588502,0.14240710308975366,0.1425259373837755,nan,50,0.5143848999869078
7-scenes-redkitchen,35,9,point_to_plane,0.18918069579568558,2.1427372992967837,0.1521247426920168,0.16096417156487802,0.17513296923929247,0.17513296923929247,0.032166695734436514,32,0.3371421000047121
7-scenes-redkitchen,35,9,point_to_point,0.18918069579568558,12.420394886955563,0.4296917672143315,0.5688952913058248,0.1645051063859717,0.16447300282346647,nan,50,0.5417857999855187
7-scenes-redkitchen,36,9,point_to_plane,0.1185284796821446,2.3579979404357445,0.13129761042286758,0.14680071118340043,0.13046338482741762,0.13046338482741762,0.03237326846000952,28,0.27538179999100976
7-scenes-redkitchen,36,9,point_to_point,0.1185284796821446,11.986852688054789,0.1718734436772676,0.2693096440809962,0.13197216358454641,0.13192311162049,nan,42,0.4135846999997739
7-scenes-redkitchen,37,9,point_to_plane,0.17926815125809992,2.8941240273583166,0.08012756983037363,0.0793906331680598,0.1612488017630012,0.1612488017630012,0.026816227007493452,12,0.11766249997890554
7-scenes-redkitchen,37,9,point_to_point,0.17926815125809992,26.114334985847645,0.39988170250676625,0.5155560546807916,0.1532971376788971,0.15316475227458254,nan,50,0.4826805999909993
7-scenes-redkitchen,38,9,point_to_plane,0.22339271543619696,2.916484493810567,0.0365859833463493,0.054979537138782376,0.18043261401468416,0.18043261401468416,0.017044077376087485,10,0.07942029999685474
7-scenes-redkitchen,38,9,point_to_point,0.22339271543619696,8.979065258677352,0.5705067443919029,0.5371700317638597,0.16599136489103616,0.16590231186417403,nan,31,0.2612869000004139
7-scenes-redkitchen,39,9,point_to_plane,0.124640039406116,2.3348184187266217,0.061508840658728775,0.05127870217620516,0.15110230928283763,0.15110230928283763,0.01885565654172796,10,0.0910855999973137
7-scenes-redkitchen,39,9,point_to_point,0.124640039406116,5.4492220249222925,0.4110252314658708,0.25492936140366085,0.15168392061459032,0.1516067078149476,nan,29,0.2673590999911539
7-scenes-redkitchen,54,9,point_to_plane,0.19673387299550169,1.8737410918059572,0.15951898941782033,0.16678781568071285,0.18395136819155647,0.18395136819155647,0.030892647775756628,26,0.2586042000039015
7-scenes-redkitchen,54,9,point_to_point,0.19673387299550169,14.862900453201643,0.43693971752675925,0.6192092113916073,0.16196746610788385,0.1619592110466175,nan,50,0.5092078000016045
7-scenes-redkitchen,59,9,point_to_plane,0.2833713109706224,3.6737242613464764,0.1251490134075474,0.14058923231583098,0.13339304759761877,0.13339304759761877,0.02222838799206083,23,0.1605392000055872
7-scenes-redkitchen,59,9,point_to_point,0.2833713109706224,10.901075217434117,0.2085494936296389,0.23118450078812364,0.14470532409805245,0.14466201553425562,nan,29,0.19405369999003597
7-scenes-redkitchen,11,10,point_to_plane,0.283220280235121,0.5198180631554106,0.005249221311662952,0.012826836528623296,0.05054159048451462,0.05054159048451462,0.011289428088904197,10,0.0661264999944251
7-scenes-redkitchen,11,10,point_to_point,0.283220280235121,4.295130046509248,0.13436507601339337,0.08550631823178989,0.06446570475047235,0.0644666151202373,nan,37,0.21962540000095032
7-scenes-redkitchen,12,10,point_to_plane,0.18874440239638093,1.3834573291491816,0.027687469615070483,0.023916077483976006,0.15903014656563136,0.15903014656563136,0.017388608901104857,10,0.06811799999559298
7-scenes-redkitchen,12,10,point_to_point,0.18874440239638093,20.750580085380065,0.4208813652573076,0.45048458942139674,0.1508088274562112,0.1508066370740098,nan,50,0.3524743000161834
7-scenes-redkitchen,13,10,point_to_plane,0.17236711403894087,3.7158161981441653,0.06665990767744127,0.04609282643764112,0.17656678485699245,0.17656678485699245,0.023106708972009685,10,0.061647399998037145
7-scenes-redkitchen,13,10,point_to_point,0.17236711403894087,25.58590452164988,0.5710702327408803,0.487136276901518,0.148021047008499,0.14801376572148714,nan,46,0.2862128999840934
7-scenes-redkitchen,14,10,point_to_plane,0.2292061298237492,5.137034915662466,0.09862522882185218,0.05905603565825388,0.11131801120500254,0.11131801120500254,0.02158809529385689,13,0.07347109998227097
7-scenes-redkitchen,14,10,point_to_point,0.2292061298237492,13.237829713773213,0.24658859110878592,0.2530271962464087,0.11449379640225671,0.1144876760259301,nan,32,0.17259119998198003
7-scenes-redkitchen,15,10,point_to_plane,0.22756149766546796,2.485315285853364,0.07867291198383927,0.06073373061990378,0.0583394066123183,0.0583394066123183,0.017045713963374908,12,0.06427360000088811
7-scenes-redkitchen,15,10,point_to_point,0.22756149766546796,5.841299004512261,0.05296261277393984,0.1477174966543188,0.06263407182666478,0.06262901393891522,nan,34,0.15963849998661317
7-scenes-redkitchen,16,10,point_to_plane,0.31411155837481713,2.3820164596298987,0.16373312552075184,0.17593695947864116,0.23554225546661176,0.23554225546661176,0.024091920084648027,20,0.14080160000594333
7-scenes-redkitchen,16,10,point_to_point,0.31411155837481713,7.7488755291112446,0.830915239547733,0.9644043404063011,0.1152805517851238,0.11523489155626694,nan,50,0.33367740001995116
7-scenes-redkitchen,17,10,point_to_plane,0.154138264710219,1.7236155232875114,0.15777426127203642,0.16284295419755726,0.5701915207000156,0.5701915207000156,0.02217277305867946,9,0.09763760000350885
7-scenes-redkitchen,17,10,point_to_point,0.154138264710219,8.282851274011986,1.3954964924241628,1.5844015915749476,0.19326379390524323,0.19324804590594802,nan,48,0.4209244000085164
7-scenes-redkitchen,18,10,point_to_plane,0.2423329818299171,1.3499680552268127,0.1394252723534314,0.12075610460430788,0.4085889187658101,0.4085889187658101,0.020042591107142394,16,0.16964640002697706
7-scenes-redkitchen,18,10,point_to_point,0.2423329818299171,18.39136492355212,0.8814060009588816,1.3291361843185,0.17992202298695167,0.1798979026231059,nan,50,0.5117528000264429
7-scenes-redkitchen,19,10,point_to_plane,0.1804406835440252,1.4016768359820793,0.06856612802040465,0.06379557151151735,0.16647820695149365,0.16647820695149365,0.015807816367502673,10,0.0810631999920588
7-scenes-redkitchen,19,10,point_to_point,0.1804406835440252,5.961955357550306,0.42718416189499003,0.6158637108784337,0.1265585935080401,0.12649770634273463,nan,50,0.39304600001196377
7-scenes-redkitchen,20,10,point_to_plane,0.15050716231600886,1.5170185197332295,0.08499157022259618,0.11298611138697923,0.3753020313075797,0.3753020313075797,0.021261480801434935,50,0.40747549998923205
7-scenes-redkitchen,20,10,point_to_point,0.15050716231600886,17.482008215277272,0.7756174335857529,1.2670908815870205,0.19726841437876708,0.19725974852846626,nan,50,0.44527759999618866
7-scenes-redkitchen,25,10,point_to_plane,0.14040323761435322,1.8534041008818352,0.03487071269737933,0.05827137162110486,0.19711974847247052,0.19711974847247052,0.02637168239823642,32,0.3024769999901764
7-scenes-redkitchen,25,10,point_to_point,0.14040323761435322,8.582106550072371,0.6549782458123258,0.7322394667222637,0.13553755009744362,0.13552985379356566,nan,50,0.4435986999887973
7-scenes-redkitchen,26,10,point_to_plane,0.12113458323358642,1.7168815010207625,0.03063709390217059,0.041889886006886215,0.12578991757254693,0.12578991757254693,0.02118775773221801,50,0.45311999999103136
7-scenes-redkitchen,26,10,point_to_point,0.12113458323358642,8.162180347233273,0.17601380641938635,0.2573255315292529,0.12683972829812684,0.1267634773198223,nan,17,0.1541533999843523
7-scenes-redkitchen,27,10,point_to_plane,0.11169354295804247,4.477313724716153,0.15240110320836853,0.09116342555234255,0.397810317771841,0.397810317771841,0.026549867846214735,13,0.14912180000101216
7-scenes-redkitchen,27,10,point_to_point,0.11169354295804247,26.205613108593646,0.9626392862776786,1.1368876221051423,0.2493303767586569,0.24935822325257354,nan,50,0.5868807999941055
7-scenes-redkitchen,36,10,point_to_plane,0.1387347511167108,2.2167267417335363,0.1341737543217847,0.14104470972484004,0.48083118731203006,0.48083118731203006,0.025532973092580888,15,0.16319190000649542
7-scenes-redkitchen,36,10,point_to_point,0.1387347511167108,10.125735847084021,1.268404764791079,1.3772627730711648,0.190074645706853,0.19000226145699908,nan,50,0.5237925000255927
7-scenes-redkitchen,37,10,point_to_plane,0.1930387132502219,2.565533120315054,0.11304699047724531,0.11509409445952691,0.29210555073486744,0.29210555073486744,0.02685567264764508,14,0.14114240001072176
7-scenes-redkitchen,37,10,point_to_point,0.1930387132502219,14.471235615237157,0.5938911543182067,0.8799908502055959,0.19883580914871543,0.19875239806767436,nan,37,0.35157759999856353
7-scenes-redkitchen,38,10,point_to_plane,0.2223778818497634,4.042311449102636,0.12466584622355033,0.11842598320948902,0.1731456995772387,0.1731456995772387,0.025819759351395376,9,0.07064730001729913
7-scenes-redkitchen,38,10,point_to_point,0.2223778818497634,4.8755607010403805,0.24259022539257433,0.384793516375191,0.16117094477240693,0.16109225557374265,nan,40,0.27547120000235736
7-scenes-redkitchen,39,10,point_to_plane,0.17541695045985856,2.680375146750264,0.12612256734982194,0.119004611922069,0.19470032392232436,0.19470032392232436,0.023637441647645592,50,0.4144833999744151
7-scenes-redkitchen,39,10,point_to_point,0.17541695045985856,8.71221159267087,0.34077870272101923,0.49594825443554585,0.1855379922231853,0.18542285679602538,nan,47,0.40976450001471676
7-scenes-redkitchen,41,10,point_to_plane,0.2330557645482318,3.5738299773271183,0.1167912084088126,0.07127677142778406,0.5839592872536775,0.5839592872536775,0.022486077351198515,10,0.0968155000009574
7-scenes-redkitchen,41,10,point_to_point,0.2330557645482318,83.8224503334863,1.393262810503856,1.648026658868781,0.17543421442734933,0.17570685522260313,nan,50,0.47391880000941455
7-scenes-redkitchen,12,11,point_to_plane,0.27044359593858275,1.0558026572203556,0.015570355129572454,0.029983098349099978,0.08431469865667283,0.08431469865667283,0.017312281294806973,13,0.0826074999931734
7-scenes-redkitchen,12,11,point_to_point,0.27044359593858275,10.024544884663827,0.1528938064165678,0.2582620958422214,0.09657414778751795,0.09657215886665109,nan,46,0.28892950000590645
7-scenes-redkitchen,13,11,point_to_plane,0.22469254286266482,1.8655620366245542,0.041257851139258235,0.035452810439771255,0.09332103800314351,0.09332103800314351,0.020774930989046737,13,0.07352260002517141
7-scenes-redkitchen,13,11,point_to_point,0.22469254286266482,13.306976950039818,0.25534450603442127,0.2733826283570221,0.09936383211030271,0.09936315016010233,nan,38,0.2172038000135217
7-scenes-redkitchen,14,11,point_to_plane,0.13789348424885756,3.1299037623851653,0.056144974543284244,0.04262540867474628,0.0666320445548406,0.0666320445548406,0.01779376392210047,15,0.08041910000611097
7-scenes-redkitchen,14,11,point_to_point,0.13789348424885756,3.779294207770915,0.047226104425706794,0.07343033454144535,0.07026089403254727,0.06911358097209216,nan,5,0.02523769999970682
7-scenes-redkitchen,15,11,point_to_plane,0.20112861742514798,2.60766368198881,0.08263915476971281,0.0710313961667129,0.05447834614441064,0.05447834614441064,0.014542446355004101,9,0.05098159998306073
7-scenes-redkitchen,15,11,point_to_point,0.20112861742514798,4.641388784531614,0.1622563340246741,0.1880226614267556,0.05832542404325351,0.05831852089104902,nan,41,0.17990349998581223
7-scenes-redkitchen,18,11,point_to_plane,0.25282685399793325,1.5858761460361743,0.1356310690701783,0.10058909573541328,0.5249558146611086,0.5249558146611086,0.01866738405499101,12,0.11828280001645908
7-scenes-redkitchen,18,11,point_to_point,0.25282685399793325,9.648609661245553,1.1912902473429055,1.4950448018800482,0.1857433025731395,0.18571932210559508,nan,50,0.47779439997975715
7-scenes-redkitchen,19,11,point_to_plane,0.33662667978810007,1.2349124630424695,0.062148440178463604,0.050496513832126014,0.238860474539683,0.238860474539683,0.017056415279705053,12,0.09119269999791868
7-scenes-redkitchen,19,11,point_to_point,0.33662667978810007,2.8146914139677617,0.7465875912426388,0.825192423949289,0.12830849209902848,0.1282845807788814,nan,50,0.36985120002646
7-scenes-redkitchen,20,11,point_to_plane,0.2475139950261829,1.5964516973626692,0.12388496527431257,0.11500760841821413,0.4752995100818554,0.4752995100818554,0.0205013874788705,11,0.08997679999447428
7-scenes-redkitchen,20,11,point_to_point,0.2475139950261829,8.723025433382011,1.3193537360733019,1.4639792459873098,0.2015387038397211,0.20151321125195942,nan,50,0.3870366000046488
7-scenes-redkitchen,25,11,point_to_plane,0.12668833977925012,1.8399512771660345,0.0310137252870736,0.04361062952804538,0.2654994698277709,0.2654994698277709,0.02466778492918308,10,0.09712920000310987
7-scenes-redkitchen,25,11,point_to_point,0.12668833977925012,6.235442280016505,0.7317033974833493,0.8338997245092937,0.14004676032717894,0.14002826985711017,nan,31,0.27348830000846647
7-scenes-redkitchen,26,11,point_to_plane,0.1425926975687256,1.6637003089568254,0.017808774006694325,0.044213156584280086,0.12236801495689843,0.12236801495689843,0.02322317701597121,13,0.12068369999178685
7-scenes-redkitchen,26,11,point_to_point,0.1425926975687256,5.5641143228072965,0.1819692503155196,0.22884938869190813,0.12840774484605816,0.1283898055751243,nan,22,0.20188020000932738
7-scenes-redkitchen,27,11,point_to_plane,0.2160904620175334,3.9856956799106316,0.12952410630628072,0.08587272206723544,0.26937066680302624,0.26937066680302624,0.02714083805183085,15,0.15694970000186004
7-scenes-redkitchen,27,11,point_to_point,0.2160904620175334,30.978130937533965,0.7183762783673213,0.8253612958073064,0.20894699490339913,0.2089250424424901,nan,39,0.4227183999901172
7-scenes-redkitchen,28,11,point_to_plane,0.08025635118199434,5.444798180399055,0.17703517603767419,0.09317568865436622,0.34339216969558356,0.34339216969558356,0.027934113193493003,18,0.14016349997837096
7-scenes-redkitchen,28,11,point_to_point,0.08025635118199434,33.41429749504487,0.8626842935698324,0.9789142420712347,0.2360415966060047,0.23615325397752326,nan,50,0.43957059999229386
7-scenes-redkitchen,37,11,point_to_plane,0.18510026461220316,2.557372451344766,0.11678332059282387,0.1087038367396662,0.3575383992392783,0.3575383992392783,0.02189787863022172,11,0.10616149997804314
7-scenes-redkitchen,37,11,point_to_point,0.18510026461220316,19.95793762267842,1.031752391000163,1.141274010185391,0.20221332276190312,0.2020369866056484,nan,50,0.44852790000732057
7-scenes-redkitchen,38,11,point_to_plane,0.2128883412345808,3.1429981354150076,0.10722442445670893,0.09205866586407244,0.21830318040177193,0.21830318040177193,0.020609886023396518,13,0.08985540000139736
7-scenes-redkitchen,38,11,point_to_point,0.2128883412345808,2.934425347959255,0.6150205918531214,0.6343912193291893,0.15592181241168823,0.15580665044794584,nan,22,0.1356511999911163
7-scenes-redkitchen,39,11,point_to_plane,0.2156903683965258,2.614515247034733,0.12894128821094,0.10304774115452468,0.24896484443566735,0.24896484443566735,0.01872650603161565,50,0.3800691999786068
7-scenes-redkitchen,39,11,point_to_point,0.2156903683965258,11.185456010058969,0.8519930104899647,0.855575231874437,0.17947989365261424,0.17940262558759235,nan,46,0.36457289999816567
7-scenes-redkitchen,41,11,point_to_plane,0.182787885212047,8.3991607194299,0.2994752170169391,0.18924179169812394,0.46154157370536714,0.46154157370536714,0.03613692267121525,26,0.21609880001051351
7-scenes-redkitchen,41,11,point_to_point,0.182787885212047,73.9675101265868,1.0975096855420767,1.4161091933593462,0.18794173756330707,0.18796160789109503,nan,50,0.44026030000532046
7-scenes-redkitchen,13,12,point_to_plane,0.2917814578255936,0.9916293673041279,0.008047642961258468,0.014362749370289477,0.025043541580591997,0.025043541580591997,0.008471863093199897,14,0.07813900001929142
7-scenes-redkitchen,13,12,point_to_point,0.2917814578255936,0.8989633894198225,0.008511920822328801,0.023606167367551195,0.025083455965590626,0.025082459380128392,nan,28,0.12602600001264364
7-scenes-redkitchen,14,12,point_to_plane,0.2290452419562607,2.500970330386373,0.0415844864651242,0.03837669054252098,0.031856343745726566,0.031856343745726566,0.009617491446162524,10,0.05014520001714118
7-scenes-redkitchen,14,12,point_to_point,0.2290452419562607,3.3722463902268833,0.059178974120775156,0.06504096259430613,0.03436534537784714,0.03436133290860251,nan,32,0.13060720000066794
7-scenes-redkitchen,15,12,point_to_plane,0.27930633092187035,1.9951719995849542,0.0705439109254954,0.06946837724917769,0.18659278775058105,0.18659278775058105,0.012854147535916592,24,0.11815940000815317
7-scenes-redkitchen,15,12,point_to_point,0.27930633092187035,13.767769700204482,0.8368935476096538,0.657908979688606,0.14082300728347588,0.14088619506729352,nan,36,0.19214780000038445
7-scenes-redkitchen,19,12,point_to_plane,0.25655728055026966,2.5704550653588623,0.05084337181153633,0.08358617576674206,0.6066926711329904,0.6066926711329904,0.02342176747806395,19,0.16964310000184923
7-scenes-redkitchen,19,12,point_to_point,0.25655728055026966,18.98594347147721,1.8996492994338923,1.5832000864575797,0.1872479396784396,0.18721019104221234,nan,43,0.3771284999966156
7-scenes-redkitchen,26,12,point_to_plane,0.1539500576231589,1.9313983726260135,0.04605714393382214,0.037032859366719476,0.2806579713053339,0.2806579713053339,0.022625848515219857,10,0.08578020002460107
7-scenes-redkitchen,26,12,point_to_point,0.1539500576231589,7.094663702971041,0.7712653340871162,0.7245067502643904,0.16879482071594926,0.16878094926096493,nan,20,0.1714460999937728
7-scenes-redkitchen,27,12,point_to_plane,0.20998761103072355,3.04920381637911,0.09423843470688612,0.06692133333778143,0.1646724075078623,0.1646724075078623,0.02561631668649773,11,0.1081459000124596
7-scenes-redkitchen,27,12,point_to_point,0.20998761103072355,15.921218542035536,0.44174896047206436,0.43779779203131647,0.172701134894368,0.1726731516395295,nan,46,0.4589313000033144
7-scenes-redkitchen,28,12,point_to_plane,0.1414458725701504,3.113886821128489,0.10657491474173746,0.05177431732211824,0.19345762125904098,0.19345762125904098,0.020738341890242686,11,0.08981939998921007
7-scenes-redkitchen,28,12,point_to_point,0.1414458725701504,20.104380861346268,0.42005279623683284,0.5663451855441507,0.1817854598626021,0.18181113770617532,nan,50,0.429308899998432
7-scenes-redkitchen,29,12,point_to_plane,0.21756503154611503,2.626539053136037,0.0707926475078492,0.03457881854857494,0.16798670043347974,0.16798670043347974,0.018138578979116558,12,0.07236290001310408
7-scenes-redkitchen,29,12,point_to_point,0.21756503154611503,8.813941164116095,0.40396957598798555,0.4187654456466324,0.15900485263347197,0.1591187024180443,nan,13,0.08143329998711124
7-scenes-redkitchen,37,12,point_to_plane,0.16276493319048746,2.5592004214135056,0.07274645805105101,0.12391612739300807,0.6687357012153584,0.6687357012153584,0.018301649129704032,13,0.11311129998648539
7-scenes-redkitchen,37,12,point_to_point,0.16276493319048746,12.698065156198174,1.603089870458753,1.7780960890438537,0.279592523958413,0.2794683476868986,nan,50,0.5361535999982152
7-scenes-redkitchen,40,12,point_to_plane,0.2513112297599995,1.7312269341556263,0.0725756068875715,0.05416334570381311,0.34348012543148193,0.34348012543148193,0.016875440127419,13,0.11948940000729635
7-scenes-redkitchen,40,12,point_to_point,0.2513112297599995,47.33311049732439,0.8513537499620548,0.8959271198211791,0.2169120699555752,0.21700252612413987,nan,50,0.45576829998753965
7-scenes-redkitchen,41,12,point_to_plane,0.2360609345998228,1.4890983758720597,0.08472070741001166,0.03553033688433736,0.37254910790008244,0.37254910790008244,0.01478166528683827,50,0.42559679999249056
7-scenes-redkitchen,41,12,point_to_point,0.2360609345998228,53.64738246382536,0.3858720489382484,0.9899019928721602,0.18187719985443998,0.18191874196226654,nan,50,0.43628419999731705
7-scenes-redkitchen,42,12,point_to_plane,0.24019048276192506,2.605940403427742,0.10659760594502046,0.040116273605621575,0.26111972936144595,0.26111972936144595,0.01601591884044945,16,0.11212350000278093
7-scenes-redkitchen,42,12,point_to_point,0.24019048276192506,44.597472663453416,0.30162823876428124,0.9167311439655744,0.14872655038980778,0.14861462618243465,nan,50,0.360806800017599
7-scenes-redkitchen,43,12,point_to_plane,0.2224027902977355,2.855697419323397,0.10936492755753906,0.03780453139391734,0.21134134016724002,0.21134134016724002,0.015931477092404243,14,0.08602619997691363
7-scenes-redkitchen,43,12,point_to_point,0.2224027902977355,19.906861978674186,0.31868732032593494,0.3567909528100551,0.17220131391886537,0.17223183722338717,nan,43,0.24758419999852777
7-scenes-redkitchen,44,12,point_to_plane,0.23324714740706162,2.8625496269264983,0.10802529355282586,0.03576835804391924,0.15654750053455688,0.15654750053455688,0.017403445123792226,14,0.07171980000566691
7-scenes-redkitchen,44,12,point_to_point,0.23324714740706162,19.57830744385552,0.3875467756122018,0.29246216283502646,0.13945373673844413,0.13944994571395836,nan,50,0.2536268000258133
7-scenes-redkitchen,14,13,point_to_plane,0.044819747298912194,1.8845512621252847,0.03664241064727856,0.026917156232185588,0.060959110935276686,0.060959110935276686,0.009907290818848932,7,0.0336210000095889
7-scenes-redkitchen,14,13,point_to_point,0.044819747298912194,2.7735746236200836,0.06952132908012094,0.12409244638596205,0.07656242736483415,0.07652458612982681,nan,50,0.21333790000062436
7-scenes-redkitchen,15,13,point_to_plane,0.10059860031449325,2.706892051059582,0.11258009992073187,0.12049971502102197,0.3346645146898406,0.3346645146898406,0.024016879951635577,17,0.08732770002097823
7-scenes-redkitchen,15,13,point_to_point,0.10059860031449325,36.7298194024937,1.1153161562733716,1.165354392046787,0.18768840320711766,0.18767842591887965,nan,42,0.23260930000105873
7-scenes-redkitchen,26,13,point_to_plane,0.23852404781895217,2.2328293495083544,0.10033634818017989,0.059025593326857695,0.4682699601341395,0.4682699601341395,0.025218057298783746,10,0.09076920000370592
7-scenes-redkitchen,26,13,point_to_point,0.23852404781895217,27.21269702741943,1.0904232642039091,1.0708798537829045,0.20906903301752325,0.20909217570022817,nan,50,0.46112530000391416
7-scenes-redkitchen,27,13,point_to_plane,0.11462739711612203,2.8127176679875725,0.09716213512545752,0.05767320411007017,0.2122710015277197,0.2122710015277197,0.026134362407365955,14,0.1269600000232458
7-scenes-redkitchen,27,13,point_to_point,0.11462739711612203,22.76789856743847,0.3909489245948013,0.5528063151098925,0.22497825823900383,0.22493638663595555,nan,50,0.4715149000112433
7-scenes-redkitchen,28,13,point_to_plane,0.25292771032315753,3.4678959161537786,0.11352812153112063,0.05697414901391119,0.20651776517351608,0.20651776517351608,0.021740586388012274,13,0.09616290000849403
7-scenes-redkitchen,28,13,point_to_point,0.25292771032315753,18.344774303577818,0.25481115561293466,0.5132162688728519,0.19327033634232466,0.19324013283419375,nan,32,0.23690190000343136
7-scenes-redkitchen,29,13,point_to_plane,0.2019769059212211,3.1587409924959298,0.07294548487587371,0.04139311790796406,0.17577636924275603,0.17577636924275603,0.019052843822532407,12,0.06946630001766607
7-scenes-redkitchen,29,13,point_to_point,0.2019769059212211,24.533076681003557,0.42066795767669146,0.5763097241053011,0.16324034206649551,0.16328852430627674,nan,50,0.3064885000057984
7-scenes-redkitchen,30,13,point_to_plane,0.26379731292771247,2.9048252384318567,0.17774534242025652,0.20143193685176702,0.2301895397089929,0.2301895397089929,0.022924681042142004,50,0.2123872000083793
7-scenes-redkitchen,30,13,point_to_point,0.26379731292771247,19.641350106796335,0.9323447703884504,0.9247737463247696,0.13881886639679242,0.1387849169761885,nan,50,0.22157219998189248
7-scenes-redkitchen,40,13,point_to_plane,0.1813558828323957,2.019509528578495,0.08776251084238555,0.05820749985896288,0.3617709002676969,0.3617709002676969,0.016786579823680942,9,0.08856329999980517
7-scenes-redkitchen,40,13,point_to_point,0.1813558828323957,44.352895896172654,0.8403140288634743,0.8701444916281015,0.23275195835680765,0.23280924600887765,nan,42,0.3765343999839388
7-scenes-redkitchen,41,13,point_to_plane,0.2852144543610379,1.6514903551519169,0.07459526761460211,0.041644249136547185,0.3878634064405273,0.3878634064405273,0.016720052538015152,20,0.1887599999899976
7-scenes-redkitchen,41,13,point_to_point,0.2852144543610379,47.49409441760614,0.3111182930817327,0.9740315276642568,0.19635893263503687,0.1963959736213722,nan,35,0.3100914999959059
7-scenes-redkitchen,42,13,point_to_plane,0.257473326844527,2.0792268238079243,0.06616803046946067,0.04661384305070194,0.2812910774159814,0.2812910774159814,0.018208069957707927,12,0.08743479999247938
7-scenes-redkitchen,42,13,point_to_point,0.257473326844527,44.903034759644314,0.3359260009325214,0.9642559597139213,0.15354504523699264,0.15352071708311485,nan,50,0.35565939999651164
7-scenes-redkitchen,43,13,point_to_plane,0.201644875066495,2.824719250156211,0.08445628018773796,0.04463114265238796,0.23032809359285317,0.23032809359285317,0.018518226459663063,10,0.062183800007915124
7-scenes-redkitchen,43,13,point_to_point,0.201644875066495,17.31883418532762,0.23596657969915902,0.3993368271513705,0.19019454741356867,0.19020504478127956,nan,50,0.29703359998529777
7-scenes-redkitchen,44,13,point_to_plane,0.17351984568905263,3.4474085437630286,0.0993877735379798,0.04577725904125411,0.17685059977638107,0.17685059977638107,0.0207547474478973,50,0.23882950001279823
7-scenes-redkitchen,44,13,point_to_point,0.17351984568905263,19.30795593747272,0.36687692199493127,0.3108208705549352,0.15517461300552374,0.15518275995786185,nan,27,0.13160260001313873
7-scenes-redkitchen,45,13,point_to_plane,0.30134121809852277,2.5888062136509338,0.07400811172466921,0.035760536312715,0.16592714677908324,0.16592714677908324,0.0294189276403873,20,0.08810659998562187
7-scenes-redkitchen,45,13,point_to_point,0.30134121809852277,22.937026312296425,0.39578227723612047,0.30178794026091177,0.13703235046001078,0.13704311041155617,nan,39,0.17113480000989512
7-scenes-redkitchen,15,14,point_to_plane,0.19555415932818093,1.6903987370540294,0.03783546553477505,0.0361636747564937,0.19079555979595839,0.19079555979595839,0.01413581049552654,50,0.21063250000588596
7-scenes-redkitchen,15,14,point_to_point,0.19555415932818093,11.825220246206749,0.8940510714746666,0.5777929475510122,0.14576512118154125,0.14576266291686718,nan,29,0.13163829999393784
7-scenes-redkitchen,19,14,point_to_plane,0.18406822714909607,3.7279888760818025,0.1126294082067202,0.07945146635092161,0.62506245647557,0.62506245647557,0.023147499629966248,9,0.06392869999399409
7-scenes-redkitchen,19,14,point_to_point,0.18406822714909607,19.981628783010024,1.7701045834075226,1.4045984698708376,0.21592834812216236,0.21590564618332395,nan,33,0.2394440000061877
7-scenes-redkitchen,25,14,point_to_plane,0.17025995047132325,4.397587148908532,0.11811547699153811,0.10809036045058432,0.6055599904171326,0.6055599904171326,0.027073595277076257,14,0.11520030000247061
7-scenes-redkitchen,25,14,point_to_point,0.17025995047132325,8.112820018108184,1.42946466698566,1.3695843189965167,0.1977851324778894,0.19777010839908335,nan,30,0.2615885999985039
7-scenes-redkitchen,26,14,point_to_plane,0.24802852261714298,3.4822632138516205,0.055239941827379145,0.06627424064544009,0.2866915482838953,0.2866915482838953,0.024817479534815595,9,0.07670919998781756
7-scenes-redkitchen,26,14,point_to_point,0.24802852261714298,17.45388359288043,0.8224218063426001,0.7286912070575325,0.17367178909250763,0.17365245408687444,nan,39,0.32097599998814985
7-scenes-redkitchen,27,14,point_to_plane,0.17476618577782013,4.1654504962259455,0.08945792411178893,0.08259649547037914,0.23036649259495293,0.23036649259495293,0.025941596406213442,18,0.1581317000091076
7-scenes-redkitchen,27,14,point_to_point,0.17476618577782013,17.37290854761889,0.2751757041199034,0.5401079895972952,0.2191847053362968,0.219174825731431,nan,33,0.314087999984622
7-scenes-redkitchen,28,14,point_to_plane,0.16090319342589163,4.7032767422167945,0.13807821972557316,0.07847253816554496,0.28879834297326196,0.28879834297326196,0.02136920014750008,11,0.08297899999888614
7-scenes-redkitchen,28,14,point_to_point,0.16090319342589163,43.99467081371084,0.9689295266310209,1.0482332141509003,0.20752551546755518,0.2075196953755991,nan,50,0.4104269999952521
7-scenes-redkitchen,29,14,point_to_plane,0.21259699942001636,4.539090297193466,0.09585601023158834,0.0653634347582716,0.2685979922674893,0.2685979922674893,0.02379341657541153,15,0.08504549998906441
7-scenes-redkitchen,29,14,point_to_point,0.21259699942001636,52.52626308116201,0.7954307401321191,1.112323431582486,0.17048959619262957,0.17082588301182272,nan,50,0.32517870000447147
7-scenes-redkitchen,37,14,point_to_plane,0.19641078057766065,3.3277323022804524,0.04895108373387933,0.13553070698956554,0.652833872916842,0.652833872916842,0.02079779112457135,50,0.39357960000052117
7-scenes-redkitchen,37,14,point_to_point,0.19641078057766065,17.812070825061024,1.5760656334513208,1.5484963468902566,0.3035209330142301,0.30343849166890047,nan,30,0.2719661000010092
7-scenes-redkitchen,38,14,point_to_plane,0.20530493187659768,2.1963627323374793,0.047894906945366376,0.07596009473648206,0.5258382581596496,0.5258382581596496,0.015122326902419927,50,0.32927590000326745
7-scenes-redkitchen,38,14,point_to_point,0.20530493187659768,19.87499181373495,1.7037947392150834,1.185214375980615,0.28913721976796825,0.28903574024311207,nan,35,0.2460817999963183
7-scenes-redkitchen,39,14,point_to_plane,0.20504793813836994,4.908295444446281,0.07491492073820857,0.1407921296668563,0.5832337971725657,0.5832337971725657,0.020821946238821696,13,0.10781049999059178
7-scenes-redkitchen,39,14,point_to_point,0.20504793813836994,34.13925685971858,1.9580674838934118,1.554724106411139,0.27042621772660985,0.2702711479069262,nan,45,0.3807995000097435
7-scenes-redkitchen,40,14,point_to_plane,0.27927741720079324,2.20396374597807,0.08527271615902864,0.08434397726817958,0.44512080481663774,0.44512080481663774,0.021328261002641586,15,0.1341800000227522
7-scenes-redkitchen,40,14,point_to_point,0.27927741720079324,48.571151332108336,1.0775004348730266,1.0306341545296716,0.2552290990989212,0.25526796732046986,nan,40,0.3420938999915961
7-scenes-redkitchen,41,14,point_to_plane,0.24543998050949253,1.8691807263865223,0.06771195008893666,0.07884416574339331,0.4721650248093232,0.4721650248093232,0.022023419755153262,50,0.42483350000111386
7-scenes-redkitchen,41,14,point_to_point,0.24543998050949253,54.83670545146052,0.6607862334482117,1.109173268860372,0.23860080536425873,0.23861192020621433,nan,50,0.4471094000036828
7-scenes-redkitchen,42,14,point_to_plane,0.16969707389615468,2.1542095876156204,0.0635475496494603,0.08947742514342467,0.36235920727035076,0.36235920727035076,0.02397942458699972,50,0.3435421000176575
7-scenes-redkitchen,42,14,point_to_point,0.16969707389615468,46.57372305967733,0.5428212714080248,0.9854239609878371,0.17921813476272727,0.1792325170632458,nan,50,0.3511276000062935
7-scenes-redkitchen,59,14,point_to_plane,0.24018763374396218,2.701535112791217,0.12041673430715681,0.1592038320738533,0.9338813810252987,0.9338813810252987,0.011130073180086355,50,0.2860033999895677
7-scenes-redkitchen,59,14,point_to_point,0.24018763374396218,25.434241362728013,2.1474141982350257,2.0637963763074794,0.262185790204892,0.26216688684449657,nan,50,0.3196280999982264
7-scenes-redkitchen,16,15,point_to_plane,0.2576319239969142,1.442010552258319,0.05667688357807229,0.07024228544964264,0.301306140833837,0.301306140833837,0.014292996153473087,12,0.06417830000282265
7-scenes-redkitchen,16,15,point_to_point,0.2576319239969142,5.254654649040021,0.7486494079984293,0.894848019071435,0.14924718549593452,0.1492544307520713,nan,29,0.15983889999915846
7-scenes-redkitchen,17,15,point_to_plane,0.22957299730575786,2.0801335259784324,0.059453984452897395,0.0843173673964093,0.650687044582619,0.650687044582619,0.01814331109967419,15,0.1186306000163313
7-scenes-redkitchen,17,15,point_to_point,0.22957299730575786,12.198717114301624,1.1684412049052117,1.4627964925506736,0.23728733919161824,0.23728037748772432,nan,40,0.37563500000396743
7-scenes-redkitchen,18,15,point_to_plane,0.20730291021219657,2.4614559560051816,0.05294045730792876,0.06748179912850015,0.49064263125593094,0.49064263125593094,0.0217150711116606,50,0.3817644999944605
7-scenes-redkitchen,18,15,point_to_point,0.20730291021219657,15.849274875340928,0.828314723471872,1.1854734686158093,0.2320269759876469,0.23200837918341202,nan,50,0.4184425999992527
7-scenes-redkitchen,19,15,point_to_plane,0.2110774408805001,2.3611144638960457,0.04271110182490424,0.06750817339429999,0.23832543994321576,0.23832543994321576,0.024764695665998752,50,0.34366270000464283
7-scenes-redkitchen,19,15,point_to_point,0.2110774408805001,6.557876856532413,0.4205129735000777,0.5005363838192421,0.17993303130784424,0.17992177910352206,nan,36,0.25895620000665076
7-scenes-redkitchen,20,15,point_to_plane,0.17756978752487868,3.301035677594824,0.10756583807143888,0.08015496541465551,0.4979588389726626,0.4979588389726626,0.0287946593097074,13,0.10263729997677729
7-scenes-redkitchen,20,15,point_to_point,0.17756978752487868,16.77238707566304,0.6740135418135861,1.138827069920691,0.2856094447525946,0.2856129188950447,nan,40,0.33045590002438985
7-scenes-redkitchen,21,15,point_to_plane,0.1864967888208926,14.806972738331407,0.38773208295830763,0.38030223062029317,0.9758108773306928,0.9758108773306928,0.04168733388823398,50,0.528349200001685
7-scenes-redkitchen,21,15,point_to_point,0.1864967888208926,51.03074111216415,0.5723004641613302,2.076606963445001,0.24551702674710252,0.24593968931830543,nan,50,0.6175052000035066
7-scenes-redkitchen,25,15,point_to_plane,0.14138523371359746,2.682320371396277,0.14623400308944215,0.11189188257958214,0.23745433775361877,0.23745433775361877,0.030346157941840465,50,0.42336119999527
7-scenes-redkitchen,25,15,point_to_point,0.14138523371359746,3.324326617550017,0.44891781102663836,0.5387545767192912,0.1564348447363814,0.15643047263419527,nan,33,0.2512007000041194
7-scenes-redkitchen,26,15,point_to_plane,0.13807179975544162,1.5687372271339828,0.0875269050453171,0.09138428154848853,0.14740187792544615,0.14740187792544615,0.02770170673752452,50,0.3942555999965407
7-scenes-redkitchen,26,15,point_to_point,0.13807179975544162,6.880612265186176,0.10012827508757499,0.1926928314985705,0.15380832454188492,0.15380051057900268,nan,47,0.3616991000017151
7-scenes-redkitchen,27,15,point_to_plane,0.18263062345289352,3.3102622897198177,0.08497590904158207,0.06626143153254177,0.5112638600375444,0.5112638600375444,0.026309239061030738,14,0.14292199999908917
7-scenes-redkitchen,27,15,point_to_point,0.18263062345289352,13.951756357954345,0.9234597287420131,1.1774514985043136,0.2693530900185276,0.2693367299973356,nan,41,0.41174250000040047
7-scenes-redkitchen,36,15,point_to_plane,0.38367238220569416,2.606302868917981,0.06081432294254499,0.1009704856769729,0.5078995387892611,0.5078995387892611,0.019059614829508846,50,0.40503970001009293
7-scenes-redkitchen,36,15,point_to_point,0.38367238220569416,12.39741281558062,1.1031485832873373,1.2297274255182624,0.21357652768866933,0.21351981066640924,nan,38,0.3234978999826126
7-scenes-redkitchen,37,15,point_to_plane,0.15766271346614238,1.7970124381722252,0.06212189533568804,0.06729536831284877,0.2942872174537568,0.2942872174537568,0.014980891102046324,8,0.06041999999433756
7-scenes-redkitchen,37,15,point_to_point,0.15766271346614238,13.981943847816385,0.6944668659045663,0.8597264632267297,0.2324368313893543,0.23236564543216112,nan,38,0.2780602999846451
7-scenes-redkitchen,38,15,point_to_plane,0.13850389467353105,1.6360299029734708,0.06476180365178741,0.06520345062828875,0.21874631476314604,0.21874631476314604,0.014406904710066516,10,0.057749100000364706
7-scenes-redkitchen,38,15,point_to_point,0.13850389467353105,4.748026399055408,0.361470206987087,0.36518307256478094,0.20904508558501075,0.20897676239938245,nan,20,0.11794280001777224
7-scenes-redkitchen,39,15,point_to_plane,0.28391358675993894,2.6348069293793026,0.05761595185186089,0.0559278664526324,0.25809633602221627,0.25809633602221627,0.020032414041867473,14,0.10256349999690428
7-scenes-redkitchen,39,15,point_to_point,0.28391358675993894,7.664663804483358,0.558016565859107,0.45192224602987935,0.24472992688160658,0.24464716772942477,nan,28,0.20406450002337806
7-scenes-redkitchen,59,15,point_to_plane,0.1416563085602421,1.027398873351037,0.09501244615008492,0.10258351733434447,0.4691769647133004,0.4691769647133004,0.008430310182808256,5,0.028445600008126348
7-scenes-redkitchen,59,15,point_to_point,0.1416563085602421,15.348282784479403,1.1233471950558467,1.181330198802603,0.2140091586110826,0.21398311069182993,nan,23,0.12169999998877756
7-scenes-redkitchen,17,16,point_to_plane,0.1949989683133364,1.1915623770623005,0.01633299581567847,0.043627968124199744,0.17044857225030588,0.17044857225030588,0.017426859865908643,15,0.11873049999121577
7-scenes-redkitchen,17,16,point_to_point,0.1949989683133364,13.636299539678088,0.2209977141859802,0.4929240794225725,0.17407678689191455,0.17407192874964292,nan,50,0.4511042000085581
7-scenes-redkitchen,18,16,point_to_plane,0.16733272044184128,1.5748452589293147,0.06270437488091303,0.05016061651569757,0.10164270174919114,0.10164270174919114,0.02181376997048773,50,0.38205670000752434
7-scenes-redkitchen,18,16,point_to_point,0.16733272044184128,4.699381071454753,0.09303409289141461,0.1586319797140892,0.11108529259235381,0.11104769650175327,nan,18,0.140593699994497
7-scenes-redkitchen,19,16,point_to_plane,0.2161273637703206,0.992727561419003,0.11691068661486399,0.11521148778210752,0.1072294336816056,0.1072294336816056,0.02145451724310263,23,0.16634490000433289
7-scenes-redkitchen,19,16,point_to_point,0.2161273637703206,5.696181858332156,0.49500758745605045,0.4608782887134749,0.10020363987120294,0.1001974964740925,nan,44,0.2979676999966614
7-scenes-redkitchen,20,16,point_to_plane,0.38957425675716606,1.317452914399359,0.08851692287141784,0.08223685949770271,0.21163405337092922,0.21163405337092922,0.025122579694733582,11,0.09253690001787618
7-scenes-redkitchen,20,16,point_to_point,0.38957425675716606,8.260695477640478,0.5000690182128609,0.2595412061956438,0.2231567161444618,0.22316232575219033,nan,45,0.37140410000574775
7-scenes-redkitchen,21,16,point_to_plane,0.21338416280081762,2.4382539448381633,0.06873137955574508,0.07532482067559754,0.4509729153395018,0.4509729153395018,0.025455692566500994,29,0.26842819998273626
7-scenes-redkitchen,21,16,point_to_point,0.21338416280081762,52.64319385429986,1.3876968626942148,1.3952409082392276,0.21682615291702415,0.2168864933176475,nan,50,0.5145901000068989
7-scenes-redkitchen,22,16,point_to_plane,0.240938826181229,2.9328923037114896,0.09846743620421762,0.06397338459586464,0.5930056764718046,0.5930056764718046,0.03662047812824294,50,0.4594822999788448
7-scenes-redkitchen,22,16,point_to_point,0.240938826181229,42.25867968448458,0.4127870799159882,1.858066235619606,0.26415624360239964,0.26415824203299865,nan,50,0.5526508999755606
7-scenes-redkitchen,23,16,point_to_plane,0.3119898955288829,3.916441318791942,0.10965475436450889,0.09926268646435883,0.5346873017164195,0.5346873017164195,0.035117542733216565,50,0.42171239998424426
7-scenes-redkitchen,23,16,point_to_point,0.3119898955288829,34.03839299471337,0.577972797732065,1.7064248296503013,0.2528433677576647,0.2528604668317582,nan,50,0.5141073999984656
7-scenes-redkitchen,24,16,point_to_plane,0.39754946973911215,1.3371394564065957,0.12993981957372047,0.09709883251624496,0.17876695256738553,0.17876695256738553,0.026681382066155026,26,0.20778110000537708
7-scenes-redkitchen,24,16,point_to_point,0.39754946973911215,9.098654828851501,0.27707427451558614,0.5958935522715283,0.152702653702613,0.15268344696177794,nan,50,0.4178609999944456
7-scenes-redkitchen,25,16,point_to_plane,0.3537982931185055,1.248884422552374,0.13675854427539297,0.13805348444125243,0.12303793453477645,0.12303793453477645,0.024474864651440217,16,0.15117590001318604
7-scenes-redkitchen,25,16,point_to_point,0.3537982931185055,4.449661825557008,0.48101127963491597,0.46927106066429086,0.13471826680645904,0.13470042344432875,nan,50,0.42498630000045523
7-scenes-redkitchen,26,16,point_to_plane,0.1687145817887239,0.7840457772514199,0.14029043200154537,0.14931997938454827,0.25766684956828,0.25766684956828,0.02627273784500348,21,0.18343269999604672
7-scenes-redkitchen,26,16,point_to_point,0.1687145817887239,12.423055958991734,0.9443377359229451,1.108978023985352,0.16326426904762337,0.16328587077170292,nan,50,0.4708319999917876
7-scenes-redkitchen,35,16,point_to_plane,0.37179729131688455,2.2033381537413215,0.04263366213238955,0.07630671420742483,0.18921747881585707,0.18921747881585707,0.027092923340465782,50,0.43519150000065565
7-scenes-redkitchen,35,16,point_to_point,0.37179729131688455,4.5958987301036816,0.3572267348094251,0.4731319721782751,0.17417900890120286,0.1741232931427803,nan,50,0.454011600028025
7-scenes-redkitchen,36,16,point_to_plane,0.24160972994496774,1.7697905693730678,0.0665695378656873,0.09240741841227057,0.13322867551522014,0.13322867551522014,0.025415303304733922,19,0.16619650000939146
7-scenes-redkitchen,36,16,point_to_point,0.24160972994496774,7.5816533455314,0.15869352095912576,0.22803005143904798,0.13362791384919467,0.1335906540836675,nan,20,0.17290679999860004
7-scenes-redkitchen,37,16,point_to_plane,0.2287513366284183,1.5205824324595132,0.02515399278320586,0.029762815933438127,0.13603337626291812,0.13603337626291812,0.021652185828400655,15,0.12388080000528134
7-scenes-redkitchen,37,16,point_to_point,0.2287513366284183,5.435728891784716,0.22668102897760334,0.18288598538873949,0.1383298019664737,0.1382846224367173,nan,36,0.28330859998823144
7-scenes-redkitchen,38,16,point_to_plane,0.2993780649150618,1.6821744116465174,0.01725249439438008,0.021368187674300456,0.1555432664325628,0.1555432664325628,0.013937650703325595,13,0.08290259999921545
7-scenes-redkitchen,38,16,point_to_point,0.2993780649150618,6.91911701322968,0.43522583460712017,0.4092886448071975,0.14474706229604042,0.144689764771541,nan,37,0.2371972000109963
7-scenes-redkitchen,39,16,point_to_plane,0.15624038230510182,1.6886773867728337,0.05132394315893761,0.05324957578333318,0.15472308635416754,0.15472308635416754,0.01818014947836937,14,0.11194229999091476
7-scenes-redkitchen,39,16,point_to_point,0.15624038230510182,6.816888493410366,0.5014302110704048,0.385713399436902,0.15824142161418076,0.15818227954800576,nan,37,0.29264460000558756
7-scenes-redkitchen,53,16,point_to_plane,0.14612021438111608,4.927417628486233,0.08582298225701257,0.07346579592962955,0.06594120080288707,0.06594120080288707,0.024223280778960996,12,0.05477970000356436
7-scenes-redkitchen,53,16,point_to_point,0.14612021438111608,4.253601264412326,0.16184081515304946,0.14923657261368745,0.0692011887375209,0.06919245426704908,nan,50,0.20346319998498075
7-scenes-redkitchen,54,16,point_to_plane,0.1940180016631446,1.297374602892281,0.06515833008581419,0.09043698346291003,0.18925060262742724,0.18925060262742724,0.025549193842976436,13,0.11720760000753216
7-scenes-redkitchen,54,16,point_to_point,0.1940180016631446,10.599097022247028,0.27170114793298195,0.4488328598437146,0.16376600831682356,0.1637768354818932,nan,10,0.08869699999922886
7-scenes-redkitchen,55,16,point_to_plane,0.0942106907480528,1.0751195002139635,0.09197843846413459,0.1081510706096279,0.21768736251618984,0.21768736251618984,0.030370335858830328,10,0.11073949999990873
7-scenes-redkitchen,55,16,point_to_point,0.0942106907480528,9.148194600856002,0.8206004153543701,0.7157604844793812,0.1686956529975889,0.16869473295835372,nan,40,0.3152628999960143
7-scenes-redkitchen,56,16,point_to_plane,0.20615286623184154,2.5827986650765333,0.1328235986380885,0.1272876826979805,0.1927764171281876,0.1927764171281876,0.035212421477835064,15,0.1418314000184182
7-scenes-redkitchen,56,16,point_to_point,0.20615286623184154,11.526675423610095,0.8825253364163779,0.6040671851858457,0.14772149460972536,0.14772328015680247,nan,44,0.28952030002255924
7-scenes-redkitchen,58,16,point_to_plane,0.16782894217738936,1.5497504951673964,0.06050909471907051,0.05965321790944566,0.15549170231945794,0.15549170231945794,0.020898800133262705,19,0.10392959997989237
7-scenes-redkitchen,58,16,point_to_point,0.16782894217738936,2.5105821522603824,0.6121531545392052,0.5554291953289574,0.1365302208852743,0.1365217589780175,nan,36,0.18144750001374632
7-scenes-redkitchen,59,16,point_to_plane,0.27447888756510497,1.561226020211842,0.07140141792159937,0.08885210574824934,0.12894137593632482,0.12894137593632482,0.017367349210080894,14,0.08322089997818694
7-scenes-redkitchen,59,16,point_to_point,0.27447888756510497,7.792797496827577,0.1858167340349391,0.28583271742216276,0.15175434307453173,0.15173730496195292,nan,32,0.18824699998367578
7-scenes-redkitchen,18,17,point_to_plane,0.24029241819611386,0.4447904135332133,0.03815355743736938,0.04307472858188083,0.050185063703939055,0.050185063703939055,0.015657362721361437,11,0.0945038000063505
7-scenes-redkitchen,18,17,point_to_point,0.24029241819611386,1.7526124122330042,0.1046224959564755,0.14621090068423728,0.05308747748389255,0.053086262780889126,nan,34,0.2671973999822512
7-scenes-redkitchen,19,17,point_to_plane,0.34544428359894314,0.9066459437267397,0.13835895385273067,0.15262283745464544,0.1175872871497485,0.1175872871497485,0.02148262595704317,17,0.13611570000648499
7-scenes-redkitchen,19,17,point_to_point,0.34544428359894314,2.9380671137176333,0.5443026572475842,0.5708986864163359,0.10033533441722826,0.1003399368077753,nan,41,0.30333619998418726
7-scenes-redkitchen,20,17,point_to_plane,0.18719516263661726,1.3149200308332378,0.03682510411714125,0.05062001292076463,0.17840327052675428,0.17840327052675428,0.022591926051315485,12,0.10569450000184588
7-scenes-redkitchen,20,17,point_to_point,0.18719516263661726,8.761522615941878,0.3240787637195227,0.2791768277899137,0.19204327967468146,0.1920522944098682,nan,29,0.23860310000600293
7-scenes-redkitchen,21,17,point_to_plane,0.24701561100075234,2.598520281140395,0.1316482828989675,0.059105054622067964,0.23136925669758032,0.23136925669758032,0.0255711765837454,16,0.15866480002296157
7-scenes-redkitchen,21,17,point_to_point,0.24701561100075234,18.112025976905752,0.46297587887812275,0.5649255189361975,0.197388508970159,0.19739105158409898,nan,50,0.5102772999962326
7-scenes-redkitchen,22,17,point_to_plane,0.4176118642580363,2.54049261032283,0.14098218424103268,0.07090310878895223,0.28867349787554236,0.28867349787554236,0.026132000559273415,17,0.17553969999426045
7-scenes-redkitchen,22,17,point_to_point,0.4176118642580363,35.1082766211644,0.6505509722349201,1.0256527421308057,0.21852506656712156,0.21880833327064553,nan,50,0.5996119999908842
7-scenes-redkitchen,23,17,point_to_plane,0.19359889377741019,2.855534280963008,0.12251767779479654,0.0642374818014732,0.2680438203149074,0.2680438203149074,0.027513169554362657,14,0.14749999999185093
7-scenes-redkitchen,23,17,point_to_point,0.19359889377741019,28.472135373110966,0.30159758562442196,0.9402619392244541,0.22500609764751445,0.22499323531721424,nan,50,0.5586942999798339
7-scenes-redkitchen,24,17,point_to_plane,0.2777771322421274,2.093250447868342,0.05182514817908449,0.0538072590575242,0.07526763156721897,0.07526763156721897,0.026529634209884988,15,0.13373060000594705
7-scenes-redkitchen,24,17,point_to_point,0.2777771322421274,6.578276140799938,0.11622535175701498,0.14494220905709498,0.08138561733072851,0.08139215866830131,nan,50,0.3970586999785155
7-scenes-redkitchen,25,17,point_to_plane,0.07476611842763387,1.6263483305670614,0.14862213003243593,0.19779547555974575,0.1415215249369335,0.1415215249369335,0.027932280630444943,18,0.16203199999290518
7-scenes-redkitchen,25,17,point_to_point,0.07476611842763387,8.665981131109431,0.6861803158923909,0.6885032144637824,0.13617730988495697,0.13618846265862541,nan,50,0.4520394999999553
7-scenes-redkitchen,35,17,point_to_plane,0.13533107318334137,1.8484793720575834,0.06481225604699746,0.03445654766581237,0.09271996141741093,0.09271996141741093,0.021271652753672224,8,0.08113889998639934
7-scenes-redkitchen,35,17,point_to_point,0.13533107318334137,8.925322655971469,0.09752946381281787,0.1913604052916126,0.1065451725103024,0.10652887832483898,nan,40,0.3645745999820065
7-scenes-redkitchen,36,17,point_to_plane,0.25371922007537856,1.6426954856967517,0.03383211566154122,0.022593058747426842,0.09754518779533271,0.09754518779533271,0.023468533802229113,11,0.10675230002379976
7-scenes-redkitchen,36,17,point_to_point,0.25371922007537856,7.3131334421264445,0.09627287773135265,0.16725744803917386,0.10969192497083886,0.10966323264887323,nan,36,0.3339356000069529
7-scenes-redkitchen,37,17,point_to_plane,0.19900192432622604,1.8725098984213662,0.02344053347184295,0.05344670812003891,0.15293908148496724,0.15293908148496724,0.021637525757968488,16,0.14060990000143647
7-scenes-redkitchen,37,17,point_to_point,0.19900192432622604,7.332739089384062,0.3396895131485488,0.4560969776281072,0.13814668137471217,0.1381106863196495,nan,36,0.324925599998096
7-scenes-redkitchen,38,17,point_to_plane,0.3153069535391673,2.2368972389739015,0.032637223145401476,0.06010669750743063,0.21298093570675844,0.21298093570675844,0.015654365257584207,15,0.10889979999046773
7-scenes-redkitchen,38,17,point_to_point,0.3153069535391673,7.594708452161315,0.5989413976477213,0.6341373331265433,0.16705550572765254,0.16700938246150815,nan,50,0.37597910000476986
7-scenes-redkitchen,39,17,point_to_plane,0.16481215011588593,1.7951386758786223,0.056185167389853005,0.08171597171349687,0.18133493447574356,0.18133493447574356,0.01763042852765488,50,0.40999710001051426
7-scenes-redkitchen,39,17,point_to_point,0.16481215011588593,6.522591779760985,0.5692016653637691,0.5381239847767191,0.16248561824569363,0.16240160773610057,nan,50,0.4488893000234384
7-scenes-redkitchen,53,17,point_to_plane,0.2211302703401317,2.6323731667482533,0.09563890506292712,0.09052451742032103,0.05772075736035892,0.05772075736035892,0.02051950846749812,50,0.2556234000076074
7-scenes-redkitchen,53,17,point_to_point,0.2211302703401317,1.2146543659351725,0.15513144645971125,0.1505612120612614,0.06211186402361304,0.06209510636286348,nan,37,0.176627799984999
7-scenes-redkitchen,54,17,point_to_plane,0.24496985872632,0.5586836188633291,0.05700118930123182,0.04473332488548421,0.07496323067428373,0.07496323067428373,0.020386877875514225,50,0.4255367000005208
7-scenes-redkitchen,54,17,point_to_point,0.24496985872632,6.041930881320044,0.05518106285827616,0.1365203809632559,0.08843186318231974,0.08843432935700225,nan,28,0.24496969999745488
7-scenes-redkitchen,55,17,point_to_plane,0.21439604336982923,1.7212234026714717,0.0789144477717315,0.06131363086850308,0.09130164070557888,0.09130164070557888,0.02242104189014087,9,0.07807420002063736
7-scenes-redkitchen,55,17,point_to_point,0.21439604336982923,4.848657538506825,0.10931402212755502,0.1634799070782077,0.09831757124252344,0.09832117022817352,nan,38,0.2968237000168301
7-scenes-redkitchen,58,17,point_to_plane,0.15143398766302762,2.377834940413321,0.08210802772910336,0.06771395461324115,0.07410406206208027,0.07410406206208027,0.022952575584369733,9,0.057778699992923066
7-scenes-redkitchen,58,17,point_to_point,0.15143398766302762,2.401557370138702,0.1060548386056754,0.11448019355235062,0.07872224749750742,0.0787207602767055,nan,24,0.1276330999971833
7-scenes-redkitchen,59,17,point_to_plane,0.11403187247771741,2.1878193925722287,0.03503788374498442,0.044516811661449614,0.07422838527812117,0.07422838527812117,0.015150384023161965,8,0.05017860000953078
7-scenes-redkitchen,59,17,point_to_point,0.11403187247771741,4.24669419149326,0.08742847809008177,0.14887151399647577,0.08467665670333854,0.0846708149536978,nan,29,0.16986509997514077
7-scenes-redkitchen,19,18,point_to_plane,0.24378721199204928,0.36897856334640405,0.061166700255315225,0.055359331196945874,0.06038618211319459,0.06038618211319459,0.013919096105826305,14,0.10542290000012144
7-scenes-redkitchen,19,18,point_to_point,0.24378721199204928,2.3235885485619807,0.21665993322289037,0.17889833508896624,0.06847295572683676,0.06846436532588952,nan,49,0.3329933999921195
7-scenes-redkitchen,20,18,point_to_plane,0.19718807290621823,0.0,0.040747684753541846,0.03434373670081233,0.193727203377878,0.193727203377878,0.017521959114280998,18,0.1539383000053931
7-scenes-redkitchen,20,18,point_to_point,0.19718807290621823,6.312361603792522,0.44215118990744995,0.5142666863470078,0.21822294266952202,0.2182369640653998,nan,45,0.4142178999900352
7-scenes-redkitchen,21,18,point_to_plane,0.2971889584732661,1.722633201046703,0.1341216274469761,0.07306144313448189,0.37684258506100066,0.37684258506100066,0.022045615545646203,21,0.2290938000078313
7-scenes-redkitchen,21,18,point_to_point,0.2971889584732661,45.83696551175744,1.0870396972573846,1.2755899250203808,0.2205926419716207,0.22101100696945805,nan,50,0.5813567000150215
7-scenes-redkitchen,22,18,point_to_plane,0.23455615731961188,4.367706995650564,0.292062880412731,0.14458022019111172,0.4732312890548623,0.4732312890548623,0.02897694474117915,15,0.16237269999692217
7-scenes-redkitchen,22,18,point_to_point,0.23455615731961188,53.77352163833765,0.9970616105923605,1.5653052273800627,0.2321345389097584,0.23230128417837848,nan,50,0.5821880000003148
7-scenes-redkitchen,23,18,point_to_plane,0.19827317178311266,5.294325275805943,0.3055313822321762,0.13753614690605206,0.437887714333659,0.437887714333659,0.029866155558004884,11,0.12330279999878258
7-scenes-redkitchen,23,18,point_to_point,0.19827317178311266,43.15619432398706,0.7877082559884933,1.3110510120165189,0.25713376680022604,0.2571333741182252,nan,50,0.5915684000065085
7-scenes-redkitchen,24,18,point_to_plane,0.08411218059711438,1.962125222302248,0.07716838502055309,0.04912441902569158,0.11830304815636217,0.11830304815636217,0.02544423716497285,12,0.11241299999528565
7-scenes-redkitchen,24,18,point_to_point,0.08411218059711438,11.535344284912371,0.3206238255366704,0.24821693771315484,0.1259422168289886,0.12593301611951177,nan,50,0.44355120000545867
7-scenes-redkitchen,25,18,point_to_plane,0.24067069666707186,1.7182787578849281,0.1010781095965974,0.10384015446108621,0.12834702184169694,0.12834702184169694,0.019597723244015753,23,0.2221158999891486
7-scenes-redkitchen,25,18,point_to_point,0.24067069666707186,12.3596531902694,0.42299735530255095,0.33476733253242336,0.1274677858916873,0.12746412769913928,nan,40,0.38217430000077
7-scenes-redkitchen,26,18,point_to_plane,0.21237794725148712,0.5411407104806202,0.1041914461696641,0.11107425982479444,0.24023540852493613,0.24023540852493613,0.02263211411817273,46,0.43345700000645593
7-scenes-redkitchen,26,18,point_to_point,0.21237794725148712,19.576000790938213,0.8288533829539811,1.0189386892463004,0.16050668323030967,0.16053403226650487,nan,50,0.5186908000032417
7-scenes-redkitchen,35,18,point_to_plane,0.21285084167743354,2.082120640448015,0.10872539475441381,0.07449857839290447,0.14931099883412519,0.14931099883412519,0.02417615502403226,14,0.15569739998318255
7-scenes-redkitchen,35,18,point_to_point,0.21285084167743354,11.82461984253474,0.10918348569350818,0.3254340942306173,0.1486883817329935,0.14866932296496746,nan,30,0.32296690001385286
7-scenes-redkitchen,36,18,point_to_plane,0.18885155368640133,2.498784697485783,0.07903936605267418,0.058651575575769756,0.1056150017458864,0.1056150017458864,0.02220624478599695,12,0.13085699998191558
7-scenes-redkitchen,36,18,point_to_point,0.18885155368640133,7.397536691759192,0.0874469416542932,0.21714959929388133,0.113105342728882,0.1130909241283497,nan,35,0.360522500006482
7-scenes-redkitchen,37,18,point_to_plane,0.22319234922105227,2.055093756205781,0.027372216440810657,0.037851750924763644,0.12464377449421801,0.12464377449421801,0.017713864085140082,50,0.45550769998226315
7-scenes-redkitchen,37,18,point_to_point,0.22319234922105227,10.353523856109188,0.24990854409548585,0.2729256525340473,0.12365223050480911,0.1236278172208435,nan,48,0.4582548000034876
7-scenes-redkitchen,38,18,point_to_plane,0.20111801805301377,1.9822557204966582,0.050769004326735256,0.081151250799307,0.14369273982642627,0.14369273982642627,0.016760204988405344,11,0.08230660000117496
7-scenes-redkitchen,38,18,point_to_point,0.20111801805301377,7.421834648756159,0.4055356258185137,0.35980667779363223,0.14613932992808326,0.1461042025791338,nan,50,0.3672400000214111
7-scenes-redkitchen,39,18,point_to_plane,0.2848527476008771,1.7465335137299185,0.018361740953333483,0.026575114911273963,0.12427561527590661,0.12427561527590661,0.01572114921732639,19,0.16356300000916235
7-scenes-redkitchen,39,18,point_to_point,0.2848527476008771,6.134342833488957,0.3788264933688927,0.216100720647472,0.13473797827768685,0.13467368615890252,nan,35,0.29604919999837875
7-scenes-redkitchen,54,18,point_to_plane,0.16780750978236106,0.8239085495987715,0.10263118141837001,0.08657211636956273,0.11906363397139055,0.11906363397139055,0.021963925199094566,50,0.4837136999994982
7-scenes-redkitchen,54,18,point_to_point,0.16780750978236106,8.220529952347903,0.1533595766801751,0.24319700872894798,0.12653345950591385,0.12653791280724913,nan,37,0.3746075000090059
7-scenes-redkitchen,59,18,point_to_plane,0.2825549216415763,1.7446640885326932,0.07312855238837704,0.07595317950234569,0.08803470391758585,0.08803470391758585,0.015291898573677383,10,0.06944799999473616
7-scenes-redkitchen,59,18,point_to_point,0.2825549216415763,7.208298236533999,0.11094580927684224,0.17104304551832342,0.09376972277098046,0.09376634287394678,nan,31,0.20479999997769482
7-scenes-redkitchen,20,19,point_to_plane,0.17341971120995353,0.0,0.07195048161468469,0.07602547723745681,0.1863088308672468,0.1863088308672468,0.01875390073458621,11,0.08791360000032
7-scenes-redkitchen,20,19,point_to_point,0.17341971120995353,5.283982293585929,0.6579589512771187,0.7977803576004409,0.14097791618208455,0.140983510327842,nan,50,0.4025049000047147
7-scenes-redkitchen,21,19,point_to_plane,0.17911801089890478,1.1338812714144133,0.11153757613224194,0.06260100002599907,0.5278038856085441,0.5278038856085441,0.024267370959159595,10,0.1023542000039015
7-scenes-redkitchen,21,19,point_to_point,0.17911801089890478,19.990299909389375,0.8562302616862034,1.6303707280070654,0.22131968072976357,0.22133381004411207,nan,43,0.4364079000079073
7-scenes-redkitchen,24,19,point_to_plane,0.1913328805085622,1.0873160580626973,0.03245035934030772,0.03899703252333719,0.3054677798449774,0.3054677798449774,0.03163795826636998,30,0.279969399998663
7-scenes-redkitchen,24,19,point_to_point,0.1913328805085622,17.153541444347457,0.7566007531829468,1.1104497012135135,0.18094040434250344,0.18119452343605477,nan,50,0.4749959000037052
7-scenes-redkitchen,25,19,point_to_plane,0.19676681607826188,0.424854869573512,0.0745392217972139,0.06670453125681079,0.15728866088140322,0.15728866088140322,0.027389010998101895,12,0.12066220000269823
7-scenes-redkitchen,25,19,point_to_point,0.19676681607826188,10.516448390718383,0.20556228820740824,0.31166522260396806,0.15206694188997047,0.15205608497515605,nan,19,0.17971269998815842
7-scenes-redkitchen,26,19,point_to_plane,0.18073777169336053,1.125639780321751,0.08018942083899548,0.10116622005540288,0.18706549227190203,0.18706549227190203,0.028994914815254205,20,0.18739519998780452
7-scenes-redkitchen,26,19,point_to_point,0.18073777169336053,15.915160561366593,0.38889253902944493,0.6333690549708167,0.17125574753500192,0.17125531775703492,nan,49,0.47051129999454133
7-scenes-redkitchen,36,19,point_to_plane,0.21118902951146554,1.549862418130006,0.07857056887760316,0.09512961506597285,0.24702235659621574,0.24702235659621574,0.023640819218813433,22,0.24154750001616776
7-scenes-redkitchen,36,19,point_to_point,0.21118902951146554,12.332972274259314,0.5166127454143647,0.7016093654387939,0.16796190493826055,0.16794151281286313,nan,50,0.536257800005842
7-scenes-redkitchen,37,19,point_to_plane,0.17315977895612694,1.7932179554890029,0.03847028486311256,0.04506525202858611,0.2007840816374868,0.2007840816374868,0.02269132458476138,14,0.14496539998799562
7-scenes-redkitchen,37,19,point_to_point,0.17315977895612694,16.16609050942641,0.32003449273804324,0.47028815095694704,0.16111058435514,0.16107725283311713,nan,37,0.35009079999872483
7-scenes-redkitchen,38,19,point_to_plane,0.13354284559950838,2.7962534565583494,0.047643836396110896,0.06359389460852881,0.1244675011797197,0.1244675011797197,0.0224490022023802,15,0.10846149999997579
7-scenes-redkitchen,38,19,point_to_point,0.13354284559950838,9.592733299094174,0.16613855146945708,0.23719772399161,0.1224607508769196,0.1224403474512337,nan,18,0.12380750000011176
7-scenes-redkitchen,39,19,point_to_plane,0.17091291650567123,1.7398639441390749,0.061570629957249566,0.06786821642375412,0.07877333791789504,0.07877333791789504,0.019828297237232548,11,0.08852099999785423
7-scenes-redkitchen,39,19,point_to_point,0.17091291650567123,5.702836945391069,0.053750807871331865,0.15807078643903977,0.08519998768474238,0.08516013147947692,nan,26,0.1959956000209786
7-scenes-redkitchen,54,19,point_to_plane,0.27825594335723863,0.0,0.09311779377873751,0.09435176886397179,0.33802567484760365,0.33802567484760365,0.024821267546019914,23,0.2322641999926418
7-scenes-redkitchen,54,19,point_to_point,0.27825594335723863,16.15685779081405,0.6080319565386145,0.8573717020389955,0.19448456490108879,0.19448978528395217,nan,40,0.4046216999995522
7-scenes-redkitchen,59,19,point_to_plane,0.20749918117968802,2.6082622719512822,0.062197810635662765,0.0736089807652934,0.2354863944418781,0.2354863944418781,0.01789830461301987,24,0.1618192000023555
7-scenes-redkitchen,59,19,point_to_point,0.20749918117968802,13.132329522976514,0.40045385698608466,0.6311579939677214,0.16435331824804753,0.1643517058869006,nan,41,0.2701011000026483
7-scenes-redkitchen,21,20,point_to_plane,0.1402707860360726,1.673287206535305,0.04044446224532122,0.04314062279377451,0.17553184609200143,0.17553184609200143,0.020294132644247242,12,0.11220559998764656
7-scenes-redkitchen,21,20,point_to_point,0.1402707860360726,13.613042821967927,0.9130117388242708,0.6077332715931443,0.15134762098361743,0.15134688509667585,nan,50,0.45283150000614114
7-scenes-redkitchen,35,20,point_to_plane,0.1955923548033394,2.2445861006026067,0.09319174536766653,0.06602282634716934,0.2303091190265494,0.2303091190265494,0.034852348280532255,16,0.20199619999038987
7-scenes-redkitchen,35,20,point_to_point,0.1955923548033394,6.349561758723674,0.28875095991228866,0.27038442274371643,0.2297321398106452,0.2297753527784684,nan,18,0.21980760002043098
7-scenes-redkitchen,36,20,point_to_plane,0.26791733833794196,2.591314527644127,0.06055769697655547,0.08697755724290213,0.20503227550153677,0.20503227550153677,0.04024717981680453,36,0.43172449999838136
7-scenes-redkitchen,36,20,point_to_point,0.26791733833794196,15.421235643058889,0.3226174285274712,0.5418067277996524,0.19114963828449275,0.1910808565428307,nan,50,0.5524693999905139
7-scenes-redkitchen,39,20,point_to_plane,0.23296615490919498,3.2341088074905953,0.05774110155709448,0.07177433708497882,0.12192952236482514,0.12192952236482514,0.02563804540881755,50,0.4251271999964956
7-scenes-redkitchen,39,20,point_to_point,0.23296615490919498,7.898819694234269,0.30703166605980337,0.2896359191855388,0.11608106135372027,0.1160498859368237,nan,46,0.3839336000091862
7-scenes-redkitchen,22,21,point_to_plane,0.3015437706748645,0.7825784342838075,0.020053822818297058,0.01866684558113625,0.15783439877428135,0.15783439877428135,0.0157306376671857,19,0.17887070000870153
7-scenes-redkitchen,22,21,point_to_point,0.3015437706748645,7.390943603506982,0.21063050973495615,0.356272133947435,0.15631211837583003,0.15633152387273544,nan,38,0.3809268999902997
7-scenes-redkitchen,23,21,point_to_plane,0.17412632396343775,1.334249495853585,0.012170746619168544,0.024456087161143277,0.22650279541395724,0.22650279541395724,0.019404395065240863,14,0.143956200015964
7-scenes-redkitchen,23,21,point_to_point,0.17412632396343775,8.68287550234497,0.1601715366498968,0.43923624262045463,0.22774871167734817,0.2277652108821185,nan,19,0.22084989998256788
7-scenes-redkitchen,24,21,point_to_plane,0.30347522679863514,1.509274717874945,0.027336573713764887,0.060932498635314566,0.16381155405645376,0.16381155405645376,0.025532335372788574,17,0.17172779998509213
7-scenes-redkitchen,24,21,point_to_point,0.30347522679863514,14.294231538535472,0.4870807106640442,0.2475895747626268,0.17113590664983136,0.17113729189831284,nan,38,0.37097049999283627
7-scenes-redkitchen,35,21,point_to_plane,0.48508364073043275,1.9097122869688528,0.03523600031379568,0.03388697350164185,0.2110933569957077,0.2110933569957077,0.0267991409549357,27,0.3055203999974765
7-scenes-redkitchen,35,21,point_to_point,0.48508364073043275,17.034267289668545,0.4666998844472347,0.44301237518276615,0.2052795301042396,0.20525396072775362,nan,50,0.5913815000094473
7-scenes-redkitchen,39,21,point_to_plane,0.23548010625952515,2.5626027407025447,0.06845659809519722,0.041155910095422354,0.33302200733886883,0.33302200733886883,0.02057808920088903,28,0.2589921999897342
7-scenes-redkitchen,39,21,point_to_point,0.23548010625952515,9.915538686715923,0.7146980706260175,0.9210404978446145,0.172135981019716,0.17209073484074475,nan,41,0.37453470000764355
7-scenes-redkitchen,23,22,point_to_plane,0.07201928385392276,0.6298703020706546,0.006368661916667937,0.014359921475109222,0.05255516611566823,0.05255516611566823,0.01327019299791431,4,0.039162600005511194
7-scenes-redkitchen,23,22,point_to_point,0.07201928385392276,5.0046584987271725,0.164809297451759,0.10069473158185217,0.058508830468816345,0.058509796037597164,nan,29,0.22614280000561848
7-scenes-redkitchen,24,22,point_to_plane,0.21794424233820747,0.6990501496152937,0.024725245979625794,0.04688093895400039,0.233980040822623,0.233980040822623,0.0212065230125499,10,0.09181259997421876
7-scenes-redkitchen,24,22,point_to_point,0.21794424233820747,19.161897102905513,0.28550642716501845,0.6088435813157103,0.16546614271020574,0.1654956195100624,nan,50,0.4694263999990653
7-scenes-redkitchen,35,22,point_to_plane,0.21517967123555637,2.3306795004481082,0.08583984317949551,0.040931491702425514,0.29879186670265795,0.29879186670265795,0.025218865946630482,12,0.13058559998171404
7-scenes-redkitchen,35,22,point_to_point,0.21517967123555637,53.667188192926915,1.7267904765347402,1.220156412908382,0.20012349009603653,0.20037961296941045,nan,50,0.5632610000029672
7-scenes-redkitchen,36,22,point_to_plane,0.11560505312386546,2.9326753913536447,0.08721598202263217,0.05300639490274972,0.5343138765014744,0.5343138765014744,0.02698198162514535,14,0.15973499999381602
7-scenes-redkitchen,36,22,point_to_point,0.11560505312386546,72.03814773889776,2.430946280568615,1.5849742550993493,0.2184815979671558,0.2184239713953029,nan,50,0.5951807999808807
7-scenes-redkitchen,54,22,point_to_plane,0.18146982496986355,2.117679942482375,0.09277482390399767,0.04686200186406262,0.2544669931856089,0.2544669931856089,0.026530277105387353,50,0.4851761999889277
7-scenes-redkitchen,54,22,point_to_point,0.18146982496986355,5.720757953038735,0.4246761233105469,0.4438262511638174,0.22997374071410012,0.22997360185609625,nan,40,0.4116490999876987
7-scenes-redkitchen,55,22,point_to_plane,0.20678711193947982,1.4335614466921738,0.08623873236626192,0.04426982985465348,0.2097736476432325,0.2097736476432325,0.02424383122203882,7,0.06095129999448545
7-scenes-redkitchen,55,22,point_to_point,0.20678711193947982,26.724106430266836,1.2442587887347503,0.6254874603037586,0.21121411055197953,0.21151625899695892,nan,50,0.4694374999962747
7-scenes-redkitchen,24,23,point_to_plane,0.14616021628523473,0.7107479986734652,0.015200784676015695,0.020870738869804256,0.21249962066274733,0.21249962066274733,0.011999683062771245,11,0.09122470000875182
7-scenes-redkitchen,24,23,point_to_point,0.14616021628523473,14.328134460908522,0.18582337952071504,0.56027516126476,0.15856933185770106,0.15855842325159467,nan,50,0.4454965000040829
7-scenes-redkitchen,35,23,point_to_plane,0.3335768851790409,1.9722546372276633,0.07387010309227478,0.03888223376694086,0.2628083066705475,0.2628083066705475,0.0219956579063107,10,0.10147540000616573
7-scenes-redkitchen,35,23,point_to_point,0.3335768851790409,27.084913885313732,1.1323736855560098,0.6641055321456738,0.22266121712260145,0.22264641637381904,nan,34,0.387624599999981
7-scenes-redkitchen,36,23,point_to_plane,0.32921869413931937,2.333088357376014,0.057119134574951845,0.03689730254083859,0.48486508830060077,0.48486508830060077,0.023776171400079003,50,0.47824949998175725
7-scenes-redkitchen,36,23,point_to_point,0.32921869413931937,69.98798459170906,2.2040617343810656,1.5092755703432104,0.24568124320034085,0.245823574189703,nan,50,0.5755446999974083
7-scenes-redkitchen,54,23,point_to_plane,0.3533793189324764,1.0665016491626473,0.06375631864818669,0.052060618446579096,0.226923839994436,0.226923839994436,0.023866130931648705,15,0.1399200000159908
7-scenes-redkitchen,54,23,point_to_point,0.3533793189324764,23.80481712249852,1.1712227744017065,0.5511650231585027,0.2003035061022554,0.2003046831772969,nan,40,0.406244699988747
7-scenes-redkitchen,55,23,point_to_plane,0.1380712395857122,1.7170479570419241,0.1001124257890081,0.04722150565698929,0.19043627725633133,0.19043627725633133,0.020954370656880782,15,0.12206199998036027
7-scenes-redkitchen,55,23,point_to_point,0.1380712395857122,19.28049475928057,0.6323499431664946,0.5592355341399519,0.17422530455601187,0.17412075834761132,nan,50,0.46292869999888353
7-scenes-redkitchen,25,24,point_to_plane,0.26223966478760635,0.6603323943177629,0.05214198866233736,0.0325881279718207,0.2788977092299626,0.2788977092299626,0.015602632323891493,10,0.08688759998767637
7-scenes-redkitchen,25,24,point_to_point,0.26223966478760635,6.392980222622728,0.9287029377421748,1.0164004184997963,0.11920934219287725,0.11923319406980219,nan,50,0.46041200001491234
7-scenes-redkitchen,35,24,point_to_plane,0.2516776215193596,1.5324919102327845,0.03647121770308193,0.03145532767683442,0.07857661327166049,0.07857661327166049,0.022401284816805974,11,0.10353930000565015
7-scenes-redkitchen,35,24,point_to_point,0.2516776215193596,1.6873820666037325,0.10514288958307512,0.0691965022404176,0.0851671090526676,0.0851317248349412,nan,26,0.22579259998747148
7-scenes-redkitchen,36,24,point_to_plane,0.3105952021009323,1.848182944454071,0.03804992181820534,0.027951742174770644,0.16803381767007713,0.16803381767007713,0.023978339201977898,50,0.4404688000213355
7-scenes-redkitchen,36,24,point_to_point,0.3105952021009323,2.992125933854775,0.37987355457568295,0.36866600480818995,0.1465829597916565,0.14654238074534393,nan,50,0.4673820000025444
7-scenes-redkitchen,37,24,point_to_plane,0.038697427593227626,1.4902467101648529,0.05431267475582333,0.039388721169747176,0.34732497770643844,0.34732497770643844,0.022176297553514614,10,0.08669050000025891
7-scenes-redkitchen,37,24,point_to_point,0.038697427593227626,17.7840595863824,0.6369055871640504,0.9445413194773237,0.221186405707459,0.2211732079613911,nan,50,0.5381112000031862
7-scenes-redkitchen,39,24,point_to_plane,0.15263452701207392,1.836489900936927,0.11049911125192227,0.11643753919195975,0.39017365415673433,0.39017365415673433,0.031111057430341916,50,0.42199999999138527
7-scenes-redkitchen,39,24,point_to_point,0.15263452701207392,5.038926377073626,0.9977594394828648,1.1072049492751015,0.1968567655348769,0.19681787089651234,nan,27,0.26462760000140406
7-scenes-redkitchen,54,24,point_to_plane,0.22083014720879637,0.9126979831120432,0.054852433336071114,0.05444783216631416,0.07199557986523833,0.07199557986523833,0.024686794874994047,13,0.11299039999721572
7-scenes-redkitchen,54,24,point_to_point,0.22083014720879637,1.8710941420465856,0.05295281282891916,0.051195290160911296,0.07872947609595005,0.07873651382999763,nan,40,0.30942410000716336
7-scenes-redkitchen,55,24,point_to_plane,0.1850901545816101,0.483504292008264,0.06161172434165083,0.05245002749257195,0.09794928360001962,0.09794928360001962,0.023502537550387052,10,0.08243260000017472
7-scenes-redkitchen,55,24,point_to_point,0.1850901545816101,1.1519641976542578,0.149077759223031,0.10524897518742551,0.10532303519001282,0.10533483410449,nan,42,0.3084468999877572
7-scenes-redkitchen,59,24,point_to_plane,0.2109238479994507,2.0120357652948138,0.08397874753295897,0.05340006061909214,0.2250003398059363,0.2250003398059363,0.021340375948460392,12,0.07887120000668801
7-scenes-redkitchen,59,24,point_to_point,0.2109238479994507,13.814494797859183,0.534657808224128,0.6007399695195834,0.19235881772260227,0.1923123572099885,nan,50,0.36274340000818484
7-scenes-redkitchen,26,25,point_to_plane,0.26104910475531506,1.8310690332382442,0.047562351988550626,0.03756756362682643,0.13521912570503616,0.13521912570503616,0.014915650130050348,11,0.08800499999779277
7-scenes-redkitchen,26,25,point_to_point,0.26104910475531506,8.496135536050529,0.5353972930079616,0.6409739209243814,0.11495358561072441,0.11495305369864514,nan,50,0.4551126000005752
7-scenes-redkitchen,35,25,point_to_plane,0.24192786495053853,1.4529339467305695,0.04084415129091606,0.04353163477317574,0.2430646894097241,0.2430646894097241,0.01904273410839676,21,0.203943700005766
7-scenes-redkitchen,35,25,point_to_point,0.24192786495053853,5.075183557544362,0.6867478014525386,0.7777874813574,0.11820959919197555,0.11819335758789899,nan,33,0.3044612999947276
7-scenes-redkitchen,36,25,point_to_plane,0.14872535950639498,1.3723324223934334,0.05153851032996504,0.05445894293349886,0.15365769133225246,0.15365769133225246,0.017278688387939018,14,0.1297492999874521
7-scenes-redkitchen,36,25,point_to_point,0.14872535950639498,6.023201374627138,0.4138486298008772,0.5364060253464478,0.10961055702795583,0.10957843154714982,nan,37,0.32661560000269674
7-scenes-redkitchen,37,25,point_to_plane,0.16841047611467186,1.5406140262971804,0.040647534710019695,0.03605535737356533,0.11950714114900464,0.11950714114900464,0.016582449119837996,9,0.07640109999920242
7-scenes-redkitchen,37,25,point_to_point,0.16841047611467186,6.917837996924247,0.15176779553155992,0.15176622659200845,0.13996756369096808,0.13991977792433588,nan,30,0.2356877000129316
7-scenes-redkitchen,38,25,point_to_plane,0.14816402439174653,1.9168752432478917,0.02638266095580094,0.03819577763813231,0.1748821942086038,0.1748821942086038,0.016502687947570562,50,0.33368879999034107
7-scenes-redkitchen,38,25,point_to_point,0.14816402439174653,7.661415493978946,0.4597257045075072,0.3433411286698847,0.18668183425168858,0.18660786193465384,nan,22,0.1724681000050623
7-scenes-redkitchen,39,25,point_to_plane,0.2242401605230836,1.8988927191558953,0.03404977853136246,0.0404499929164271,0.19200827333804502,0.19200827333804502,0.022984084502682692,22,0.19528749998426065
7-scenes-redkitchen,39,25,point_to_point,0.2242401605230836,5.216602447843365,0.20262128672811167,0.269590382938217,0.21558896254877122,0.21550646987014718,nan,50,0.4920034999959171
7-scenes-redkitchen,53,25,point_to_plane,0.15964169543323373,0.9871557339741633,0.0743852059139932,0.07361099199371718,0.03651849468742742,0.03651849468742742,0.018668460264486916,15,0.07352879998506978
7-scenes-redkitchen,53,25,point_to_point,0.15964169543323373,2.6245706681185625,0.07002826177053383,0.08166550631877344,0.03632351871503135,0.03632657082545275,nan,19,0.08291100000496954
7-scenes-redkitchen,54,25,point_to_plane,0.06106335641177368,0.0,0.04831274718926167,0.0513160345809906,0.2955881390328649,0.2955881390328649,0.01737848693319484,6,0.06766699999570847
7-scenes-redkitchen,54,25,point_to_point,0.06106335641177368,8.389720788356602,0.7272831272528418,0.8684600980504998,0.1380331661478938,0.13804501837268407,nan,40,0.38858510000864044
7-scenes-redkitchen,59,25,point_to_plane,0.20608929920461835,1.362901458398881,0.03171837143042383,0.03644189341542313,0.16972020152287687,0.16972020152287687,0.012657437563528846,12,0.07899239999824204
7-scenes-redkitchen,59,25,point_to_point,0.20608929920461835,4.958525364627076,0.3754121067339749,0.4704198420164108,0.14292201068509075,0.14291618970176206,nan,31,0.1882247000175994
7-scenes-redkitchen,27,26,point_to_plane,0.3360010240699223,1.411246883349992,0.06651058411560117,0.029574162387835695,0.28930397659107315,0.28930397659107315,0.02127251642927192,14,0.13420239998959005
7-scenes-redkitchen,27,26,point_to_point,0.3360010240699223,42.79985788135641,1.5030623499032716,1.0316687949409016,0.16895684684609769,0.1689465246063005,nan,31,0.3390025999979116
7-scenes-redkitchen,36,26,point_to_plane,0.09907407867226566,1.5659919691537645,0.054288598124341614,0.06651917595818053,0.42068294557639896,0.42068294557639896,0.021085111836528808,50,0.48923499998636544
7-scenes-redkitchen,36,26,point_to_point,0.09907407867226566,17.208950584091898,1.014231925625674,1.2548089432935847,0.15018162326426138,0.15017154503992772,nan,30,0.28556630000821315
7-scenes-redkitchen,37,26,point_to_plane,0.21178487748803007,1.348105733625058,0.021242852935343712,0.021772463108615747,0.24928368999031317,0.24928368999031317,0.019403518424145245,9,0.08541419997345656
7-scenes-redkitchen,37,26,point_to_point,0.21178487748803007,13.773047510062318,0.47239373105145677,0.8166848028195067,0.17924118296664332,0.1792139574688428,nan,27,0.2404722000064794
7-scenes-redkitchen,38,26,point_to_plane,0.21040146838710092,1.6169409453455144,0.03935611995375358,0.034312210590407816,0.1378208732248745,0.1378208732248745,0.020785046193386992,50,0.3444757999968715
7-scenes-redkitchen,38,26,point_to_point,0.21040146838710092,5.672934130851878,0.1716958500092078,0.33900692465638316,0.1306961194085714,0.13055646105970617,nan,50,0.3245982000080403
7-scenes-redkitchen,39,26,point_to_plane,0.2450069684629806,2.216917938768628,0.0972147760425677,0.11727181610509241,0.16136329815162231,0.16136329815162231,0.02812044684402975,21,0.1813823999837041
7-scenes-redkitchen,39,26,point_to_point,0.2450069684629806,3.7422233177434037,0.3782784388920256,0.4673561108978159,0.15652663385688156,0.156471392434486,nan,50,0.4197747000143863
7-scenes-redkitchen,28,27,point_to_plane,0.11128855795897587,0.8166970942335379,0.05773085739702771,0.041024877859874916,0.04262027760678138,0.04262027760678138,0.01368166793836393,50,0.36313939999672584
7-scenes-redkitchen,28,27,point_to_point,0.11128855795897587,1.3535319262627794,0.029057007804480454,0.02925459972978149,0.045114767829833924,0.045115160695628,nan,28,0.1894429000094533
7-scenes-redkitchen,29,27,point_to_plane,0.3527040348184267,2.094269096707885,0.0791119045778013,0.06779003593123263,0.04364163779959068,0.04364163779959068,0.016330988390295162,14,0.09887149999849498
7-scenes-redkitchen,29,27,point_to_point,0.3527040348184267,4.259505834627072,0.12708626539997964,0.08066990708847124,0.04641698282865528,0.046417759984972086,nan,30,0.17520510000758804
7-scenes-redkitchen,29,28,point_to_plane,0.2124343079374433,1.0552916020410865,0.022095512538584834,0.029249408718305274,0.025322048486078847,0.025322048486078847,0.009803255565393965,11,0.06396010000025854
7-scenes-redkitchen,29,28,point_to_point,0.2124343079374433,1.2839159530017252,0.03411477172238967,0.02911289806140502,0.025390231830353962,0.025394844081783923,nan,37,0.18014829998719506
7-scenes-redkitchen,30,28,point_to_plane,0.1759409640466146,1.8836018502551821,0.052972459832582135,0.020113235767546683,0.030845582307487057,0.030845582307487057,0.012309183855947373,12,0.05573069999809377
7-scenes-redkitchen,30,28,point_to_point,0.1759409640466146,2.701954370276731,0.0884247888299036,0.034866249573481715,0.030647242125192736,0.030647628023492624,nan,38,0.15001890002167784
7-scenes-redkitchen,31,28,point_to_plane,0.0882220539174571,1.221966556995034,0.03754501488195458,0.042714791378755466,0.1252100370490307,0.1252100370490307,0.018419708095211533,17,0.08466120000230148
7-scenes-redkitchen,31,28,point_to_point,0.0882220539174571,4.313059014771793,0.6136964887910654,0.6197795263540367,0.09236577458646614,0.09255830481737905,nan,50,0.26015479999477975
7-scenes-redkitchen,40,28,point_to_plane,0.34570600543911206,0.8772207265444542,0.08735110246506513,0.0510255912375939,0.23366880207154234,0.23366880207154234,0.03199248936155238,14,0.12944059999426827
7-scenes-redkitchen,40,28,point_to_point,0.34570600543911206,29.397692105547062,0.9358276626916768,0.5754636386498041,0.20297734677570567,0.20305209003544877,nan,44,0.4393364999850746
7-scenes-redkitchen,41,28,point_to_plane,0.19471248863480192,0.0,0.06632843396166939,0.04593893301886363,0.2709790547246643,0.2709790547246643,0.03371448575183601,21,0.18330400000559166
7-scenes-redkitchen,41,28,point_to_point,0.19471248863480192,36.5483647044519,0.9426153880328879,0.9831053266285202,0.16309773306217082,0.16330217975999117,nan,50,0.48009579998324625
7-scenes-redkitchen,30,29,point_to_plane,0.2391339319015263,1.6756068816098655,0.05469754215055311,0.04519861843043578,0.030054056641849257,0.030054056641849257,0.00894983910075521,11,0.04594029998406768
7-scenes-redkitchen,30,29,point_to_point,0.2391339319015263,2.74940274012827,0.06354823773241426,0.09512008003182575,0.03161108386101242,0.031609095293916555,nan,50,0.17521629997645505
7-scenes-redkitchen,31,29,point_to_plane,0.2828567454603624,1.1049934220143824,0.029960114924991805,0.01589045462175403,0.17229583594756356,0.17229583594756356,0.018050278786694237,50,0.21615930000552908
7-scenes-redkitchen,31,29,point_to_point,0.2828567454603624,8.251573632228817,0.4446909410884743,0.5626025919913504,0.12154922258062957,0.1215410034320391,nan,50,0.22542000000248663
7-scenes-redkitchen,40,29,point_to_plane,0.19509902646516022,0.0,0.08076712111558387,0.08169338416542367,0.24799513983640425,0.24799513983640425,0.02573270053771909,8,0.0635238999966532
7-scenes-redkitchen,40,29,point_to_point,0.19509902646516022,28.479956187488238,0.9422323791275133,0.5481270743486237,0.2157019218571335,0.21579754066447576,nan,26,0.22556389999226667
7-scenes-redkitchen,41,29,point_to_plane,0.2484038285980289,1.3526332995614883,0.08117190835292702,0.07722633676259881,0.28646856989131286,0.28646856989131286,0.023337542315205278,50,0.35970619998988695
7-scenes-redkitchen,41,29,point_to_point,0.2484038285980289,25.860881754947407,0.5044326028785358,0.7383915025374695,0.1902010276933592,0.1902795833189311,nan,46,0.3749400999804493
7-scenes-redkitchen,42,29,point_to_plane,0.23061162243848343,0.0,0.013868049403350126,0.020870273462823823,0.2604565250972911,0.2604565250972911,0.018662415117816727,14,0.08273559997905977
7-scenes-redkitchen,42,29,point_to_point,0.23061162243848343,29.477920534607755,0.4272234892152771,0.8093860962229973,0.14733382425814948,0.14736000295784538,nan,47,0.30727679998381063
7-scenes-redkitchen,43,29,point_to_plane,0.180689635971598,0.0,0.020424740495150376,0.02010363335159409,0.22881591158550205,0.22881591158550205,0.021755386833677365,50,0.2459171999944374
7-scenes-redkitchen,43,29,point_to_point,0.180689635971598,27.768463549973536,0.2848117858937497,0.6883385874616541,0.13412184951166797,0.13414788469619196,nan,33,0.18970839999383315
7-scenes-redkitchen,31,30,point_to_plane,0.10023721068711386,1.800069541170113,0.05356286765278015,0.05581103212433404,0.15732220641827482,0.15732220641827482,0.012607179595772525,11,0.046041800000239164
7-scenes-redkitchen,31,30,point_to_point,0.10023721068711386,9.258060701091685,0.2133236497973024,0.2759070804891949,0.14667064185261133,0.14666142517235234,nan,50,0.2222681000130251
7-scenes-redkitchen,32,30,point_to_plane,0.12624523342676133,5.319763182933298,0.7420557665089448,0.7463094568178966,0.7308635634962524,0.7308635634962524,0.03426156975837448,24,0.12319909999496303
7-scenes-redkitchen,32,30,point_to_point,0.12624523342676133,41.36205938543875,0.7369258317128077,1.028301484630936,0.23773847583502086,0.23775524707982754,nan,50,0.30544880000525154
7-scenes-redkitchen,40,30,point_to_plane,0.17821898562315658,4.234309223310918,0.20719655884317012,0.1179092578543769,0.3943379625249157,0.3943379625249157,0.031825703826562836,14,0.1014341999834869
7-scenes-redkitchen,40,30,point_to_point,0.17821898562315658,24.45985698390903,0.6427862418582034,0.6754327776038175,0.3090632642733296,0.30918000361317344,nan,22,0.18648780000512488
7-scenes-redkitchen,41,30,point_to_plane,0.173043472567515,4.177155934416511,0.13979166492191575,0.1106567862382601,0.4246823522785154,0.4246823522785154,0.02992100227215841,17,0.11499560001539066
7-scenes-redkitchen,41,30,point_to_point,0.173043472567515,22.05131773564741,0.44251375685657307,0.7513453777999033,0.2724207567270036,0.27252581853089586,nan,47,0.37948830000823364
7-scenes-redkitchen,42,30,point_to_plane,0.31745033738227096,3.6835724248327426,0.08763761948976664,0.12666382985449356,0.37752687134384383,0.37752687134384383,0.022844505257847345,12,0.06505840001045726
7-scenes-redkitchen,42,30,point_to_point,0.31745033738227096,30.16238490463221,0.560412933053325,0.9399147533919522,0.19518493025364506,0.19525766997380534,nan,44,0.2592210999864619
7-scenes-redkitchen,32,31,point_to_plane,0.30575357452315627,1.3883048233087318,0.07283268151073911,0.09789897488869884,0.15253627918291515,0.15253627918291515,0.011025081909164843,11,0.05293309999979101
7-scenes-redkitchen,32,31,point_to_point,0.30575357452315627,9.922659186526909,0.2317718921219326,0.4256853056838708,0.13330713197131944,0.13330433357125726,nan,39,0.1679147000249941
7-scenes-redkitchen,33,31,point_to_plane,0.21879542369610955,10.687837199366497,0.21536457879394993,0.33227916141032965,0.4340507195082538,0.4340507195082538,0.013889343538816457,27,0.1814606999978423
7-scenes-redkitchen,33,31,point_to_point,0.21879542369610955,39.37738890565777,1.4041336291563842,1.3225626080401236,0.27393367022341436,0.2740289046891506,nan,50,0.32540609998977743
7-scenes-redkitchen,33,32,point_to_plane,0.23122564039127508,7.545072016267438,0.12489156998521038,0.21616598224064104,0.17518814542146166,0.17518814542146166,0.008790297294766984,8,0.045310999994399026
7-scenes-redkitchen,33,32,point_to_point,0.23122564039127508,18.436617468940135,0.19156936425363177,0.678052198921628,0.12555267055447955,0.12554660702094386,nan,50,0.2583248000009917
7-scenes-redkitchen,34,33,point_to_plane,0.22762081611008922,2.3538424376498033,0.15596839072426316,0.09327500402135923,0.18246968527693874,0.18246968527693874,0.01719496097570894,20,0.14364819999900647
7-scenes-redkitchen,34,33,point_to_point,0.22762081611008922,22.63461452098202,0.37439615763153145,0.8372604665551194,0.11868358306230531,0.11912923922300686,nan,50,0.2650586999952793
7-scenes-redkitchen,36,35,point_to_plane,0.19979522063038138,0.38984577527192604,0.02546905822931343,0.026804083070116558,0.07426482348329598,0.07426482348329598,0.012921777841578391,15,0.1326884999871254
7-scenes-redkitchen,36,35,point_to_point,0.19979522063038138,3.6637567744636903,0.2818541556136072,0.21465821121334233,0.08718157659960384,0.0871859038660939,nan,38,0.3381729999964591
7-scenes-redkitchen,37,35,point_to_plane,0.25825242848335367,0.9582839385760767,0.03841933525909383,0.060098199201177295,0.20735568101947238,0.20735568101947238,0.016364803607815077,11,0.10483779999776743
7-scenes-redkitchen,37,35,point_to_point,0.25825242848335367,28.38555124640591,0.6603553565084685,0.7994597601113691,0.16805769475448099,0.16805765131915631,nan,50,0.4857451999851037
7-scenes-redkitchen,53,35,point_to_plane,0.3552978602841402,0.0,0.048823707423155775,0.02353030255533546,0.044843003032932593,0.044843003032932593,0.011551642209152191,50,0.23624999998719431
7-scenes-redkitchen,53,35,point_to_point,0.3552978602841402,3.8402671670156527,0.15951411863435028,0.13700607477190996,0.04873403375068874,0.048739507466099334,nan,50,0.23219459998654202
7-scenes-redkitchen,54,35,point_to_plane,0.30877897270756915,0.0,0.015444930467317593,0.011666780825859096,0.051637863780197205,0.051637863780197205,0.01060425019097257,15,0.13288140000076964
7-scenes-redkitchen,54,35,point_to_point,0.30877897270756915,4.522373407772739,0.1340138217625596,0.10328110156760519,0.06148326653589163,0.06151082228711405,nan,29,0.23381989999325015
7-scenes-redkitchen,55,35,point_to_plane,0.23273871849198355,1.0385583695865435,0.03678305308668714,0.02752612139050055,0.06016030755865998,0.06016030755865998,0.017889851563669745,13,0.09850269998423755
7-scenes-redkitchen,55,35,point_to_point,0.23273871849198355,3.716906627594297,0.17910344087969973,0.08625860300686561,0.06817542149491332,0.06821487947043198,nan,44,0.3082713000185322
7-scenes-redkitchen,56,35,point_to_plane,0.285730487706682,2.716718325511299,0.06606078028558005,0.07090706759909116,0.07932382334704229,0.07932382334704229,0.025214056909152585,17,0.12985399999888614
7-scenes-redkitchen,56,35,point_to_point,0.285730487706682,6.8671417221560676,0.33873430592697806,0.14989554948500766,0.0847043647440399,0.08475007058295082,nan,42,0.27924410000559874
7-scenes-redkitchen,57,35,point_to_plane,0.06906716281907602,2.3369089554069067,0.057118778419060545,0.07104289619187062,0.14152512381912377,0.14152512381912377,0.019270733869225957,14,0.1239761000033468
7-scenes-redkitchen,57,35,point_to_point,0.06906716281907602,11.796592700640405,0.15322769856171986,0.35177642163551964,0.1507421309240957,0.1507830503392647,nan,44,0.2530851000046823
7-scenes-redkitchen,58,35,point_to_plane,0.3191849423062663,0.9376161717964804,0.027950183986298983,0.032898118390069404,0.08702969031049014,0.08702969031049014,0.01765651693049257,50,0.2869868999987375
7-scenes-redkitchen,58,35,point_to_point,0.3191849423062663,5.488012739556159,0.27450949121799667,0.17344072179838213,0.09508416649771115,0.09511901783898262,nan,35,0.200191799987806
7-scenes-redkitchen,59,35,point_to_plane,0.19790852287328237,0.9316733051771549,0.024558296211830758,0.02913994785790108,0.1316000316692706,0.1316000316692706,0.01611208445088274,15,0.10173669998766854
7-scenes-redkitchen,59,35,point_to_point,0.19790852287328237,12.941324236608175,0.4344683623049997,0.35359195688786693,0.1337083742131451,0.13373075203241155,nan,47,0.3331029999826569
7-scenes-redkitchen,37,36,point_to_plane,0.26258840372379366,0.6703145055478205,0.030584927115152413,0.04161106814641603,0.06915376892653562,0.06915376892653562,0.012202774441553953,13,0.11085579998325557
7-scenes-redkitchen,37,36,point_to_point,0.26258840372379366,4.387733500513187,0.23653622501481208,0.2571582726152775,0.0792703386367576,0.0792660574428228,nan,42,0.33952780000981875
7-scenes-redkitchen,38,36,point_to_plane,0.1667006853233808,1.1312407317558983,0.049885586155024066,0.07553828929144861,0.17581999596937933,0.17581999596937933,0.014813016849303983,9,0.07140990000334568
7-scenes-redkitchen,38,36,point_to_point,0.1667006853233808,30.18419301739334,0.32849437538639925,0.7436550204766585,0.17279048018188686,0.17335821997437717,nan,50,0.39848479998181574
7-scenes-redkitchen,39,36,point_to_plane,0.13283395020217093,1.2915036181159463,0.07135836667499142,0.08236909742740832,0.18203505877792187,0.18203505877792187,0.02267195079246525,50,0.43567320000147447
7-scenes-redkitchen,39,36,point_to_point,0.13283395020217093,25.637265044179763,0.2841056363852365,0.6259152639939756,0.19108339809371844,0.19123578948513822,nan,50,0.47285410002223216
7-scenes-redkitchen,53,36,point_to_plane,0.15830634472729063,0.0,0.04241352505161648,0.0314747772999641,0.029717559190066835,0.029717559190066835,0.011431024610391723,10,0.0541254999989178
7-scenes-redkitchen,53,36,point_to_point,0.15830634472729063,1.746253953464585,0.053435073014517866,0.05300221206931166,0.03185810287100646,0.03184356815300596,nan,14,0.06345359998522326
7-scenes-redkitchen,54,36,point_to_plane,0.20798830915967054,0.0,0.03783106267691788,0.045996751741281684,0.07680864765629455,0.07680864765629455,0.01300165025283272,8,0.07262269998318516
7-scenes-redkitchen,54,36,point_to_point,0.20798830915967054,6.462553697729173,0.17421402812928236,0.22436983521179923,0.09165971711669263,0.09170134864062812,nan,50,0.41478859999915585
7-scenes-redkitchen,55,36,point_to_plane,0.2417621609008316,0.03780024487992216,0.05209042249642884,0.0493680664579002,0.14513085082663882,0.14513085082663882,0.01625020910762551,11,0.09318850000272505
7-scenes-redkitchen,55,36,point_to_point,0.2417621609008316,8.453429029640358,0.280772709627904,0.29989401332087706,0.16590985522908372,0.16597050800835902,nan,26,0.21575259999372065
7-scenes-redkitchen,56,36,point_to_plane,0.09198680407399042,1.5245906539848397,0.07990799764980558,0.08329293241649477,0.15772599553416802,0.15772599553416802,0.023801511279087598,50,0.36935369999264367
7-scenes-redkitchen,56,36,point_to_point,0.09198680407399042,11.342685103150133,0.7457182149001443,0.315574951179044,0.16099925717291827,0.1610427516733773,nan,23,0.1715154999983497
7-scenes-redkitchen,58,36,point_to_plane,0.18283078336667918,0.0,0.07025998530562932,0.07059471873450551,0.1466437388914273,0.1466437388914273,0.012885826694779851,12,0.07797350001055747
7-scenes-redkitchen,58,36,point_to_point,0.18283078336667918,8.129568242080657,0.17935940334240774,0.3048229606505296,0.16979077244191085,0.1698470983490483,nan,32,0.20664409999153577
7-scenes-redkitchen,59,36,point_to_plane,0.2518762881177598,0.34142778743677893,0.04629967022940008,0.0523661957363267,0.06437359559595544,0.06437359559595544,0.01082787849165792,13,0.09057820000452921
7-scenes-redkitchen,59,36,point_to_point,0.2518762881177598,2.0382120719827377,0.060344759240423665,0.08326031540855545,0.0750099458399967,0.07503665096396338,nan,28,0.17208809999283403
7-scenes-redkitchen,38,37,point_to_plane,0.2506115987064654,0.5942386907297543,0.014500945164391927,0.013554539868063958,0.07628781370708458,0.07628781370708458,0.00937919219375985,12,0.08238649999839254
7-scenes-redkitchen,38,37,point_to_point,0.2506115987064654,4.972969598342621,0.28438522565062685,0.1329336452363639,0.0972185005012623,0.097209505586116,nan,33,0.21567439998034388
7-scenes-redkitchen,39,37,point_to_plane,0.258564907905041,1.0699156591447585,0.03422463612320199,0.014794108627582729,0.13060192452120872,0.13060192452120872,0.02021967077535331,13,0.12125980001292191
7-scenes-redkitchen,39,37,point_to_point,0.258564907905041,7.962761615746323,0.4374772716259068,0.20824282162206204,0.1472865267068058,0.14728261857000927,nan,41,0.35582130000693724
7-scenes-redkitchen,54,37,point_to_plane,0.12940510735847877,0.0,0.09017881705937549,0.08865388262987005,0.15772645502779695,0.15772645502779695,0.022822566471055638,10,0.09099309999146499
7-scenes-redkitchen,54,37,point_to_point,0.12940510735847877,11.564672211113207,0.29816051365820484,0.45385414184057854,0.14276441774540546,0.14280136370980323,nan,38,0.34114640002371743
7-scenes-redkitchen,55,37,point_to_plane,0.319173374625712,0.0,0.08621348565737014,0.07220010486368614,0.2010417519714554,0.2010417519714554,0.021652437879754786,12,0.11117230000672862
7-scenes-redkitchen,55,37,point_to_point,0.319173374625712,11.416904318199286,0.21429289709126553,0.48432583512081856,0.19297885650430024,0.193073698007585,nan,23,0.20089910001843236
7-scenes-redkitchen,58,37,point_to_plane,0.21282073976006305,0.0,0.09023315080504524,0.09594663303072691,0.15208164729022539,0.15208164729022539,0.013234980256089787,13,0.08365179999964312
7-scenes-redkitchen,58,37,point_to_point,0.21282073976006305,12.27446703335732,0.1720219111730109,0.4187930845427168,0.16569292579375486,0.16574962215559116,nan,28,0.17740759998559952
7-scenes-redkitchen,59,37,point_to_plane,0.2622196067517719,0.0,0.060518594001951205,0.07138099502202568,0.06722861100886164,0.06722861100886164,0.0112805155364658,11,0.06851749998168088
7-scenes-redkitchen,59,37,point_to_point,0.2622196067517719,5.015507752084058,0.06731939296028933,0.19925910797219978,0.08408409766432025,0.0841351503853931,nan,32,0.19674939999822527
7-scenes-redkitchen,39,38,point_to_plane,0.17268237828987196,0.45850854636476146,0.01240793274571559,0.013579359262242394,0.10808714571863876,0.10808714571863876,0.017870931473482697,11,0.09079580000252463
7-scenes-redkitchen,39,38,point_to_point,0.17268237828987196,7.554199077569667,0.20119382467987199,0.1802899382056996,0.09104149709909036,0.09103662965730668,nan,16,0.1206042000267189
7-scenes-redkitchen,54,38,point_to_plane,0.4109855443922243,0.0,0.03469008020028287,0.028178449543573094,0.4077258467081449,0.4077258467081449,0.02009769278109385,15,0.14223490000586025
7-scenes-redkitchen,54,38,point_to_point,0.4109855443922243,19.780662319550675,0.6166964392673233,0.977948309720635,0.24741415183385135,0.24746209684908343,nan,42,0.4537821999983862
7-scenes-redkitchen,58,38,point_to_plane,0.13763118522998666,0.0,0.06978203679690166,0.07524405067557434,0.19076783503059588,0.19076783503059588,0.015840164428288433,15,0.08481090000714175
7-scenes-redkitchen,58,38,point_to_point,0.13763118522998666,2.499828904789267,0.7468425943015653,0.7507234242800439,0.1298582445547449,0.12988056218050534,nan,35,0.18921140002203174
7-scenes-redkitchen,59,38,point_to_plane,0.13349536064137238,0.0,0.043209177262674536,0.05140363608742849,0.1631793293692783,0.1631793293692783,0.011984151790344885,11,0.06631500000366941
7-scenes-redkitchen,59,38,point_to_point,0.13349536064137238,11.769774841274659,0.26300270369441675,0.5408784399124926,0.15604628114047256,0.1560816499751299,nan,50,0.3096017999923788
7-scenes-redkitchen,59,39,point_to_plane,0.15850997797856753,1.7023368252849862,0.11573104297693533,0.0927806965043763,0.14174773878825928,0.14174773878825928,0.023887619922043996,13,0.08516269997926429
7-scenes-redkitchen,59,39,point_to_point,0.15850997797856753,9.19244553900221,0.290684491347413,0.4128045071709457,0.1356421826147424,0.13566505644433735,nan,30,0.18771019999985583
7-scenes-redkitchen,41,40,point_to_plane,0.27181913493657933,1.3565275124725222,0.042169663599159114,0.036836518141543935,0.0634465983124576,0.0634465983124576,0.013506896084923403,10,0.07802269997773692
7-scenes-redkitchen,41,40,point_to_point,0.27181913493657933,3.672582344417566,0.16657836089382724,0.09941186373445575,0.07320855325045414,0.07320154561695721,nan,28,0.2060942999960389
7-scenes-redkitchen,42,40,point_to_plane,0.20881001225056228,1.9672451059225875,0.0528896110437287,0.05723495980598225,0.07098171174456427,0.07098171174456427,0.013692485911601958,14,0.08781040000030771
7-scenes-redkitchen,42,40,point_to_point,0.20881001225056228,3.157544736102315,0.1625225442246588,0.15071252927552028,0.08322095117646272,0.08323230366368814,nan,40,0.23718660001759417
7-scenes-redkitchen,43,40,point_to_plane,0.1717293503621034,2.0921091664014253,0.056472351402891814,0.055936264057783236,0.07414540944787548,0.07414540944787548,0.017056464303168963,12,0.07079869997687638
7-scenes-redkitchen,43,40,point_to_point,0.1717293503621034,4.083431026576138,0.15797127721549437,0.15991592718087674,0.0826004796583361,0.08258849141891693,nan,50,0.2814129999896977
7-scenes-redkitchen,42,41,point_to_plane,0.11673202874328677,1.3256024250735075,0.02666738328912534,0.026942059538722515,0.02957955430736017,0.02957955430736017,0.012919351322432032,7,0.04367210000054911
7-scenes-redkitchen,42,41,point_to_point,0.11673202874328677,1.762838035486326,0.05198569125312148,0.04420584556753538,0.029747832456923747,0.02974712116976929,nan,14,0.07180470001185313
7-scenes-redkitchen,43,41,point_to_plane,0.18987211874610319,2.17457535649946,0.0352484176124476,0.0386086834852517,0.033672648319156825,0.033672648319156825,0.015357315958981793,9,0.050411000003805384
7-scenes-redkitchen,43,41,point_to_point,0.18987211874610319,2.6148540603730144,0.04779063554281568,0.054986382981821486,0.03470618534708424,0.03470581419544758,nan,29,0.13515970000298694
7-scenes-redkitchen,44,41,point_to_plane,0.3067721828554862,3.7812071780651495,0.06742855936046183,0.058810316022796245,0.055029406315936516,0.055029406315936516,0.019942167501890814,50,0.23503969999728724
7-scenes-redkitchen,44,41,point_to_point,0.3067721828554862,7.557693360449991,0.12515525141401262,0.1358459337168828,0.06302141382507123,0.06301982434141742,nan,46,0.2119642999896314
7-scenes-redkitchen,43,42,point_to_plane,0.1907153329945818,0.4340343593352937,0.009466570314499264,0.016409664128165618,0.02080600302113199,0.02080600302113199,0.007147400361674914,10,0.049678800016408786
7-scenes-redkitchen,43,42,point_to_point,0.1907153329945818,0.992558797564287,0.012312213607413797,0.0236426191824542,0.01914885912761094,0.019149136384226623,nan,47,0.18319129999144934
7-scenes-redkitchen,44,42,point_to_plane,0.09910417442879915,1.6917211946998456,0.02128514109419354,0.030867339857853945,0.034223696905504225,0.034223696905504225,0.013571461586886133,11,0.04588849999709055
7-scenes-redkitchen,44,42,point_to_point,0.09910417442879915,2.6973704083419756,0.02801303581020332,0.05469174488570121,0.03601046068008779,0.03600958546750173,nan,30,0.1059825999836903
7-scenes-redkitchen,45,42,point_to_plane,0.2997149400315977,3.139470604965919,0.026757487175456864,0.05136447180031844,0.10449800055882676,0.10449800055882676,0.017243700610793455,13,0.055547500000102445
7-scenes-redkitchen,45,42,point_to_point,0.2997149400315977,20.46097583191134,0.22257989111801363,0.3667466284149944,0.10133443226549323,0.10128470617277034,nan,50,0.2038305999885779
7-scenes-redkitchen,44,43,point_to_plane,0.1915174432096441,0.9703053603465172,0.00947110591745846,0.015274451087766571,0.025914075857064088,0.025914075857064088,0.009136256802710428,6,0.026073699991684407
7-scenes-redkitchen,44,43,point_to_point,0.1915174432096441,1.7816613698962396,0.0200535177744533,0.031098426962066845,0.027309299196542187,0.027308369667234343,nan,34,0.11571060001733713
7-scenes-redkitchen,45,43,point_to_plane,0.22435752808780832,2.1732226871635616,0.014053961068143762,0.03450581108689239,0.09161457902944987,0.09161457902944987,0.01242335614440052,12,0.048201900004642084
7-scenes-redkitchen,45,43,point_to_point,0.22435752808780832,15.351706499900029,0.09083281291407076,0.3002483238247514,0.08924750428092924,0.08926238646294246,nan,39,0.1415512999810744
7-scenes-redkitchen,45,44,point_to_plane,0.12688219649818397,1.7437395190307772,0.010643748290730925,0.04305721146638961,0.05615086709404864,0.05615086709404864,0.018085361877472568,12,0.043654900015098974
7-scenes-redkitchen,45,44,point_to_point,0.12688219649818397,5.3131418349607555,0.021404603558964074,0.13467790983308087,0.06439612763032299,0.06439426057367685,nan,42,0.1343596999940928
7-scenes-redkitchen,46,44,point_to_plane,0.07802413729722894,5.402063227417842,0.5560645858131964,0.5613690471685148,0.0745974933799331,0.0745974933799331,0.03837465355310271,50,0.19777619998785667
7-scenes-redkitchen,46,44,point_to_point,0.07802413729722894,7.353958456965023,0.5543242257318057,0.6078279562970589,0.07271282181582843,0.07268252535453693,nan,35,0.09898219999740832
7-scenes-redkitchen,46,45,point_to_plane,0.332504331280247,1.310738773220662,0.015421260132650107,0.03936327493550144,0.05225097925616282,0.05225097925616282,0.014692221825436478,17,0.05303689997526817
7-scenes-redkitchen,46,45,point_to_point,0.332504331280247,4.4911622894989645,0.28828558572131546,0.32349849613923465,0.05044651717425617,0.050450191659771375,nan,40,0.10585469999932684
7-scenes-redkitchen,47,45,point_to_plane,0.3068910855747111,5.590794889791375,0.24019258988807748,0.30322785689600124,0.12761100646238283,0.12761100646238283,0.03202048487101247,24,0.10031100001651794
7-scenes-redkitchen,47,45,point_to_point,0.3068910855747111,4.415613009335407,0.8451106451265562,0.8363696509718369,0.05336112986780095,0.05336696318739506,nan,41,0.10583549999864772
7-scenes-redkitchen,47,46,point_to_plane,0.19538128795142862,1.493890563913813,0.025390202399509648,0.05023077438112784,0.062341059568323115,0.062341059568323115,0.013918297277353985,9,0.024542999977711588
7-scenes-redkitchen,47,46,point_to_point,0.19538128795142862,1.297123768264897,0.3392609607664704,0.3321349529640258,0.055123219552717095,0.05518038813459642,nan,50,0.11619940001401119
7-scenes-redkitchen,48,46,point_to_plane,0.14191558665859802,1.6345932847810771,0.040340100019094466,0.07400938358745217,0.19714373271424931,0.19714373271424931,0.017196270007648028,50,0.15304590002051555
7-scenes-redkitchen,48,46,point_to_point,0.14191558665859802,14.907517980226984,0.985021202099884,0.9631268750189177,0.09131898223783146,0.09134103314970961,nan,35,0.08695319999242201
7-scenes-redkitchen,49,46,point_to_plane,0.2578597044628563,2.808917441632197,0.058979027667648815,0.10669521379921725,0.34013976138924146,0.34013976138924146,0.020063048667753308,24,0.08951580000575632
7-scenes-redkitchen,49,46,point_to_point,0.2578597044628563,23.281812180049233,1.3866324903941663,1.344255199000622,0.09318284486889135,0.0931923219462931,nan,30,0.08074920001672581
7-scenes-redkitchen,50,46,point_to_plane,0.20968843456485087,1.727705974311386,0.08161619592860403,0.09999281103464397,0.16918593894899908,0.16918593894899908,0.020259346426586573,22,0.05589469999540597
7-scenes-redkitchen,50,46,point_to_point,0.20968843456485087,26.311031090500684,1.1273647948888597,1.0709708903447641,0.08482330976416165,0.08481578565955765,nan,50,0.12292990001151338
7-scenes-redkitchen,51,46,point_to_plane,0.12146635139935551,1.3453831550694526,0.02308183599658842,0.021970167449202514,0.031825644980979284,0.031825644980979284,0.009295974574955077,9,0.021219799993559718
7-scenes-redkitchen,51,46,point_to_point,0.12146635139935551,4.482913997014345,0.11019848084214769,0.049443223124071345,0.03463153820979635,0.034622570431158156,nan,23,0.05168739997316152
7-scenes-redkitchen,52,46,point_to_plane,0.3076100701814658,2.3444331106714804,0.045607672157647466,0.07901468229145439,0.24936170840127098,0.24936170840127098,0.01825872999175496,20,0.07277920001070015
7-scenes-redkitchen,52,46,point_to_point,0.3076100701814658,30.29963834868795,1.106213157794138,1.135418437914124,0.09274470796534204,0.09274730618909839,nan,50,0.12212370001361705
7-scenes-redkitchen,48,47,point_to_plane,0.19106864628884762,1.6402290116917653,0.03063713682314933,0.023051135960415935,0.07748285411868855,0.07748285411868855,0.015025620017071797,16,0.04174989997409284
7-scenes-redkitchen,48,47,point_to_point,0.19106864628884762,10.449521411047044,0.32461434570990055,0.3804735366684856,0.08179247767207291,0.08178709064488612,nan,50,0.12841400000615977
7-scenes-redkitchen,49,47,point_to_plane,0.13952421709452945,3.9722503820364445,0.045461646035974856,0.05339852046856276,0.15622305264630412,0.15622305264630412,0.025210625875055112,11,0.029392600001301616
7-scenes-redkitchen,49,47,point_to_point,0.13952421709452945,16.37253502555749,0.7704839491131757,0.7731151257359393,0.08338810972181344,0.08339428345199691,nan,41,0.10637350002070889
7-scenes-redkitchen,50,47,point_to_plane,0.15299020340343766,1.5460427372882461,0.022170600497779906,0.013987821209031073,0.06802729134234509,0.06802729134234509,0.009760784755588538,12,0.025763299985555932
7-scenes-redkitchen,50,47,point_to_point,0.15299020340343766,17.224595628607045,0.418288983263797,0.4292666210250523,0.07798779226256651,0.07793568274529653,nan,50,0.10656789998756722
7-scenes-redkitchen,51,47,point_to_plane,0.13273204527124388,2.6582703681481736,0.036434512481549684,0.013774350929392295,0.028000596108233498,0.028000596108233498,0.007593983993256852,11,0.017316200013738126
7-scenes-redkitchen,51,47,point_to_point,0.13273204527124388,6.389827776563755,0.10037969352557007,0.036659891169660806,0.029795701218137943,0.029793108358031985,nan,28,0.04165070000453852
7-scenes-redkitchen,52,47,point_to_plane,0.21700637772897646,2.885025406786554,0.043457949947874705,0.024646359660188983,0.10900658634696496,0.10900658634696496,0.0179596915156441,29,0.06723139999667183
7-scenes-redkitchen,52,47,point_to_point,0.21700637772897646,21.958565271254606,0.4117769036381471,0.5222068678907923,0.0889810601942072,0.08897052770044675,nan,46,0.10793779999949038
7-scenes-redkitchen,53,47,point_to_plane,0.12473009193597225,4.4853109332225225,0.052362611024278916,0.08673355303402493,0.39157562304810317,0.39157562304810317,0.02482721277165069,50,0.1617287999833934
7-scenes-redkitchen,53,47,point_to_point,0.12473009193597225,20.44781674224793,1.183847856423536,1.1809459045512745,0.15340358736860096,0.15340689376385933,nan,32,0.11398189997998998
7-scenes-redkitchen,49,48,point_to_plane,0.28020969703807364,1.1177440239728866,0.014073690709628262,0.02640838807766692,0.04061933863896936,0.04061933863896936,0.01115446188944184,15,0.04340230001253076
7-scenes-redkitchen,49,48,point_to_point,0.28020969703807364,1.3819004287986472,0.08278542419145653,0.10277637998859662,0.04305408994301683,0.043065626289923435,nan,50,0.11487960000522435
7-scenes-redkitchen,50,48,point_to_plane,0.20195081775453463,0.9112318535111542,0.014635755824077813,0.008384603403093957,0.02905050406106645,0.02905050406106645,0.008844777708767645,14,0.028455399995436892
7-scenes-redkitchen,50,48,point_to_point,0.20195081775453463,2.3908604196900685,0.019936724378288768,0.03851615711353523,0.03078447780826241,0.030798732582192945,nan,42,0.07591130002401769
7-scenes-redkitchen,51,48,point_to_plane,0.1827895282548724,3.0242381310413227,0.05375522260631808,0.03604196728235131,0.03604019489125751,0.03604019489125751,0.014163882425390715,10,0.016640499990899116
7-scenes-redkitchen,51,48,point_to_point,0.1827895282548724,6.487680259863735,0.09510489304987596,0.06354510341472147,0.040144239155165524,0.040143764927660294,nan,30,0.04381060000741854
7-scenes-redkitchen,52,48,point_to_plane,0.16649983531795426,1.1637179719875166,0.018453266366314003,0.018767195312337046,0.04370173162654694,0.04370173162654694,0.010191254569736073,9,0.021008000010624528
7-scenes-redkitchen,52,48,point_to_point,0.16649983531795426,5.684922413867215,0.07960940923018005,0.07604554371033519,0.0488117286167624,0.04881131833902408,nan,28,0.056632000021636486
7-scenes-redkitchen,53,48,point_to_plane,0.2442533683397893,2.0920158447861508,0.053298809108855726,0.06850707077167467,0.19692705585297288,0.19692705585297288,0.01940041175909943,50,0.17425149999326095
7-scenes-redkitchen,53,48,point_to_point,0.2442533683397893,17.527669110504803,0.3926926782655329,0.37646170061381473,0.18676267659406728,0.1866891842492734,nan,10,0.0373808000003919
7-scenes-redkitchen,54,48,point_to_plane,0.16823211426407697,2.1941535995831685,0.08134889436163803,0.10865471367806594,0.7835018116195545,0.7835018116195545,0.018527223143268812,8,0.06515959999524057
7-scenes-redkitchen,54,48,point_to_point,0.16823211426407697,31.704403376638364,1.408481942012185,1.5802839355558718,0.35809445881773233,0.3580539101318272,nan,28,0.25314280000748113
7-scenes-redkitchen,50,49,point_to_plane,0.25535461543062,1.4123503810683546,0.03698335278602501,0.04139385799935949,0.037113340878049086,0.037113340878049086,0.012779877238091894,17,0.0385944000154268
7-scenes-redkitchen,50,49,point_to_point,0.25535461543062,1.7098011185668727,0.06723538051812034,0.06651612061064183,0.03907754943299441,0.03907690494585212,nan,29,0.05673350000870414
7-scenes-redkitchen,52,49,point_to_plane,0.11975982700735861,1.117833431342401,0.03629910085845938,0.04054110760882084,0.04067742896348694,0.04067742896348694,0.013464721008787744,11,0.02690450000227429
7-scenes-redkitchen,52,49,point_to_point,0.11975982700735861,1.7130541962512646,0.050457638067007995,0.055962670132456926,0.042261708597443846,0.04225927111947423,nan,34,0.07128430000739172
7-scenes-redkitchen,53,49,point_to_plane,0.24713316190117066,2.175142350121005,0.06654565183682801,0.0717432085859958,0.12821801014789175,0.12821801014789175,0.015410615277315914,50,0.17239019999396987
7-scenes-redkitchen,53,49,point_to_point,0.24713316190117066,19.357646657522935,0.4022226167970769,0.3602719638417039,0.14417628134460198,0.14416325280035688,nan,50,0.17118910001590848
7-scenes-redkitchen,54,49,point_to_plane,0.3897232213181857,1.436129891766541,0.12721532363570437,0.13106927233698715,0.6161509556531348,0.6161509556531348,0.017307731554407832,14,0.10474400001112372
7-scenes-redkitchen,54,49,point_to_point,0.3897232213181857,36.21130238431059,1.1109128892888753,1.3106071363495098,0.3530138203707539,0.3529521004733666,nan,50,0.4345811999810394
7-scenes-redkitchen,59,49,point_to_plane,0.1719976948897952,3.149235912005218,0.030681030244183113,0.04301270341286109,0.613645686457805,0.613645686457805,0.01527418109202509,50,0.2779549999977462
7-scenes-redkitchen,59,49,point_to_point,0.1719976948897952,78.2184592847988,2.4591268266796806,1.0910997219264644,0.3104250139576705,0.3103857311562587,nan,16,0.07855200002086349
7-scenes-redkitchen,51,50,point_to_plane,0.2739435601777749,1.3629002739869918,0.029920646664843318,0.03121180477824137,0.0282142106546388,0.0282142106546388,0.011303089873678703,22,0.030100899981334805
7-scenes-redkitchen,51,50,point_to_point,0.2739435601777749,4.222101645078755,0.05373321795657337,0.04611999257448297,0.032762296359842395,0.032733485736400655,nan,36,0.04337199998553842
7-scenes-redkitchen,52,50,point_to_plane,0.21175277507101506,1.7666367601335067,0.016360788915517056,0.034087930561201976,0.040013498551013583,0.040013498551013583,0.017042260325071636,50,0.10576399997808039
7-scenes-redkitchen,52,50,point_to_point,0.21175277507101506,2.2942614321091073,0.03776572309685284,0.06535922389580154,0.04391002059225244,0.04391170956431187,nan,23,0.042439899989403784
7-scenes-redkitchen,53,50,point_to_plane,0.20147438705524678,3.2895756029051415,0.0493893178762117,0.08345047224477029,0.19495566270704295,0.19495566270704295,0.026463003031149422,13,0.045878800010541454
7-scenes-redkitchen,53,50,point_to_point,0.20147438705524678,9.212464340558927,0.5907757000655626,0.5225836216266797,0.16190288741708952,0.16188146566936093,nan,50,0.15857659999164753
7-scenes-redkitchen,54,50,point_to_plane,0.1979832701675419,2.5939272801627533,0.0892677070859349,0.12226097950733643,0.7865231420400883,0.7865231420400883,0.031035394013822958,50,0.3402738999866415
7-scenes-redkitchen,54,50,point_to_point,0.1979832701675419,63.29668320275687,0.9650318241803872,1.4336741787541851,0.4100720640531413,0.4100473118123248,nan,40,0.30080009999801405
7-scenes-redkitchen,52,51,point_to_plane,0.1697893781635962,2.096637507392982,0.033751017597513165,0.05522441446083126,0.221624547437416,0.221624547437416,0.01784227879162884,10,0.022126600000774488
7-scenes-redkitchen,52,51,point_to_point,0.1697893781635962,20.64688529474475,0.6406496946914884,0.6400171374820468,0.16957334859506573,0.16955599554400214,nan,21,0.04029169998830184
7-scenes-redkitchen,53,51,point_to_plane,0.1443464372923303,5.082973243945124,0.08543552274269385,0.12253492375640637,0.6218504267617465,0.6218504267617465,0.0218706481580224,14,0.044724600011250004
7-scenes-redkitchen,53,51,point_to_point,0.1443464372923303,18.583977802287492,1.2750670395100878,1.1824184797606092,0.2747444163002187,0.27473084501602046,nan,23,0.07529160002013668
7-scenes-redkitchen,53,52,point_to_plane,0.12238028353794092,0.9241738269711938,0.04883614167582964,0.06113651783629159,0.16191626121572744,0.16191626121572744,0.014643581696967863,11,0.039513600000645965
7-scenes-redkitchen,53,52,point_to_point,0.12238028353794092,7.399838235687323,0.5025485195496934,0.4405813477951459,0.13621619364488294,0.13621403983531608,nan,50,0.15953340000123717
7-scenes-redkitchen,54,52,point_to_plane,0.2848131753393937,1.0949308468161127,0.10012733395440325,0.11655139308085304,0.7674031850446396,0.7674031850446396,0.01850029556463038,19,0.14216280000982806
7-scenes-redkitchen,54,52,point_to_point,0.2848131753393937,22.420335835448554,1.318656130588216,1.3978440233138525,0.3716857411813146,0.37167468293516776,nan,31,0.24630999998771586
7-scenes-redkitchen,54,53,point_to_plane,0.2823262299828196,0.7094177491996789,0.015783866292511658,0.011225453702227446,0.36596947744292474,0.36596947744292474,0.011902792522875074,9,0.06915080000180751
7-scenes-redkitchen,54,53,point_to_point,0.2823262299828196,12.670818999956172,0.5891127133865216,0.7325942046041031,0.24849946278667417,0.24849825504886924,nan,50,0.4126070000056643
7-scenes-redkitchen,55,53,point_to_plane,0.42627251108944625,31.375709396181335,1.4925334101970715,1.3568996330123768,0.45889680692647106,0.45889680692647106,0.0576026659029964,50,0.3982687999960035
7-scenes-redkitchen,55,53,point_to_point,0.42627251108944625,62.175529252022976,1.1586146783789855,1.1118307599845005,0.2781915615933617,0.2781690760765104,nan,50,0.38525449999724515
7-scenes-redkitchen,56,53,point_to_plane,0.2630371324447985,3.999717024990346,0.16120298273602957,0.09953900102637367,0.5192938137185397,0.5192938137185397,0.024250443300653193,12,0.07366860000183806
7-scenes-redkitchen,56,53,point_to_point,0.2630371324447985,54.048699396015486,1.8642444884290263,1.1185964430993343,0.2585911098198586,0.25858396416011986,nan,41,0.2780450999853201
7-scenes-redkitchen,58,53,point_to_plane,0.14678951891882144,1.9396675202438463,0.1319730778144679,0.08585438685551613,0.43669415248047194,0.43669415248047194,0.01786651798964147,50,0.23933820001548156
7-scenes-redkitchen,58,53,point_to_point,0.14678951891882144,60.59391588340345,1.1372195675191665,1.0539072263315474,0.28230815390942776,0.2822440108521218,nan,50,0.27778189998934977
7-scenes-redkitchen,59,53,point_to_plane,0.19670818163939646,1.4962332763223334,0.1044887863947336,0.08686976315373421,0.36787902916527987,0.36787902916527987,0.018131046363924572,12,0.07479730001068674
7-scenes-redkitchen,59,53,point_to_point,0.19670818163939646,44.68742038822044,0.6050755186797043,0.8143797606700102,0.2591589835950386,0.2591273935041778,nan,32,0.1787237000244204
7-scenes-redkitchen,55,54,point_to_plane,0.19977637284983407,1.2980950558538304,0.04983796342558858,0.02598711675204628,0.07369311141658817,0.07369311141658817,0.01254082312150592,13,0.10608520000823773
7-scenes-redkitchen,55,54,point_to_point,0.19977637284983407,4.545477881629415,0.028695964972059822,0.1457025113338247,0.08891450243099965,0.08890415016119495,nan,25,0.19933650002349168
7-scenes-redkitchen,56,54,point_to_plane,0.22579760023838716,2.64337855511987,0.08388121853692657,0.06851166254602123,0.08737103712939714,0.08737103712939714,0.021215480101553233,10,0.0746289000089746
7-scenes-redkitchen,56,54,point_to_point,0.22579760023838716,2.681162508856261,0.1714904427276094,0.08965056557222266,0.09462918908594314,0.09462721770274489,nan,21,0.140011899988167
7-scenes-redkitchen,57,54,point_to_plane,0.18511865934472602,2.992554460966742,0.06443806707542259,0.07993029061328379,0.14281240364247913,0.14281240364247913,0.026324081955389246,7,0.04772429997683503
7-scenes-redkitchen,57,54,point_to_point,0.18511865934472602,8.852529455169655,0.2935894574120227,0.3212234973779364,0.15774080608547053,0.15773704643658096,nan,27,0.16114260000176728
7-scenes-redkitchen,58,54,point_to_plane,0.26914452289655383,1.063658391835306,0.04639616646316889,0.037410729772682505,0.09399322689890818,0.09399322689890818,0.012706408795798574,11,0.06686590000754222
7-scenes-redkitchen,58,54,point_to_point,0.26914452289655383,2.717086319766491,0.10399944909751495,0.12804988356984276,0.10484189871377186,0.10482129254057611,nan,24,0.13333810001495294
7-scenes-redkitchen,59,54,point_to_plane,0.2619862669871747,1.2006113673093968,0.027449001223655917,0.019779716798218647,0.13186447774040572,0.13186447774040572,0.012472289411335283,12,0.0812677999783773
7-scenes-redkitchen,59,54,point_to_point,0.2619862669871747,12.128775086319806,0.49281546021596084,0.3563935730584342,0.13258330382184813,0.1325661526678145,nan,40,0.25837009999668226
7-scenes-redkitchen,56,55,point_to_plane,0.16353192002953493,1.0544693088509858,0.029097507972734356,0.0456762198551824,0.03222127011621945,0.03222127011621945,0.0162810463939681,10,0.06662409999989904
7-scenes-redkitchen,56,55,point_to_point,0.16353192002953493,1.2167789267125444,0.03309219077936236,0.03640929548405056,0.031652504517933736,0.03164949363212312,nan,18,0.09948819997953251
7-scenes-redkitchen,57,55,point_to_plane,0.2703171844474854,2.268871092142423,0.04581824945851054,0.08480338813408013,0.07690964227245001,0.07690964227245001,0.011020810019043242,17,0.0912495999946259
7-scenes-redkitchen,57,55,point_to_point,0.2703171844474854,14.768495334215876,0.2449988208818668,0.33333462864320457,0.11430259140116161,0.11444726862965021,nan,50,0.2740359999879729
7-scenes-redkitchen,58,55,point_to_plane,0.19223712477180896,1.1399802509791874,0.04499449715790493,0.03065122883723668,0.04646127811262396,0.04646127811262396,0.010593711745637517,11,0.057353700016392395
7-scenes-redkitchen,58,55,point_to_point,0.19223712477180896,2.1462460153409606,0.074938781591049,0.0860704791741333,0.04886471585234734,0.0488602345741079,nan,32,0.14943229997879826
7-scenes-redkitchen,59,55,point_to_plane,0.09351062218154112,1.5773244851788577,0.06383529767890235,0.030115898225550906,0.16159619186937307,0.16159619186937307,0.013714232247077754,11,0.06766770000103861
7-scenes-redkitchen,59,55,point_to_point,0.09351062218154112,10.56913779895959,0.44444338547457246,0.5192008062623082,0.13931635070355314,0.13930410715917643,nan,26,0.14967990000150166
7-scenes-redkitchen,57,56,point_to_plane,0.20569667203157171,0.8438440549152146,0.014620807489268998,0.025844326882831194,0.06996219853723579,0.06996219853723579,0.008916958253261643,11,0.058484100009081885
7-scenes-redkitchen,57,56,point_to_point,0.20569667203157171,17.771641240983097,0.3398100048794711,0.39796805044600164,0.11113368442779098,0.11107247161265901,nan,50,0.25175039999885485
7-scenes-redkitchen,58,56,point_to_plane,0.24022798463137715,1.121189966804299,0.02335075102088589,0.026887033304858386,0.08895820255006405,0.08895820255006405,0.01289962818451506,13,0.07450479999533854
7-scenes-redkitchen,58,56,point_to_point,0.24022798463137715,9.104909491021306,0.23923832939765916,0.21002968241300907,0.1024034307201081,0.10240084636379652,nan,38,0.20912099999259226
7-scenes-redkitchen,59,56,point_to_plane,0.18665049168903236,1.3096617446942593,0.042008893606480704,0.026757072335236613,0.21076147376803145,0.21076147376803145,0.016062565282190643,9,0.06889379999483936
7-scenes-redkitchen,59,56,point_to_point,0.18665049168903236,21.207957616670505,1.2097990374353849,0.5679349922751502,0.15005303273971823,0.1500311620302046,nan,50,0.30280279999715276
7-scenes-redkitchen,58,57,point_to_plane,0.17189785365342466,2.993588584436248,0.04970845479059194,0.09049635929871941,0.12720329649017809,0.12720329649017809,0.010523085685635257,19,0.10061580000910908
7-scenes-redkitchen,58,57,point_to_point,0.17189785365342466,10.661210420237616,0.14976478898888257,0.19634087759493107,0.11339384969527036,0.11339093884206934,nan,30,0.1396023999841418
7-scenes-redkitchen,59,57,point_to_plane,0.4196222114581922,5.733948254896479,0.15613890674654654,0.14325550350196387,0.2006256159010726,0.2006256159010726,0.03822123655288221,22,0.13259600001038052
7-scenes-redkitchen,59,57,point_to_point,0.4196222114581922,19.479043890936993,0.22596756809134383,0.4003888733419082,0.17458299843230418,0.17458246316617212,nan,20,0.11010379999061115
7-scenes-redkitchen,59,58,point_to_plane,0.34004014235649527,0.6412691828494992,0.021393129620685604,0.010499332049684494,0.09478443075139989,0.09478443075139989,0.01344006183997769,8,0.05223420000402257
7-scenes-redkitchen,59,58,point_to_point,0.34004014235649527,5.465248658031774,0.15814648261347036,0.1971909864203773,0.1019000646425267,0.10189674976321562,nan,35,0.18108890001894906
sun3d-home_at-home_at_scan1_2013_jan_1,1,0,point_to_plane,0.2093062499075009,1.4948021513443888,0.06063871375539555,0.03866894513098182,0.1412281512713718,0.1412281512713718,0.019349264298771162,14,0.15862009997363202
sun3d-home_at-home_at_scan1_2013_jan_1,1,0,point_to_point,0.2093062499075009,6.230301649863285,0.3173728387051008,0.346345022923443,0.13929525119036243,0.13929535361258966,nan,46,0.41768909999518655
sun3d-home_at-home_at_scan1_2013_jan_1,2,0,point_to_plane,0.13197529608214845,1.5584334360969017,0.07640448515741717,0.04007740351381264,0.16814537441670788,0.16814537441670788,0.02051317673796268,50,0.46734489998198114
sun3d-home_at-home_at_scan1_2013_jan_1,2,0,point_to_point,0.13197529608214845,9.88947688754506,0.3590336894334964,0.446528775663238,0.1544905631755164,0.1544905821831643,nan,35,0.3242370999942068
sun3d-home_at-home_at_scan1_2013_jan_1,2,1,point_to_plane,0.15436957440642174,0.6323369629617288,0.016003516030901794,0.012588375022817571,0.02703900218987591,0.02703900218987591,0.009092684195022536,10,0.08280009997542948
sun3d-home_at-home_at_scan1_2013_jan_1,2,1,point_to_point,0.15436957440642174,0.2552786689632379,0.014150635819731977,0.01612948722202341,0.02758893542381581,0.027589782694822835,nan,40,0.2847112999879755
sun3d-home_at-home_at_scan1_2013_jan_1,34,1,point_to_plane,0.31520566362836305,1.634960794891646,0.11340951511094129,0.06992636368334755,0.19623032911908966,0.19623032911908966,0.0328412992025031,28,0.35278280000784434
sun3d-home_at-home_at_scan1_2013_jan_1,34,1,point_to_point,0.31520566362836305,19.491838932254424,0.31380675392125107,0.6531541687580611,0.16989321753580047,0.16989177774514883,nan,37,0.38493369999923743
sun3d-home_at-home_at_scan1_2013_jan_1,37,1,point_to_plane,0.203881382232386,1.227118689806128,0.05585654988575413,0.05030934620264781,0.14708897892189796,0.14708897892189796,0.03232055856149149,32,0.3130515999800991
sun3d-home_at-home_at_scan1_2013_jan_1,37,1,point_to_point,0.203881382232386,12.129767151930412,0.5436889114395304,0.4119039337761487,0.14197481030137143,0.14198134813855337,nan,35,0.3278938999865204
sun3d-home_at-home_at_scan1_2013_jan_1,38,1,point_to_plane,0.15211711510005885,2.660028203808937,0.26495925531162395,0.1740106929150704,0.21177743595028903,0.21177743595028903,0.02726407827439228,16,0.1914217000012286
sun3d-home_at-home_at_scan1_2013_jan_1,38,1,point_to_point,0.15211711510005885,15.674165073079886,1.1609090577978178,0.9986009800486767,0.12076764245627326,0.120769406393427,nan,50,0.4505086000135634
sun3d-home_at-home_at_scan1_2013_jan_1,50,1,point_to_plane,0.2775032830105861,2.685828568930447,0.9294181923415237,0.8226872918560028,0.3006044728543001,0.3006044728543001,0.03660917483391908,50,0.5809634000179358
sun3d-home_at-home_at_scan1_2013_jan_1,50,1,point_to_point,0.2775032830105861,28.784578307872014,1.7281488314492184,1.6512403569046912,0.19914797348821991,0.1992193491131886,nan,50,0.5771513000072446
sun3d-home_at-home_at_scan1_2013_jan_1,34,2,point_to_plane,0.19345316703162754,2.793107392622216,0.045842476900699106,0.0647603147342246,0.22404091534822274,0.22404091534822274,0.03497115491007586,33,0.37400979999802075
sun3d-home_at-home_at_scan1_2013_jan_1,34,2,point_to_point,0.19345316703162754,21.998056718434867,0.294994932650357,0.7049784704797306,0.1689763118784856,0.16899076921303938,nan,33,0.3620595999818761
sun3d-home_at-home_at_scan1_2013_jan_1,36,2,point_to_plane,0.26715294837212644,1.822573222764529,0.06458382887515544,0.09449033847252203,0.2809544930337062,0.2809544930337062,0.03723785315364621,21,0.2538396999880206
sun3d-home_at-home_at_scan1_2013_jan_1,36,2,point_to_point,0.26715294837212644,30.626398966396728,0.26849924242378115,0.8915118685110346,0.16314033398441255,0.1631243819037198,nan,33,0.3433828000270296
sun3d-home_at-home_at_scan1_2013_jan_1,37,2,point_to_plane,0.326707571136749,0.7887034918746048,0.06611258968633174,0.06055151330909278,0.1813572725210192,0.1813572725210192,0.03234779441056788,16,0.17237480002222583
sun3d-home_at-home_at_scan1_2013_jan_1,37,2,point_to_point,0.326707571136749,30.28811952320997,0.7214668735902907,0.6178242429057802,0.1325184155414999,0.1325135073035139,nan,33,0.3113811999792233
sun3d-home_at-home_at_scan1_2013_jan_1,38,2,point_to_plane,0.07068917685958037,2.0921495207434124,0.2561255369267064,0.18247704609464202,0.19583041781783672,0.19583041781783672,0.026841754196582614,23,0.23102410000865348
sun3d-home_at-home_at_scan1_2013_jan_1,38,2,point_to_point,0.07068917685958037,6.7204236011799505,0.963649170645337,0.8739163528359768,0.13104884134354514,0.13104810645537077,nan,50,0.4453069000155665
sun3d-home_at-home_at_scan1_2013_jan_1,4,3,point_to_plane,0.19137146450281523,2.0398380972809265,0.1340975966714058,0.13665375312734898,0.4145065152571902,0.4145065152571902,0.025504191647226553,17,0.13911670001107268
sun3d-home_at-home_at_scan1_2013_jan_1,4,3,point_to_point,0.19137146450281523,28.726028517427903,1.7384207339414581,0.7965260834478306,0.3556181371404609,0.3555810567994408,nan,50,0.30148139997618273
sun3d-home_at-home_at_scan1_2013_jan_1,6,3,point_to_plane,0.1740170007660683,2.4056057893454748,0.15574934616606578,0.16233241095051115,0.2381231311332089,0.2381231311332089,0.028788320979748663,21,0.13796750002074987
sun3d-home_at-home_at_scan1_2013_jan_1,6,3,point_to_point,0.1740170007660683,34.49384951529816,2.3104530864149377,0.9590067237720425,0.18087597450033976,0.18087414429234613,nan,44,0.21183020001626574
sun3d-home_at-home_at_scan1_2013_jan_1,31,3,point_to_plane,0.26548063406273553,3.0383512731747575,0.09326875634632577,0.06536497811564225,0.2559599164476162,0.2559599164476162,0.034896741547383515,28,0.28136709998943843
sun3d-home_at-home_at_scan1_2013_jan_1,31,3,point_to_point,0.26548063406273553,15.389990259674628,0.38956168332928,0.5115280253947669,0.21075149663798295,0.21076231546901683,nan,34,0.2767178999783937
sun3d-home_at-home_at_scan1_2013_jan_1,47,3,point_to_plane,0.18863427285859627,1.3044181382617068,0.09080422765863247,0.0747101222285876,0.2639243151486107,0.2639243151486107,0.036379173382128184,19,0.18607369999517687
sun3d-home_at-home_at_scan1_2013_jan_1,47,3,point_to_point,0.18863427285859627,25.7116641783484,0.6266495578109204,0.7205954330706855,0.21544385801755064,0.2154370108417409,nan,50,0.3754577000217978
sun3d-home_at-home_at_scan1_2013_jan_1,6,4,point_to_plane,0.2383690333787694,0.6461714171583653,0.030694167112337443,0.014938933682916695,0.03251264438909659,0.03251264438909659,0.014512050518591038,18,0.07911709998734295
sun3d-home_at-home_at_scan1_2013_jan_1,6,4,point_to_point,0.2383690333787694,0.2990599998166573,0.011499837826968827,0.009513390270683927,0.03139998546560243,0.0314120869770818,nan,50,0.20086559999617748
sun3d-home_at-home_at_scan1_2013_jan_1,7,4,point_to_plane,0.11150814021530918,1.2812672028295375,0.07494589563469112,0.061086201617632,0.1475438612372656,0.1475438612372656,0.024329092758074596,10,0.07366799999726936
sun3d-home_at-home_at_scan1_2013_jan_1,7,4,point_to_point,0.11150814021530918,2.855361534880909,0.2511854461136393,0.33204871362640936,0.12988592215649358,0.12990303435492048,nan,12,0.0678065000101924
sun3d-home_at-home_at_scan1_2013_jan_1,7,6,point_to_plane,0.38422171210571543,1.194726405746886,0.0613601131495198,0.059281476620655894,0.16433678792943443,0.16433678792943443,0.018236963573171835,50,0.25319589997525327
sun3d-home_at-home_at_scan1_2013_jan_1,7,6,point_to_point,0.38422171210571543,3.1600686124595287,0.2650996866439368,0.35529612641814956,0.14038191897472432,0.14037816896182095,nan,31,0.15557010000338778
sun3d-home_at-home_at_scan1_2013_jan_1,9,8,point_to_plane,0.17089110884042108,3.5078199690085174,0.08245823492050393,0.11161255201568951,0.19988902568324168,0.19988902568324168,0.018850132634169826,8,0.07562659998075105
sun3d-home_at-home_at_scan1_2013_jan_1,9,8,point_to_point,0.17089110884042108,15.700257198219507,0.35381699035802633,0.2805372869820713,0.16347146146812955,0.16346869170246942,nan,22,0.13516840001102537
sun3d-home_at-home_at_scan1_2013_jan_1,10,8,point_to_plane,0.23238306167678308,4.550805176540121,0.10827524737126586,0.14624401266897297,0.4320257040380655,0.4320257040380655,0.021991672194563907,50,0.35344410000834614
sun3d-home_at-home_at_scan1_2013_jan_1,10,8,point_to_point,0.23238306167678308,34.78913175797313,0.6105490113965837,0.7589325240911025,0.2725067216137386,0.27251079724758304,nan,23,0.15383600001223385
sun3d-home_at-home_at_scan1_2013_jan_1,24,8,point_to_plane,0.15564286348758521,3.22317239535296,0.14482653343407517,0.05022567606245663,0.23543051167844956,0.23543051167844956,0.03253064425406336,19,0.14670020001358353
sun3d-home_at-home_at_scan1_2013_jan_1,24,8,point_to_point,0.15564286348758521,37.889882587688334,0.723896550797763,0.608696008536544,0.21425530905419132,0.21431027873280833,nan,50,0.284811500023352
sun3d-home_at-home_at_scan1_2013_jan_1,26,8,point_to_plane,0.2501380891673389,4.686642866347101,0.04760861275277758,0.08677373639246268,0.2927653126892454,0.2927653126892454,0.03647048335533288,50,0.3569421999854967
sun3d-home_at-home_at_scan1_2013_jan_1,26,8,point_to_point,0.2501380891673389,81.3347015019693,0.48519149230776926,1.1028272361005977,0.2003084111994289,0.2003470173886324,nan,50,0.33203669998329133
sun3d-home_at-home_at_scan1_2013_jan_1,28,8,point_to_plane,0.18375015005399012,2.917120448009987,0.06218556276994085,0.06944914013548448,0.27116886261742434,0.27116886261742434,0.032909502473653734,20,0.16017280000960454
sun3d-home_at-home_at_scan1_2013_jan_1,28,8,point_to_point,0.18375015005399012,73.82185162309972,0.6589080620472683,1.059356111308433,0.19282496339758334,0.19281099337731153,nan,50,0.3065960999811068
sun3d-home_at-home_at_scan1_2013_jan_1,29,8,point_to_plane,0.18815164810806947,2.428852645010651,0.02883942775986335,0.042486372267217465,0.25137569388879205,0.25137569388879205,0.030226265371421812,50,0.34908839999116026
sun3d-home_at-home_at_scan1_2013_jan_1,29,8,point_to_point,0.18815164810806947,53.47948200810183,0.8855475779481515,0.8957379747125445,0.2266632258173185,0.22693335941570675,nan,50,0.32929670001612976
sun3d-home_at-home_at_scan1_2013_jan_1,10,9,point_to_plane,0.2493721217405972,1.3759794388608209,0.15858384625118582,0.12404144253281528,0.16878935466534872,0.16878935466534872,0.030855640328351776,28,0.18196799998986535
sun3d-home_at-home_at_scan1_2013_jan_1,10,9,point_to_point,0.2493721217405972,13.943097609446978,0.7954020031152261,0.4242598962742916,0.15679439474931725,0.1567971362521211,nan,43,0.28173319998313673
sun3d-home_at-home_at_scan1_2013_jan_1,29,9,point_to_plane,0.2390282535975677,1.8365715241740541,0.030085196953099108,0.049951075626869776,0.23465224901727738,0.23465224901727738,0.032066319055304604,25,0.17171339999185875
sun3d-home_at-home_at_scan1_2013_jan_1,29,9,point_to_point,0.2390282535975677,20.74706849463744,0.99654722510915,0.8674991204277491,0.23949706224130207,0.2394484917362867,nan,50,0.3341503999836277
sun3d-home_at-home_at_scan1_2013_jan_1,11,10,point_to_plane,0.299871552690738,1.3252988914115575,0.054661712489189704,0.028809042390777116,0.3344900102936514,0.3344900102936514,0.017055533794437208,15,0.1838718000217341
sun3d-home_at-home_at_scan1_2013_jan_1,11,10,point_to_point,0.299871552690738,23.2899343463091,0.428547829847943,1.0780537642730927,0.1566162905028884,0.1567048910559039,nan,50,0.46468090001144446
sun3d-home_at-home_at_scan1_2013_jan_1,12,11,point_to_plane,0.24317981583152107,1.57163502520651,0.05712413587637037,0.031926375872013836,0.15277691936676513,0.15277691936676513,0.013982008693942439,16,0.14512609998928383
sun3d-home_at-home_at_scan1_2013_jan_1,12,11,point_to_point,0.24317981583152107,31.980594076633015,1.071460096567884,0.7027361316807351,0.11659973876814406,0.11652364442012592,nan,50,0.37990739999804646
sun3d-home_at-home_at_scan1_2013_jan_1,15,11,point_to_plane,0.31033981645077197,1.594484966389374,0.14291871536027156,0.0940490306319092,0.20238233469502884,0.20238233469502884,0.019906528452514838,18,0.1659718999871984
sun3d-home_at-home_at_scan1_2013_jan_1,15,11,point_to_point,0.31033981645077197,31.61499603788088,0.789305460628113,0.8130866195143428,0.15416790301431224,0.15416806942500003,nan,42,0.363681999995606
sun3d-home_at-home_at_scan1_2013_jan_1,17,11,point_to_plane,0.2532463265650318,1.0175521498478057,0.0995054255420798,0.07214672855931076,0.13217263314785724,0.13217263314785724,0.01804213660065737,13,0.11312449999968521
sun3d-home_at-home_at_scan1_2013_jan_1,17,11,point_to_point,0.2532463265650318,15.087268183586694,0.4032869880578192,0.5063380153364249,0.13598329224493927,0.1359989854470908,nan,43,0.2664181000145618
sun3d-home_at-home_at_scan1_2013_jan_1,13,12,point_to_plane,0.08128924981015061,1.0864552127066298,0.011728175653839264,0.029034961273008343,0.038021668806923176,0.038021668806923176,0.01143937300280416,10,0.0747339999943506
sun3d-home_at-home_at_scan1_2013_jan_1,13,12,point_to_point,0.08128924981015061,4.077154543803297,0.08973256783320745,0.08159101353564122,0.04209280395875612,0.0420928366650103,nan,29,0.13498090000939555
sun3d-home_at-home_at_scan1_2013_jan_1,14,12,point_to_plane,0.2872142647419596,0.5422039337968773,0.07132270513044976,0.059701276081833364,0.06553076601998871,0.06553076601998871,0.021949306816585232,11,0.10411709998152219
sun3d-home_at-home_at_scan1_2013_jan_1,14,12,point_to_point,0.2872142647419596,5.18727415654398,0.07930142980018981,0.14849384503285604,0.06803239402867937,0.06803969034500383,nan,23,0.12458109998260625
sun3d-home_at-home_at_scan1_2013_jan_1,15,12,point_to_plane,0.11511517317278906,1.5499398484528895,0.20541597717356222,0.15454974528911677,0.2493971715291497,0.2493971715291497,0.0283736521505478,12,0.09654729999601841
sun3d-home_at-home_at_scan1_2013_jan_1,15,12,point_to_point,0.11511517317278906,39.06811168146093,1.3451823475015048,0.9690410361217681,0.14657330254039364,0.14674747141266933,nan,50,0.40291169998818077
sun3d-home_at-home_at_scan1_2013_jan_1,16,12,point_to_plane,0.20956317498511065,2.468474857765697,0.14705589592076246,0.10875889130312136,0.08730309585266748,0.08730309585266748,0.026817935598783045,15,0.10968449999927543
sun3d-home_at-home_at_scan1_2013_jan_1,16,12,point_to_point,0.20956317498511065,8.651765636176068,0.22131987475364595,0.24835352907417194,0.08994427654894832,0.08994535307181949,nan,29,0.14455680001992732
sun3d-home_at-home_at_scan1_2013_jan_1,17,12,point_to_plane,0.26468268431977365,1.3733252065000279,0.14133930504597048,0.11094674980335628,0.12399157758858176,0.12399157758858176,0.021129479910036393,20,0.12206340002012439
sun3d-home_at-home_at_scan1_2013_jan_1,17,12,point_to_point,0.26468268431977365,9.21119126869253,0.8236613265353493,0.6392058051144206,0.11150103148188954,0.1114654339083231,nan,50,0.287956199987093
sun3d-home_at-home_at_scan1_2013_jan_1,18,12,point_to_plane,0.20525879104827022,1.371118372518368,0.0704560407306502,0.06639643776546426,0.061077454906510766,0.061077454906510766,0.022841066288010237,13,0.09581139998044819
sun3d-home_at-home_at_scan1_2013_jan_1,18,12,point_to_point,0.20525879104827022,5.960004503386287,0.08267291675744406,0.12149321951759799,0.06698166344059597,0.06698174733540427,nan,35,0.161561899993103
sun3d-home_at-home_at_scan1_2013_jan_1,21,12,point_to_plane,0.07150711634897051,1.1853237811137698,0.06692354526596787,0.07648727719978182,0.08932209994567425,0.08932209994567425,0.018925772010212245,11,0.05555309998453595
sun3d-home_at-home_at_scan1_2013_jan_1,21,12,point_to_point,0.07150711634897051,3.5147894022301673,0.38615539453079256,0.41956830548207996,0.07918663081686227,0.07914050690232452,nan,50,0.18381370001588948
sun3d-home_at-home_at_scan1_2013_jan_1,14,13,point_to_plane,0.13080817235007877,0.7536811723638274,0.015154391010869708,0.031700943211709194,0.09139865402130865,0.09139865402130865,0.017124946291806265,10,0.05050390001269989
sun3d-home_at-home_at_scan1_2013_jan_1,14,13,point_to_point,0.13080817235007877,4.399042018314256,0.09787241855158499,0.19076532058708975,0.0984511048526216,0.09845109079531057,nan,26,0.12685940001392737
sun3d-home_at-home_at_scan1_2013_jan_1,15,13,point_to_plane,0.2715254756287543,1.02082065705716,0.14213958779549823,0.12331615959121961,0.3511416721217684,0.3511416721217684,0.026001370192374,50,0.32171640000888146
sun3d-home_at-home_at_scan1_2013_jan_1,15,13,point_to_point,0.2715254756287543,25.646096326157508,0.5771054625698846,0.9340311533502937,0.19859026084928988,0.19858369800436637,nan,28,0.20014469997840934
sun3d-home_at-home_at_scan1_2013_jan_1,16,13,point_to_plane,0.3004233720856229,0.9702544713613026,0.05329211901353205,0.049459893631556257,0.16005079824318802,0.16005079824318802,0.020328650349321513,14,0.06627469998784363
sun3d-home_at-home_at_scan1_2013_jan_1,16,13,point_to_point,0.3004233720856229,26.160211517960683,0.6133832604857626,0.5459579532729251,0.12309912292455724,0.12312062646763428,nan,50,0.24343790000420995
sun3d-home_at-home_at_scan1_2013_jan_1,17,13,point_to_plane,0.15495979492017434,1.7737029990282094,0.057289828040720275,0.08520308197517089,0.1906965285670433,0.1906965285670433,0.02646088678161344,10,0.05147109998506494
sun3d-home_at-home_at_scan1_2013_jan_1,17,13,point_to_point,0.15495979492017434,12.377070079255365,0.5606849676163161,0.6240520688650671,0.14055622123302813,0.1405600212680949,nan,38,0.19425080000655726
sun3d-home_at-home_at_scan1_2013_jan_1,18,13,point_to_plane,0.10667604558385645,2.7815576015201624,0.03727613909827902,0.04523502929237252,0.06940654223367296,0.06940654223367296,0.023380199749894314,50,0.20293749999837019
sun3d-home_at-home_at_scan1_2013_jan_1,18,13,point_to_point,0.10667604558385645,4.375014413198262,0.07678947332874135,0.0797813220661279,0.07059760238731226,0.07059530850320277,nan,36,0.13660949998302385
sun3d-home_at-home_at_scan1_2013_jan_1,15,14,point_to_plane,0.13396179982730635,0.665480913467934,0.06371179658141198,0.062433250542796304,0.16330423526406274,0.16330423526406274,0.015438720449143458,10,0.06473209999967366
sun3d-home_at-home_at_scan1_2013_jan_1,15,14,point_to_point,0.13396179982730635,7.973731229332752,0.4348203608112884,0.539266876686836,0.12112799296663831,0.12113293476318264,nan,26,0.17245109999203123
sun3d-home_at-home_at_scan1_2013_jan_1,16,14,point_to_plane,0.33499265825602165,1.315755197035455,0.019399165420558834,0.02431531007916698,0.037758869146192635,0.037758869146192635,0.014192770846915058,11,0.054669100005412474
sun3d-home_at-home_at_scan1_2013_jan_1,16,14,point_to_point,0.33499265825602165,2.7527500202205215,0.06188194366265164,0.04849855049379115,0.039025316284977615,0.03902691615947324,nan,31,0.12814489999436773
sun3d-home_at-home_at_scan1_2013_jan_1,17,14,point_to_plane,0.2484450642418962,1.678599702209639,0.02760354327405934,0.04583388573791232,0.10710180243481986,0.10710180243481986,0.017242656797732472,15,0.07681440000305884
sun3d-home_at-home_at_scan1_2013_jan_1,17,14,point_to_point,0.2484450642418962,9.271833550660963,0.39809999387285294,0.392708545644461,0.1025454826318746,0.10254545634040695,nan,32,0.16675380000378937
sun3d-home_at-home_at_scan1_2013_jan_1,18,14,point_to_plane,0.24328722352071183,2.178957032720171,0.047352096124643236,0.027241199015956657,0.02859791587149483,0.02859791587149483,0.011727539414434123,11,0.04805889999261126
sun3d-home_at-home_at_scan1_2013_jan_1,18,14,point_to_point,0.24328722352071183,2.8487582960080355,0.035437521842658054,0.04162735569731481,0.030527140795958346,0.030527146127671264,nan,25,0.09277920000022277
sun3d-home_at-home_at_scan1_2013_jan_1,20,14,point_to_plane,0.3094266755557765,0.7174257693300269,0.014934942717552191,0.008284662860123885,0.03435056287952841,0.03435056287952841,0.008912893990340561,11,0.05340460001025349
sun3d-home_at-home_at_scan1_2013_jan_1,20,14,point_to_point,0.3094266755557765,4.449335242951027,0.0824263576108046,0.04685438920507171,0.03773103821489817,0.03773113988979121,nan,45,0.13833419998991303
sun3d-home_at-home_at_scan1_2013_jan_1,21,14,point_to_plane,0.1624336415690299,5.4200003145160665,0.07727099190501047,0.09590509110769947,0.11310883150769975,0.11310883150769975,0.03097996711406985,17,0.06447990000015125
sun3d-home_at-home_at_scan1_2013_jan_1,21,14,point_to_point,0.1624336415690299,7.398938121816047,0.4477450466930481,0.4499791344600024,0.07934268867336329,0.07934563535110777,nan,50,0.17870180000318214
sun3d-home_at-home_at_scan1_2013_jan_1,16,15,point_to_plane,0.13721937069233772,0.7908070447435678,0.14211302692059,0.13533872867801905,0.04112205608903397,0.04112205608903397,0.018910956659913613,28,0.14077460000407882
sun3d-home_at-home_at_scan1_2013_jan_1,16,15,point_to_point,0.13721937069233772,0.5783782490196355,0.19744384502707593,0.2114237933606248,0.040045181013001765,0.04004064900841364,nan,32,0.14965929999016225
sun3d-home_at-home_at_scan1_2013_jan_1,17,15,point_to_plane,0.18318166270368172,0.6295879708869104,0.023217763873744784,0.016427185633757814,0.045907434200972076,0.045907434200972076,0.009437762653244397,11,0.05873530000098981
sun3d-home_at-home_at_scan1_2013_jan_1,17,15,point_to_point,0.18318166270368172,3.4811091557415317,0.16475542655955222,0.07520090232739379,0.057006414763944094,0.05701627167542541,nan,34,0.16548700002022088
sun3d-home_at-home_at_scan1_2013_jan_1,18,15,point_to_plane,0.21610235099959046,2.358354115311794,0.26257905978008733,0.24738035146624435,0.060881396176714245,0.060881396176714245,0.03021555141083055,23,0.11759469998651184
sun3d-home_at-home_at_scan1_2013_jan_1,18,15,point_to_point,0.21610235099959046,3.0051045173161612,0.2734100361344694,0.2740315462942573,0.06246852227275367,0.06246795242478797,nan,41,0.1906308000034187
sun3d-home_at-home_at_scan1_2013_jan_1,21,15,point_to_plane,0.09327343109780853,1.7303524240520753,0.011062382867093086,0.03673169585618352,0.04621731723642792,0.04621731723642792,0.0159522986922012,12,0.0510008999845013
sun3d-home_at-home_at_scan1_2013_jan_1,21,15,point_to_point,0.09327343109780853,7.290717134008795,0.07462305905967309,0.11830019877680453,0.053553134303921855,0.05354885472415917,nan,40,0.14543969999067485
sun3d-home_at-home_at_scan1_2013_jan_1,17,16,point_to_plane,0.2874298264262653,0.4477007146297953,0.029541933227810353,0.026834090585628793,0.1731280127021735,0.1731280127021735,0.01528132503536374,16,0.08385210001142696
sun3d-home_at-home_at_scan1_2013_jan_1,17,16,point_to_point,0.2874298264262653,26.72212173661526,0.6134252397819406,0.6992184136486076,0.11802210033680832,0.11802728350006285,nan,38,0.1923425999993924
sun3d-home_at-home_at_scan1_2013_jan_1,18,16,point_to_plane,0.2240416882268645,2.6505088055656953,0.05867511843571702,0.03361148855292723,0.054678631886749415,0.054678631886749415,0.017556696060326626,12,0.04922439999063499
sun3d-home_at-home_at_scan1_2013_jan_1,18,16,point_to_point,0.2240416882268645,5.425056533367722,0.10355880183852631,0.09190602735315329,0.062161012747593045,0.062159911824935306,nan,34,0.12356430001091212
sun3d-home_at-home_at_scan1_2013_jan_1,19,16,point_to_plane,0.12674955354292533,0.8826112656452563,0.01345823045774065,0.012788754641034796,0.06750806492662462,0.06750806492662462,0.014176383245711393,50,0.15484550001565367
sun3d-home_at-home_at_scan1_2013_jan_1,19,16,point_to_point,0.12674955354292533,10.503972325404332,0.1853095078611893,0.11277749082562681,0.07406261478645565,0.07405072951614518,nan,24,0.055795099993702024
sun3d-home_at-home_at_scan1_2013_jan_1,20,16,point_to_plane,0.2620907846742776,1.026514290587272,0.024546541112750616,0.013520138824478502,0.020258038267408764,0.020258038267408764,0.005962304541244292,10,0.03182170001673512
sun3d-home_at-home_at_scan1_2013_jan_1,20,16,point_to_point,0.2620907846742776,0.7793330928509665,0.01902304787174477,0.01375715027286544,0.021645343920121143,0.021650606138895995,nan,28,0.07151320000411943
sun3d-home_at-home_at_scan1_2013_jan_1,21,16,point_to_plane,0.18980960649765022,1.6819838750712925,0.017535131061672805,0.03041743926732406,0.10010440266735321,0.10010440266735321,0.014686516584358158,11,0.03622509998967871
sun3d-home_at-home_at_scan1_2013_jan_1,21,16,point_to_point,0.18980960649765022,9.18278514980064,0.33641134404206097,0.3698485558185323,0.08280502151714361,0.08281815843089212,nan,50,0.15732160001061857
sun3d-home_at-home_at_scan1_2013_jan_1,18,17,point_to_plane,0.0786933915023523,1.6755297324981104,0.20952548056018286,0.19591241515843855,0.07527195420310437,0.07527195420310437,0.02867209504995054,21,0.09456830000272021
sun3d-home_at-home_at_scan1_2013_jan_1,18,17,point_to_point,0.0786933915023523,1.8896212167266087,0.36696322940591,0.3254486503886046,0.07325896384144383,0.07323138213215291,nan,50,0.1958903999766335
sun3d-home_at-home_at_scan1_2013_jan_1,21,17,point_to_plane,0.15422750225145868,0.485752485627089,0.013352157427885205,0.01519131548985326,0.038442543230750095,0.038442543230750095,0.01163944160511145,11,0.03978429999551736
sun3d-home_at-home_at_scan1_2013_jan_1,21,17,point_to_point,0.15422750225145868,4.585539145444962,0.06751919135509059,0.06997054553399536,0.04215637033312226,0.04215342171190223,nan,35,0.10430669999914244
sun3d-home_at-home_at_scan1_2013_jan_1,22,17,point_to_plane,0.17750426909841688,1.0539270144926849,0.028316252701689137,0.027868587809422318,0.23561449317906907,0.23561449317906907,0.01660379800154446,50,0.3020738000050187
sun3d-home_at-home_at_scan1_2013_jan_1,22,17,point_to_point,0.17750426909841688,31.748983696922757,0.8188752454547267,0.8757618531073282,0.1405994635248574,0.14060657896361275,nan,50,0.259361300006276
sun3d-home_at-home_at_scan1_2013_jan_1,19,18,point_to_plane,0.15033899800684059,1.1732080626413066,0.03534276031580325,0.01640456569212934,0.10113042943650617,0.10113042943650617,0.007117784569666045,50,0.11193909999565221
sun3d-home_at-home_at_scan1_2013_jan_1,19,18,point_to_point,0.15033899800684059,33.95825942089388,0.3775262188229108,0.4200775204431074,0.07403807043647884,0.07412234560586911,nan,50,0.12712660001125187
sun3d-home_at-home_at_scan1_2013_jan_1,20,18,point_to_plane,0.30815968511840336,5.449888628980212,0.10972620394374391,0.04591267915060946,0.05493486504426024,0.05493486504426024,0.016971139233569892,16,0.04635980000603013
sun3d-home_at-home_at_scan1_2013_jan_1,20,18,point_to_point,0.30815968511840336,12.337195844687558,0.20671687144290748,0.12628809076329073,0.06045356872391046,0.060453595757722606,nan,48,0.12729529998614453
sun3d-home_at-home_at_scan1_2013_jan_1,21,18,point_to_plane,0.22048940796221958,1.4835177798343848,0.01828519270830674,0.025919993146383567,0.18157920069323338,0.18157920069323338,0.00927616763503771,14,0.041780400002608076
sun3d-home_at-home_at_scan1_2013_jan_1,21,18,point_to_point,0.22048940796221958,8.946539243876865,0.8855296822626014,0.8479215740376848,0.0670958258576068,0.06710824550494612,nan,50,0.15509109999402426
sun3d-home_at-home_at_scan1_2013_jan_1,20,19,point_to_plane,0.1795086539874094,2.389868708330853,0.043967336733028,0.027411163141966687,0.17956567549199776,0.17956567549199776,0.012763991301916373,9,0.020403600006829947
sun3d-home_at-home_at_scan1_2013_jan_1,20,19,point_to_point,0.1795086539874094,62.8083643355157,0.779423871526186,0.7208703713079537,0.12432317801212682,0.12474441251801922,nan,50,0.11651829999755137
sun3d-home_at-home_at_scan1_2013_jan_1,21,20,point_to_plane,0.11615109170073763,1.105496761717898,0.01225318055451584,0.03868303358941032,0.35328437245152006,0.35328437245152006,0.013055554207642378,50,0.1255578999989666
sun3d-home_at-home_at_scan1_2013_jan_1,21,20,point_to_point,0.11615109170073763,27.79017596875845,0.7933901041490133,1.02458196334764,0.106140042223222,0.10615261829652187,nan,47,0.1314676999754738
sun3d-home_at-home_at_scan1_2013_jan_1,22,21,point_to_plane,0.10641220036007783,3.34254814094324,0.10879052028151763,0.046035968173911444,0.22615955908392968,0.22615955908392968,0.016929057223779954,8,0.034867199981817976
sun3d-home_at-home_at_scan1_2013_jan_1,22,21,point_to_point,0.10641220036007783,38.297846607492204,0.7528619789983019,0.826151636713623,0.16413041570793338,0.16411274829282665,nan,50,0.20997220001299866
sun3d-home_at-home_at_scan1_2013_jan_1,23,22,point_to_plane,0.22438344817183062,0.6146208421386427,0.05329989666940004,0.03819438078183353,0.1590418538538596,0.1590418538538596,0.01923810532962906,13,0.09155770001234487
sun3d-home_at-home_at_scan1_2013_jan_1,23,22,point_to_point,0.22438344817183062,7.515946603248486,0.13955972589458532,0.2546926577649245,0.16489058035233536,0.16489032022733585,nan,24,0.1150398000027053
sun3d-home_at-home_at_scan1_2013_jan_1,31,23,point_to_plane,0.2784940038847309,1.5233476188882336,0.05584623524243656,0.05749041783518412,0.832619747510381,0.832619747510381,0.009026181032166831,10,0.07153139999718405
sun3d-home_at-home_at_scan1_2013_jan_1,31,23,point_to_point,0.2784940038847309,56.07815152846443,2.64973549974863,1.8218495993263253,0.20524759371889256,0.20524492932101632,nan,35,0.2740170000179205
sun3d-home_at-home_at_scan1_2013_jan_1,32,23,point_to_plane,0.2850610880892775,1.061186990129673,0.04743996469697795,0.03701540970572241,0.43651937096022175,0.43651937096022175,0.01832729947655825,14,0.11717939999653026
sun3d-home_at-home_at_scan1_2013_jan_1,32,23,point_to_point,0.2850610880892775,28.730959949044713,1.61020561368094,1.0872958641679846,0.23063828037082568,0.23063011327752067,nan,20,0.11911280002095737
sun3d-home_at-home_at_scan1_2013_jan_1,42,23,point_to_plane,0.19395905099510413,3.1434778144892523,0.08373674813459915,0.05490271425495457,0.5261504969914045,0.5261504969914045,0.020091631031106748,15,0.1607621000148356
sun3d-home_at-home_at_scan1_2013_jan_1,42,23,point_to_point,0.19395905099510413,25.879636239005794,0.956801404685541,1.0829033736782079,0.30608630788717883,0.3060912145379918,nan,50,0.387820300005842
sun3d-home_at-home_at_scan1_2013_jan_1,25,24,point_to_plane,0.28342658691224804,1.7315747742733678,0.07180921514015529,0.032680851150364544,0.1006010080356047,0.1006010080356047,0.01600172592781337,14,0.10141849998035468
sun3d-home_at-home_at_scan1_2013_jan_1,25,24,point_to_point,0.28342658691224804,6.2891812386351935,0.1276788124426082,0.19600022636785225,0.09838665796721056,0.0983853572516978,nan,34,0.1555917999939993
sun3d-home_at-home_at_scan1_2013_jan_1,26,24,point_to_plane,0.3196707381464452,2.38773494620616,0.13740547602378775,0.062212835895613806,0.18182427727584446,0.18182427727584446,0.016984295975217053,50,0.28620149998459965
sun3d-home_at-home_at_scan1_2013_jan_1,26,24,point_to_point,0.3196707381464452,9.3202827541497,0.5623462646022513,0.4920300529991108,0.1539692296588851,0.15393517149304925,nan,50,0.2975719000096433
sun3d-home_at-home_at_scan1_2013_jan_1,28,24,point_to_plane,0.22870232319820716,3.0524983707920588,0.158763443206366,0.07545468316190496,0.22122208741835306,0.22122208741835306,0.019303269214245286,19,0.11615829999209382
sun3d-home_at-home_at_scan1_2013_jan_1,28,24,point_to_point,0.22870232319820716,6.507508975982367,0.6854413436228045,0.5840441413070121,0.1403853711964872,0.14038549110389276,nan,33,0.19080809998558834
sun3d-home_at-home_at_scan1_2013_jan_1,29,24,point_to_plane,0.15695641327344728,0.9938438042862487,0.03628974191054934,0.02081384200209556,0.07893195028842014,0.07893195028842014,0.011210260241614122,22,0.1269800000009127
sun3d-home_at-home_at_scan1_2013_jan_1,29,24,point_to_point,0.15695641327344728,3.933649307598868,0.0740168411172659,0.08982727389833378,0.08894243394993769,0.08894102405616168,nan,26,0.1415829999896232
sun3d-home_at-home_at_scan1_2013_jan_1,30,24,point_to_plane,0.18759448967472736,0.9308354134878806,0.027844757929825867,0.036791295013615145,0.1529991201831587,0.1529991201831587,0.014395336638717754,11,0.07408550000400282
sun3d-home_at-home_at_scan1_2013_jan_1,30,24,point_to_point,0.18759448967472736,9.640213313024507,0.7461084819613246,0.47110931501545483,0.11314845522270968,0.11312933699928078,nan,50,0.2235913000185974
sun3d-home_at-home_at_scan1_2013_jan_1,31,24,point_to_plane,0.2386322258340413,3.437686491605508,0.09975358927445237,0.08910292751273617,0.5659421814587134,0.5659421814587134,0.011866681329836511,8,0.06718010001350194
sun3d-home_at-home_at_scan1_2013_jan_1,31,24,point_to_point,0.2386322258340413,32.1487650825174,0.811377768760867,1.0908292176694643,0.3316216120154301,0.3316217697186472,nan,36,0.26535330002661794
sun3d-home_at-home_at_scan1_2013_jan_1,26,25,point_to_plane,0.17677425208495556,1.831047363885852,0.1212188317837279,0.06350537182484817,0.10522615556924501,0.10522615556924501,0.0258805288769763,50,0.2653684999968391
sun3d-home_at-home_at_scan1_2013_jan_1,26,25,point_to_point,0.17677425208495556,9.17353330192719,0.37194139924360403,0.3353890064942983,0.09431735104874242,0.09431603048884964,nan,36,0.19319769999128766
sun3d-home_at-home_at_scan1_2013_jan_1,27,25,point_to_plane,0.2817900153202015,2.0395669929629126,1.0178054296159507,1.041135167231994,0.10583314875154248,0.10583314875154248,0.03196923619998781,50,0.25006930000381544
sun3d-home_at-home_at_scan1_2013_jan_1,27,25,point_to_point,0.2817900153202015,8.40706960279082,0.5021375384735067,0.6161248766611743,0.08305426303019882,0.08312329747393067,nan,24,0.09017069998662919
sun3d-home_at-home_at_scan1_2013_jan_1,28,25,point_to_plane,0.2825565526773719,3.5158586249032275,0.22222257384012534,0.1306022169920721,0.14590289578876295,0.14590289578876295,0.028955768934609893,33,0.18943719999515451
sun3d-home_at-home_at_scan1_2013_jan_1,28,25,point_to_point,0.2825565526773719,19.428413109998232,0.5169164680836538,0.5125278631011493,0.12315462404411599,0.12315460823182167,nan,48,0.27932240001973696
sun3d-home_at-home_at_scan1_2013_jan_1,29,25,point_to_plane,0.334387002433065,19.65491529735706,1.4439270069258514,1.1117565213136917,0.5075533027270412,0.5075533027270412,0.043148721532834444,50,0.34955680000712164
sun3d-home_at-home_at_scan1_2013_jan_1,29,25,point_to_point,0.334387002433065,51.031279872234904,0.33303601102883534,0.8541372850439326,0.2134870220855018,0.213483304098085,nan,50,0.3326465999998618
sun3d-home_at-home_at_scan1_2013_jan_1,27,26,point_to_plane,0.3127639877271017,1.0790021668364886,0.057039693300292245,0.05325051161128303,0.1180767208911046,0.1180767208911046,0.01606447121349157,50,0.21424210001714528
sun3d-home_at-home_at_scan1_2013_jan_1,27,26,point_to_point,0.3127639877271017,7.207711151083754,0.30784045944331384,0.3321953236428209,0.08239715432037152,0.08239280780337034,nan,48,0.20100889998138882
sun3d-home_at-home_at_scan1_2013_jan_1,28,26,point_to_plane,0.330328039648796,1.399719774137741,0.027528086968562564,0.01784591069044028,0.04444373400956322,0.04444373400956322,0.010231554432251568,10,0.06185950001236051
sun3d-home_at-home_at_scan1_2013_jan_1,28,26,point_to_point,0.330328039648796,6.368455198957346,0.19655475729902666,0.10455933021150694,0.05237040361732441,0.05235233056725483,nan,20,0.10542579999309964
sun3d-home_at-home_at_scan1_2013_jan_1,29,26,point_to_plane,0.2691580430319253,1.354798256512714,0.05252742096122569,0.023405557823960244,0.2773874650815093,0.2773874650815093,0.012396348144694069,15,0.10916140000335872
sun3d-home_at-home_at_scan1_2013_jan_1,29,26,point_to_point,0.2691580430319253,49.10151644170621,0.18028631571342205,0.9167409969097466,0.1788563108578287,0.17876883821082398,nan,50,0.34832570000435226
sun3d-home_at-home_at_scan1_2013_jan_1,28,27,point_to_plane,0.23461895558535312,21.19365949732427,0.3198153057580414,0.3970777378217747,0.1750245107975713,0.1750245107975713,0.042482832360255615,50,0.29364250000799075
sun3d-home_at-home_at_scan1_2013_jan_1,28,27,point_to_point,0.23461895558535312,21.842282505908628,0.25725916046769676,0.716967255009227,0.13666516407793058,0.13666606579427207,nan,31,0.17454919998999685
sun3d-home_at-home_at_scan1_2013_jan_1,29,28,point_to_plane,0.1422555465070013,2.256970988199404,0.09446388462771724,0.055942788760124554,0.3018175545260589,0.3018175545260589,0.014005775602597439,9,0.06446349999168888
sun3d-home_at-home_at_scan1_2013_jan_1,29,28,point_to_point,0.1422555465070013,35.61872530856655,0.8428556407900706,1.169186744124275,0.1883140413389599,0.18827557416684929,nan,50,0.35639080000692047
sun3d-home_at-home_at_scan1_2013_jan_1,30,29,point_to_plane,0.24518322739661302,5.332912541146289,0.11785401389954557,0.1266558213154841,0.08701641481396125,0.08701641481396125,0.024202405664854924,16,0.07511199999134988
sun3d-home_at-home_at_scan1_2013_jan_1,30,29,point_to_point,0.24518322739661302,8.347248106570687,0.1732963636041234,0.1913063265029899,0.08838660193921098,0.08838664559161155,nan,29,0.12179909998667426
sun3d-home_at-home_at_scan1_2013_jan_1,31,29,point_to_plane,0.3618726988661923,3.587019529860423,0.0986582521133516,0.12533677707063082,0.3385843031849416,0.3385843031849416,0.034371782186120026,50,0.3583914999908302
sun3d-home_at-home_at_scan1_2013_jan_1,31,29,point_to_point,0.3618726988661923,52.34086774841799,2.2347027274334894,1.3821068754154526,0.2401761856435614,0.24272916512493584,nan,50,0.4127361999999266
sun3d-home_at-home_at_scan1_2013_jan_1,31,30,point_to_plane,0.15780228420553227,0.34392218704159766,0.03731404404041606,0.027323093668396862,0.31955676761089613,0.31955676761089613,0.02148532295147397,50,0.3083302000013646
sun3d-home_at-home_at_scan1_2013_jan_1,31,30,point_to_point,0.15780228420553227,20.1845220730647,0.7910530912940563,0.44170171654304125,0.29594682390897753,0.2959190672312382,nan,27,0.1675968999916222
sun3d-home_at-home_at_scan1_2013_jan_1,32,30,point_to_plane,0.2442748454472149,1.6617721644308132,0.09539088966833972,0.04963108612334079,0.6702351420151782,0.6702351420151782,0.029419582497025233,50,0.25415999998222105
sun3d-home_at-home_at_scan1_2013_jan_1,32,30,point_to_point,0.2442748454472149,50.50826864587842,0.5236775420642854,1.6638460470929601,0.30181321271622635,0.3018231343595251,nan,50,0.28262629997334443
sun3d-home_at-home_at_scan1_2013_jan_1,32,31,point_to_plane,0.2290855555425328,0.1985363825045615,0.007293985252438328,0.007568514698187619,0.2900092983377246,0.2900092983377246,0.012298701443630329,14,0.10531829998944886
sun3d-home_at-home_at_scan1_2013_jan_1,32,31,point_to_point,0.2290855555425328,32.638042196310685,2.1766423250981832,1.1574726844682863,0.2052047313876373,0.2052048506613395,nan,50,0.38442630000645295
sun3d-home_at-home_at_scan1_2013_jan_1,33,31,point_to_plane,0.08950498988236466,1.1145619186118798,0.044236090120755536,0.021411435481339346,0.25336077867283435,0.25336077867283435,0.024453098935327027,8,0.08715720000327565
sun3d-home_at-home_at_scan1_2013_jan_1,33,31,point_to_point,0.08950498988236466,57.519327693813736,2.9556517120842054,0.9861936456499882,0.1651498878822288,0.16513511763550898,nan,50,0.3636508999916259
sun3d-home_at-home_at_scan1_2013_jan_1,47,31,point_to_plane,0.23340645314628528,0.795102989766053,0.0567029647068866,0.03875053894037915,0.1386890932128761,0.1386890932128761,0.02566316532721994,8,0.06525730001158081
sun3d-home_at-home_at_scan1_2013_jan_1,47,31,point_to_point,0.23340645314628528,7.579272023911983,0.5027872653918709,0.441979720308239,0.13883196795120245,0.13899856667227853,nan,50,0.4060278999968432
sun3d-home_at-home_at_scan1_2013_jan_1,48,31,point_to_plane,0.2082457416442432,1.339194626386026,0.08272385370714198,0.046032228127440386,0.30287743510174153,0.30287743510174153,0.03109246054584643,50,0.4558373000181746
sun3d-home_at-home_at_scan1_2013_jan_1,48,31,point_to_point,0.2082457416442432,40.81645422110812,0.9920181496524594,1.058574836847211,0.20211835389108734,0.20210839589561452,nan,50,0.5053368999797385
sun3d-home_at-home_at_scan1_2013_jan_1,34,33,point_to_plane,0.29581715935023917,6.11790232550794,0.30792029866853105,0.12486539188568488,0.6360611987590306,0.6360611987590306,0.02197590870358167,50,0.5461913000035565
sun3d-home_at-home_at_scan1_2013_jan_1,34,33,point_to_point,0.29581715935023917,55.7849757065895,1.3015276983726007,2.051487559445455,0.28391111650724593,0.28374218305057913,nan,50,0.5500026000081562
sun3d-home_at-home_at_scan1_2013_jan_1,36,33,point_to_plane,0.3989122956442625,32.93488328093937,1.0018698909482302,0.7673147682609819,0.6601264583268012,0.6601264583268012,0.06266439798605337,50,0.4904229999810923
sun3d-home_at-home_at_scan1_2013_jan_1,36,33,point_to_point,0.3989122956442625,43.189408973449986,1.540497193133031,2.130347019710273,0.23525176123407884,0.23526232059635874,nan,50,0.495820799987996
sun3d-home_at-home_at_scan1_2013_jan_1,38,33,point_to_plane,0.2724571548808995,1.1644033254887476,0.007844596171209384,0.05199169177261733,0.8029804033481588,0.8029804033481588,0.01150808007516502,11,0.12843790001352318
sun3d-home_at-home_at_scan1_2013_jan_1,38,33,point_to_point,0.2724571548808995,9.453912908831196,1.30810833819279,1.186185877754571,0.31456588323693907,0.31459332915828697,nan,26,0.2401665000070352
sun3d-home_at-home_at_scan1_2013_jan_1,41,33,point_to_plane,0.273940383965629,1.0474788256142384,0.051448693027144755,0.029097002055883458,0.3414097947167444,0.3414097947167444,0.01385766731532145,10,0.10993080001208
sun3d-home_at-home_at_scan1_2013_jan_1,41,33,point_to_point,0.273940383965629,26.86414497581356,1.4395885492981542,0.9717363018426465,0.20314737926638918,0.20314771623879638,nan,47,0.30206729998462833
sun3d-home_at-home_at_scan1_2013_jan_1,42,33,point_to_plane,0.2255884188763265,1.1573844521291823,0.04066835250514044,0.03086632290759488,0.3410246960395955,0.3410246960395955,0.019832734078534003,50,0.3334524999954738
sun3d-home_at-home_at_scan1_2013_jan_1,42,33,point_to_point,0.2255884188763265,32.36821987962484,2.080863698954752,1.051013235107705,0.20307891226581085,0.20309242219806886,nan,50,0.32805170002393425
sun3d-home_at-home_at_scan1_2013_jan_1,47,33,point_to_plane,0.2626416806077111,0.6860638173350478,0.0647353527251937,0.0418029665405309,0.20730165866363187,0.20730165866363187,0.022635282988218108,13,0.0952945000026375
sun3d-home_at-home_at_scan1_2013_jan_1,47,33,point_to_point,0.2626416806077111,4.219691006215235,0.5321507215925289,0.389777659996011,0.1724059044102221,0.1724056593418088,nan,45,0.2959646000235807
sun3d-home_at-home_at_scan1_2013_jan_1,48,33,point_to_plane,0.22580535852762149,6.532513144338589,0.3052453453539286,0.1135462887738134,0.31407449959507344,0.31407449959507344,0.023699620089605307,22,0.17457489998196252
sun3d-home_at-home_at_scan1_2013_jan_1,48,33,point_to_point,0.22580535852762149,53.66486541206749,2.849577612913822,1.146205940609763,0.23055751032234437,0.23045659280812006,nan,50,0.4467327000165824
sun3d-home_at-home_at_scan1_2013_jan_1,35,34,point_to_plane,0.3855483765328132,12.548114950242361,0.12710591730869322,0.5187899608688732,0.24443986321958097,0.24443986321958097,0.056144269914439285,37,0.5884621999866795
sun3d-home_at-home_at_scan1_2013_jan_1,35,34,point_to_point,0.3855483765328132,22.766522347381482,0.6821645942551297,0.7129611141478173,0.19434534359129574,0.19434009408541714,nan,20,0.2878023999801371
sun3d-home_at-home_at_scan1_2013_jan_1,36,34,point_to_plane,0.2793501592565541,1.834187762072252,0.028410921577857986,0.04606655232014559,0.07985029305712027,0.07985029305712027,0.018671648174647806,13,0.13042380000115372
sun3d-home_at-home_at_scan1_2013_jan_1,36,34,point_to_point,0.2793501592565541,8.006052485451447,0.30740282970261473,0.1639926688427489,0.0895865875106161,0.0895866385234986,nan,45,0.4419348999799695
sun3d-home_at-home_at_scan1_2013_jan_1,37,34,point_to_plane,0.34303566993050294,1.73370229043502,0.15417331849693544,0.1281655591524605,0.18063850989488908,0.18063850989488908,0.03057083663038366,21,0.21311410001362674
sun3d-home_at-home_at_scan1_2013_jan_1,37,34,point_to_point,0.34303566993050294,21.47547465451559,0.7383819013901519,0.39474743161735004,0.1781221819511938,0.17812571909852112,nan,37,0.3838457000092603
sun3d-home_at-home_at_scan1_2013_jan_1,50,35,point_to_plane,0.23103104172044456,0.9502762470178642,0.046430635805502926,0.031125888248061888,0.12480871496414508,0.12480871496414508,0.030284160505479805,24,0.2986973999941256
sun3d-home_at-home_at_scan1_2013_jan_1,50,35,point_to_point,0.23103104172044456,14.313191245345752,0.29348077090067365,0.24767432976301906,0.14461053735003915,0.14459893063896248,nan,49,0.611340300005395
sun3d-home_at-home_at_scan1_2013_jan_1,37,36,point_to_plane,0.17361329361292485,1.906518714326736,0.050524936688843704,0.12195957410688447,0.10343032184244204,0.10343032184244204,0.025962510979468813,12,0.11539269998320378
sun3d-home_at-home_at_scan1_2013_jan_1,37,36,point_to_point,0.17361329361292485,8.891515605950442,0.16459390425265383,0.24045072987063296,0.10494303577632957,0.10491044340506972,nan,15,0.13589450001018122
sun3d-home_at-home_at_scan1_2013_jan_1,48,36,point_to_plane,0.11604542941125866,1.782679709288929,0.05319903535716977,0.07001733668523895,0.16450141373031393,0.16450141373031393,0.02544443712081591,15,0.1420434000028763
sun3d-home_at-home_at_scan1_2013_jan_1,48,36,point_to_point,0.11604542941125866,25.131187766075623,0.614384400477621,0.5778780567710752,0.15708318981196365,0.15704381996779992,nan,50,0.4734775999968406
sun3d-home_at-home_at_scan1_2013_jan_1,49,36,point_to_plane,0.4054198192151862,2.9436520416402914,0.09932730547679729,0.09156915587232334,0.33909888836815755,0.33909888836815755,0.024137799692777594,30,0.43057779999799095
sun3d-home_at-home_at_scan1_2013_jan_1,49,36,point_to_point,0.4054198192151862,14.845875285768036,0.6686011064964839,0.9634885804925696,0.18471217667644996,0.185145397260347,nan,50,0.6477910999965388
sun3d-home_at-home_at_scan1_2013_jan_1,38,37,point_to_plane,0.19348712024045187,2.172924865762912,0.21860015434612326,0.13979573070535792,0.23443338893100654,0.23443338893100654,0.026122446593245953,8,0.0810860000201501
sun3d-home_at-home_at_scan1_2013_jan_1,38,37,point_to_point,0.19348712024045187,12.74207116004128,1.0372917174277991,0.968257266227335,0.14936778798770944,0.1493625016980033,nan,50,0.4795103000069503
sun3d-home_at-home_at_scan1_2013_jan_1,49,37,point_to_plane,0.16774992501941505,2.268836052697117,0.11951655519769204,0.06196284719412232,0.4414266486743698,0.4414266486743698,0.03414870300826321,29,0.36909699998795986
sun3d-home_at-home_at_scan1_2013_jan_1,49,37,point_to_point,0.16774992501941505,10.594876301699124,0.9346838772635608,1.2134623226701593,0.21803943526068445,0.21805455273367158,nan,50,0.6440716999932192
sun3d-home_at-home_at_scan1_2013_jan_1,39,38,point_to_plane,0.14304448357271576,1.608780202347928,0.07590836415415336,0.031085413794578142,0.310360562101235,0.310360562101235,0.019096446919444454,12,0.14732889999868348
sun3d-home_at-home_at_scan1_2013_jan_1,39,38,point_to_point,0.14304448357271576,33.18455217794369,0.71780754242004,1.0363830184387652,0.141240166470395,0.14125825232622738,nan,50,0.45621220002067275
sun3d-home_at-home_at_scan1_2013_jan_1,40,39,point_to_plane,0.05844219810942785,1.3014986419892463,0.05274977900890867,0.03805796432970337,0.3429357786988208,0.3429357786988208,0.014107309802563119,12,0.13886969999293797
sun3d-home_at-home_at_scan1_2013_jan_1,40,39,point_to_point,0.05844219810942785,37.055451048147255,0.9295395060634075,1.1389391674590654,0.1745085545460854,0.17452180837270292,nan,50,0.4437278999830596
sun3d-home_at-home_at_scan1_2013_jan_1,41,40,point_to_plane,0.17686632914848285,1.0528018341472039,0.05210323359700135,0.03031984462257845,0.10690880999348283,0.10690880999348283,0.01315019201922449,50,0.3120970000163652
sun3d-home_at-home_at_scan1_2013_jan_1,41,40,point_to_point,0.17686632914848285,1.7807877606027869,0.24248531825863365,0.25661905224260734,0.09604871080384411,0.09605273389917673,nan,27,0.15926620000391267
sun3d-home_at-home_at_scan1_2013_jan_1,42,41,point_to_plane,0.2067109221507021,2.22791083049894,0.01626299504490427,0.05100724203403353,0.21317987987249443,0.21317987987249443,0.01959872286152508,13,0.09399809999740683
sun3d-home_at-home_at_scan1_2013_jan_1,42,41,point_to_point,0.2067109221507021,3.573910482536893,0.5147582527882492,0.5712645867510096,0.16304862836760928,0.16305230233596163,nan,30,0.20906369999283925
sun3d-home_at-home_at_scan1_2013_jan_1,43,41,point_to_plane,0.28733649932228456,3.4188438088875657,0.14262949034857225,0.06217623946347937,0.5627493472638575,0.5627493472638575,0.01768538727216612,10,0.08249900001101196
sun3d-home_at-home_at_scan1_2013_jan_1,43,41,point_to_point,0.28733649932228456,17.173278213168164,1.8425809255842238,1.4805400573793104,0.2069677338452123,0.2070054208275088,nan,50,0.34211089997552335
sun3d-home_at-home_at_scan1_2013_jan_1,44,41,point_to_plane,0.20067530949493956,1.3416197226409212,0.04556957504952431,0.04586197824809878,0.5615899869434651,0.5615899869434651,0.021494757263921697,50,0.42640349999419414
sun3d-home_at-home_at_scan1_2013_jan_1,44,41,point_to_point,0.20067530949493956,28.308921216085935,2.528481777416688,1.5586205349608546,0.19033408582078218,0.1903598341112062,nan,43,0.3046893999853637
sun3d-home_at-home_at_scan1_2013_jan_1,45,41,point_to_plane,0.22628693419651746,3.7043133648378723,0.07940692456085076,0.0945092121274598,0.5086069095812737,0.5086069095812737,0.02764717741729339,50,0.4336714000091888
sun3d-home_at-home_at_scan1_2013_jan_1,45,41,point_to_point,0.22628693419651746,24.828149523993815,2.3258069006059063,1.5178192643358024,0.1958037709998631,0.19579513495593506,nan,47,0.35920929998974316
sun3d-home_at-home_at_scan1_2013_jan_1,46,41,point_to_plane,0.37770424887422166,3.7612301686257004,0.16022536223735695,0.0755098181159528,0.36449649427419156,0.36449649427419156,0.012742055314023809,9,0.09875869998359121
sun3d-home_at-home_at_scan1_2013_jan_1,46,41,point_to_point,0.37770424887422166,37.297350695638805,1.4307154739700036,1.303024470810611,0.1941466692819641,0.1941413973921018,nan,50,0.31466470001032576
sun3d-home_at-home_at_scan1_2013_jan_1,47,41,point_to_plane,0.19293434748690913,1.0379441072794156,0.04133222587926458,0.026771404257208243,0.20071560478174716,0.20071560478174716,0.018587553997931328,13,0.10069749999092892
sun3d-home_at-home_at_scan1_2013_jan_1,47,41,point_to_point,0.19293434748690913,15.192410001910124,0.8072562983163125,0.5890807226925683,0.13335937276559665,0.13338210959284813,nan,50,0.35381100000813603
sun3d-home_at-home_at_scan1_2013_jan_1,48,41,point_to_plane,0.1492425562377133,2.0740842024040558,0.1354521306464563,0.05810918920284016,0.40116871402737286,0.40116871402737286,0.022955891430016563,16,0.13218359998427331
sun3d-home_at-home_at_scan1_2013_jan_1,48,41,point_to_point,0.1492425562377133,11.593619730262118,0.9084277811976221,1.147111739632792,0.2673341538138939,0.2673212607629159,nan,41,0.39114260001224466
sun3d-home_at-home_at_scan1_2013_jan_1,43,42,point_to_plane,0.13287036927217236,1.3251666100101298,0.03455699051026921,0.04373602980287159,0.12430394053762128,0.12430394053762128,0.012916794666405955,8,0.04341879999265075
sun3d-home_at-home_at_scan1_2013_jan_1,43,42,point_to_point,0.13287036927217236,7.4649808752566775,0.08408019897220534,0.2657460005046698,0.14192974846441303,0.14192569570223137,nan,23,0.12147459998959675
sun3d-home_at-home_at_scan1_2013_jan_1,44,42,point_to_plane,0.18102947516885826,3.160330263433261,0.04888489530855176,0.10749715326634955,0.15605274212777678,0.15605274212777678,0.019947402814205543,10,0.06638469998142682
sun3d-home_at-home_at_scan1_2013_jan_1,44,42,point_to_point,0.18102947516885826,10.705233541790548,0.42677460022003066,0.3822858699355271,0.1579400669101718,0.1579422805249501,nan,30,0.19199160000425763
sun3d-home_at-home_at_scan1_2013_jan_1,45,42,point_to_plane,0.15660054733078782,4.064881336611989,0.053805101193825026,0.13602873796903375,0.1479935787262903,0.1479935787262903,0.024016248364280186,7,0.05130980000831187
sun3d-home_at-home_at_scan1_2013_jan_1,45,42,point_to_point,0.15660054733078782,10.232756836821155,0.37022009192284994,0.3458676995084052,0.15321387167451583,0.15321369161712484,nan,37,0.251023000018904
sun3d-home_at-home_at_scan1_2013_jan_1,46,42,point_to_plane,0.2134374336509659,0.5089458163577022,0.027303736627819354,0.013581863325369979,0.06758034546519384,0.06758034546519384,0.008924441782952904,14,0.07235400000354275
sun3d-home_at-home_at_scan1_2013_jan_1,46,42,point_to_point,0.2134374336509659,6.768122608579829,0.331268809969263,0.19598276689989677,0.08702221232386186,0.08701648666554548,nan,33,0.16709680002531968
sun3d-home_at-home_at_scan1_2013_jan_1,47,42,point_to_plane,0.23611341861420404,1.9383425835338342,0.0957186875463347,0.03905344375869378,0.12967776811660903,0.12967776811660903,0.014051050289508694,9,0.06828109998605214
sun3d-home_at-home_at_scan1_2013_jan_1,47,42,point_to_point,0.23611341861420404,1.3518630946865815,0.3401401906511742,0.3358948019498489,0.10902642532348342,0.10904039767813622,nan,19,0.13505050001549534
sun3d-home_at-home_at_scan1_2013_jan_1,48,42,point_to_plane,0.2847519451294074,1.6486729344848843,0.08185694132285519,0.040529373852006174,0.5956084564146135,0.5956084564146135,0.01772618169492941,22,0.20077319999109022
sun3d-home_at-home_at_scan1_2013_jan_1,48,42,point_to_point,0.2847519451294074,16.60442728187707,2.003671156288261,1.914927513323792,0.1844584201807061,0.18475318380216854,nan,50,0.49554219999117777
sun3d-home_at-home_at_scan1_2013_jan_1,44,43,point_to_plane,0.1687869612113366,1.3783779504178961,0.025638074938156168,0.04646133263582699,0.052125653826013946,0.052125653826013946,0.01803688127939511,14,0.07803780000540428
sun3d-home_at-home_at_scan1_2013_jan_1,44,43,point_to_point,0.1687869612113366,1.0339033222902152,0.03573562155477005,0.030449764572842968,0.051106074898513355,0.05110436350013586,nan,39,0.18680460000177845
sun3d-home_at-home_at_scan1_2013_jan_1,45,43,point_to_plane,0.13205639671524047,1.4289045819473913,0.02497975197884581,0.0598020359340964,0.06256672936900468,0.06256672936900468,0.022071332151750108,14,0.08389520001946948
sun3d-home_at-home_at_scan1_2013_jan_1,45,43,point_to_point,0.13205639671524047,3.085167151104534,0.11359361920670157,0.07544605027102572,0.06311336016874373,0.06311313776667286,nan,36,0.18899719999171793
sun3d-home_at-home_at_scan1_2013_jan_1,46,43,point_to_plane,0.304064466176207,1.3267894263704594,0.04845876324843261,0.03239183833264216,0.13775685544785335,0.13775685544785335,0.013481309823042638,13,0.07056480000028387
sun3d-home_at-home_at_scan1_2013_jan_1,46,43,point_to_point,0.304064466176207,14.497787615081704,0.5286902121559807,0.33731415777954726,0.14604168679343602,0.14604320526813472,nan,37,0.18817589999525808
sun3d-home_at-home_at_scan1_2013_jan_1,47,43,point_to_plane,0.2416171704675698,1.1242805609714301,0.023385593793569737,0.02632311691075437,0.5411360551291047,0.5411360551291047,0.013565649687137898,9,0.08863550002570264
sun3d-home_at-home_at_scan1_2013_jan_1,47,43,point_to_point,0.2416171704675698,33.586616866126704,0.6234197932509531,1.3913701535632244,0.22740109374014364,0.22742235142022632,nan,50,0.42199959998833947
sun3d-home_at-home_at_scan1_2013_jan_1,45,44,point_to_plane,0.1913225303318739,0.3769480598532361,0.006918324907566443,0.017035379995444053,0.026614051639936326,0.026614051639936326,0.008135585571963975,8,0.043627900013234466
sun3d-home_at-home_at_scan1_2013_jan_1,45,44,point_to_point,0.1913225303318739,1.8009718660814882,0.06608259338502803,0.034663213172154685,0.026786252888249956,0.026787458185607096,nan,22,0.09924720000708476
sun3d-home_at-home_at_scan1_2013_jan_1,46,44,point_to_plane,0.3488154727869174,4.165003804413157,0.1300503765840676,0.08919104970193806,0.11042969947280593,0.11042969947280593,0.015170115373680756,15,0.07817890000296757
sun3d-home_at-home_at_scan1_2013_jan_1,46,44,point_to_point,0.3488154727869174,14.326683922078459,0.5526421483436512,0.3147471138016775,0.12988163158511007,0.12988173872613665,nan,46,0.23431519998121075
sun3d-home_at-home_at_scan1_2013_jan_1,47,44,point_to_plane,0.21284756073680883,1.7468638994839485,0.04077409245323601,0.03726115577400572,0.5176075130518212,0.5176075130518212,0.014507194012388614,18,0.1498184000083711
sun3d-home_at-home_at_scan1_2013_jan_1,47,44,point_to_point,0.21284756073680883,46.054986654544315,1.23283445347826,1.3128022206082546,0.23560411510578705,0.2356908154099618,nan,50,0.4001320000097621
sun3d-home_at-home_at_scan1_2013_jan_1,46,45,point_to_plane,0.24764993489195167,3.1695253787666444,0.08518647952610746,0.08118693467375601,0.11621249398939738,0.11621249398939738,0.01590592978696395,50,0.23859779999474995
sun3d-home_at-home_at_scan1_2013_jan_1,46,45,point_to_point,0.24764993489195167,16.257312617783253,0.6220627025928827,0.3639852141668193,0.13375264041135074,0.13374861067122346,nan,44,0.22271529998397455
sun3d-home_at-home_at_scan1_2013_jan_1,47,45,point_to_plane,0.26563220648631225,1.4394891996872619,0.03652109657392784,0.039423286617557306,0.525608791751275,0.525608791751275,0.015746699619178992,50,0.42657740000868216
sun3d-home_at-home_at_scan1_2013_jan_1,47,45,point_to_point,0.26563220648631225,40.420647401399414,0.9219975823029909,1.3730657179475045,0.22469870979998222,0.22516218775010324,nan,50,0.4092917999951169
sun3d-home_at-home_at_scan1_2013_jan_1,47,46,point_to_plane,0.2342071077576674,1.8557450939077396,0.1263003082393928,0.060665887567137304,0.2165332917556056,0.2165332917556056,0.018587597103690207,14,0.09469410000019707
sun3d-home_at-home_at_scan1_2013_jan_1,47,46,point_to_point,0.2342071077576674,5.752915448247919,0.3802099483274386,0.46689495996714636,0.16145651839485586,0.1614577164816099,nan,36,0.255960899987258
sun3d-home_at-home_at_scan1_2013_jan_1,48,46,point_to_plane,0.2032093988869214,1.711101835881605,0.03848318195367687,0.051733176326253565,0.7286337970175384,0.7286337970175384,0.026579994781829853,21,0.1740054000110831
sun3d-home_at-home_at_scan1_2013_jan_1,48,46,point_to_point,0.2032093988869214,18.397950174221556,1.957588186126276,1.9703442830491007,0.22944460640889894,0.22944289224964173,nan,50,0.442094999976689
sun3d-home_at-home_at_scan1_2013_jan_1,48,47,point_to_plane,0.24488861076180096,20.26389347693287,1.279212162840667,0.6243477749257098,0.2852416052330377,0.2852416052330377,0.034353244963402835,50,0.37585759998182766
sun3d-home_at-home_at_scan1_2013_jan_1,48,47,point_to_point,0.24488861076180096,36.60700586138646,0.7490535499638232,1.0347059248324788,0.19461860660303615,0.19459247537492858,nan,50,0.4755377999972552
sun3d-home_at-home_at_scan1_2013_jan_1,49,48,point_to_plane,0.2673048918890096,3.7218268036701483,0.06836419305746023,0.14123324677647964,0.34823372690473353,0.34823372690473353,0.029541070260312448,21,0.22606099999393336
sun3d-home_at-home_at_scan1_2013_jan_1,49,48,point_to_point,0.2673048918890096,13.950507420281166,0.4498952481715412,0.9468612068665904,0.22968251253710822,0.22970057786551942,nan,50,0.5832223999896087
sun3d-home_at-home_at_scan1_2013_jan_1,50,48,point_to_plane,0.15381546301195964,3.7331541648641315,0.07667162782667594,0.15925373567120954,0.39857281731353295,0.39857281731353295,0.034141431284343486,17,0.17700510000577196
sun3d-home_at-home_at_scan1_2013_jan_1,50,48,point_to_point,0.15381546301195964,23.307830415226295,1.3155294952973098,1.3001226031221695,0.25634044100380315,0.2567412323478269,nan,50,0.5540656000084709
sun3d-home_at-home_at_scan1_2013_jan_1,50,49,point_to_plane,0.23272591937616627,0.5340845934680919,0.00832190063166285,0.01978726783306562,0.05384079862961638,0.05384079862961638,0.01671183197860212,14,0.14998310001101345
sun3d-home_at-home_at_scan1_2013_jan_1,50,49,point_to_point,0.23272591937616627,4.913958901702871,0.16159204659897441,0.10362009407036944,0.06053633573679062,0.060537162628982844,nan,25,0.23809009999968112
sun3d-home_at-home_at_scan1_2013_jan_1,51,49,point_to_plane,0.2538368771581564,1.8847171986903115,0.05523352115686023,0.06241781481379131,0.05790151679004474,0.05790151679004474,0.025585544411299108,15,0.1606424999772571
sun3d-home_at-home_at_scan1_2013_jan_1,51,49,point_to_point,0.2538368771581564,4.282916194841605,0.09853272245154825,0.08449904550235313,0.0601479545530161,0.060147978348990425,nan,35,0.2905470000114292
sun3d-home_at-home_at_scan1_2013_jan_1,51,50,point_to_plane,0.13701679599321012,1.096753941889815,0.027483958121920556,0.03329994835901657,0.057900744187019515,0.057900744187019515,0.020172957108436675,15,0.14072169997962192
sun3d-home_at-home_at_scan1_2013_jan_1,51,50,point_to_point,0.13701679599321012,4.065689097109821,0.13486447625528744,0.08281488527261391,0.059671428066168535,0.05967220068242748,nan,28,0.2190720000071451
sun3d-home_at-home_at_scan1_2013_jan_1,55,51,point_to_plane,0.1794594036023159,2.2521659396296037,0.07873508593368489,0.05898858243788375,0.1683205114523721,0.1683205114523721,0.030875476991688498,23,0.24500059999991208
sun3d-home_at-home_at_scan1_2013_jan_1,55,51,point_to_point,0.1794594036023159,12.406511841667157,0.14737324620655787,0.3765560399437826,0.14422205553420292,0.14481267957606186,nan,50,0.4881427999935113
sun3d-home_at-home_at_scan1_2013_jan_1,53,52,point_to_plane,0.23331929129994125,7.108946010570554,0.2564434416455562,0.14038450102007383,0.11603450529328393,0.11603450529328393,0.032489384792888924,50,0.3586238999851048
sun3d-home_at-home_at_scan1_2013_jan_1,53,52,point_to_point,0.23331929129994125,7.530414288849409,0.22925061493509685,0.2715944213340986,0.10867204764921062,0.10867220122012024,nan,46,0.27805870000156574
sun3d-home_at-home_at_scan1_2013_jan_1,54,52,point_to_plane,0.1354729243825267,1.766796863322929,0.03798521473243076,0.035331342403620694,0.14966603785593338,0.14966603785593338,0.02876271724301448,50,0.4451528999779839
sun3d-home_at-home_at_scan1_2013_jan_1,54,52,point_to_point,0.1354729243825267,12.040034478203674,0.22524391650779163,0.2670842494246944,0.15013360640049384,0.1501373400596873,nan,24,0.19324669998604804
sun3d-home_at-home_at_scan1_2013_jan_1,55,52,point_to_plane,0.2520038914515065,4.274112430497855,0.18834428224707872,0.09598656453602959,0.18625059549302878,0.18625059549302878,0.029741538863154383,33,0.2987648000125773
sun3d-home_at-home_at_scan1_2013_jan_1,55,52,point_to_point,0.2520038914515065,33.38548136885514,0.6797023996861964,0.45710975679454025,0.1751503582353811,0.17514986680053687,nan,46,0.3991602000023704
sun3d-home_at-home_at_scan1_2013_jan_1,54,53,point_to_plane,0.16980435615426073,1.3802740777561353,0.03452298551964631,0.04451251428731308,0.1754595912200948,0.1754595912200948,0.018356633782130774,14,0.13354390001040883
sun3d-home_at-home_at_scan1_2013_jan_1,54,53,point_to_point,0.16980435615426073,9.239191809617495,0.4583226495117451,0.37727431755608404,0.14871242497341094,0.14870739417346604,nan,18,0.1551335999974981
sun3d-home_at-home_at_scan1_2013_jan_1,55,53,point_to_plane,0.11370004898499185,1.3095159919174737,0.048299186968120945,0.04828354023495795,0.22021067814321013,0.22021067814321013,0.020634432368262075,50,0.47652369999559596
sun3d-home_at-home_at_scan1_2013_jan_1,55,53,point_to_point,0.11370004898499185,40.83760721772748,1.2030123260399963,0.5232386238020241,0.1866656020763625,0.1866592915156109,nan,29,0.28986090002581477
sun3d-home_at-home_at_scan1_2013_jan_1,56,53,point_to_plane,0.20287029263896356,1.9541357372441694,0.07005443004028804,0.03339632880015868,0.2644334829475335,0.2644334829475335,0.016598440887288016,17,0.15501180000137538
sun3d-home_at-home_at_scan1_2013_jan_1,56,53,point_to_point,0.20287029263896356,19.97593853722147,0.5951062302772497,0.8172862910209516,0.14821896973635243,0.1482246145079934,nan,42,0.29364419999183156
sun3d-home_at-home_at_scan1_2013_jan_1,58,53,point_to_plane,0.2732323788554276,1.576375724110825,0.023077846737609122,0.05227148671827608,0.4059517042354611,0.4059517042354611,0.021748848828217357,20,0.17756109999027103
sun3d-home_at-home_at_scan1_2013_jan_1,58,53,point_to_point,0.2732323788554276,9.021550403057054,1.8682858102955637,1.5529031569800265,0.18644785950097312,0.18666424063637108,nan,50,0.39511370001127943
sun3d-home_at-home_at_scan1_2013_jan_1,55,54,point_to_plane,0.14626447861879238,1.1403086585827418,0.06413632607599827,0.03731326276420796,0.11316546303781534,0.11316546303781534,0.020792802827723552,14,0.13573650000034831
sun3d-home_at-home_at_scan1_2013_jan_1,55,54,point_to_point,0.14626447861879238,15.754239066050031,0.26557175045496045,0.31674461972454093,0.11274783179426705,0.1127602598340625,nan,49,0.45918170001823455
sun3d-home_at-home_at_scan1_2013_jan_1,57,56,point_to_plane,0.4006890931115853,3.0015001327854307,0.22959572899887118,0.13734648619625472,0.5147748818922753,0.5147748818922753,0.021863484761087664,50,0.3534646999905817
sun3d-home_at-home_at_scan1_2013_jan_1,57,56,point_to_point,0.4006890931115853,45.938301606108034,2.56326584485337,1.288417208127738,0.3556949341656644,0.35751648960862453,nan,50,0.4091314999968745
sun3d-home_at-home_at_scan1_2013_jan_1,58,56,point_to_plane,0.12834698882172055,0.8446382354809617,0.032154266173022195,0.01402630922407097,0.15444651225670217,0.15444651225670217,0.01179579222598675,50,0.2697109000000637
sun3d-home_at-home_at_scan1_2013_jan_1,58,56,point_to_point,0.12834698882172055,20.774439755716003,0.5248528312805902,0.41895163537377034,0.1643001828184898,0.16418725238413612,nan,50,0.3046288000186905
sun3d-home_at-home_at_scan1_2013_jan_1,59,56,point_to_plane,0.15311110499028857,1.7718070658106928,0.048083609056915604,0.03502829241379319,0.3771631264620815,0.3771631264620815,0.006432863611774011,8,0.057246900018071756
sun3d-home_at-home_at_scan1_2013_jan_1,59,56,point_to_point,0.15311110499028857,26.661571561249364,1.9203700348859603,1.4113215663343808,0.09506016280204554,0.09505813009361107,nan,44,0.20515890000388026
sun3d-home_at-home_at_scan1_2013_jan_1,58,57,point_to_plane,0.09003244895316788,1.3184393358834947,0.023355284556108327,0.027742077035660187,0.11193540252044655,0.11193540252044655,0.018392901768399972,13,0.08418000000528991
sun3d-home_at-home_at_scan1_2013_jan_1,58,57,point_to_point,0.09003244895316788,8.879035327071044,0.21077130045732523,0.30739727492836105,0.10212451649989536,0.10212196628688001,nan,46,0.26809850000427105
sun3d-home_at-home_at_scan1_2013_jan_1,59,58,point_to_plane,0.23339192386402438,1.9144211671996514,0.04065924367415351,0.03933058186756935,0.14120490976309044,0.14120490976309044,0.006204890036633327,7,0.034089699998730794
sun3d-home_at-home_at_scan1_2013_jan_1,59,58,point_to_point,0.23339192386402438,10.508247417804682,0.14234847569585687,0.3467554130854581,0.0977476451600415,0.09774720149371836,nan,49,0.21297860000049695
sun3d-home_md-home_md_scan9_2012_sep_30,2,1,point_to_plane,0.21971155379881027,1.4429168729670991,0.13776712653100442,0.08196123635467321,0.18245181468079524,0.18245181468079524,0.02066299649140094,11,0.13769459998002276
sun3d-home_md-home_md_scan9_2012_sep_30,2,1,point_to_point,0.21971155379881027,12.467080246861599,0.6338413747715553,0.3310500951510006,0.17385304281887112,0.17384451517416727,nan,26,0.23760999998194166
sun3d-home_md-home_md_scan9_2012_sep_30,3,2,point_to_plane,0.26131603804144077,1.4589515976977734,0.10770454177601463,0.07432925412102326,0.09380378790439439,0.09380378790439439,0.02804001259295088,8,0.11064319999422878
sun3d-home_md-home_md_scan9_2012_sep_30,3,2,point_to_point,0.26131603804144077,7.2416968241712025,0.10531468565834394,0.2951322106406379,0.09973171414169602,0.09972019803860767,nan,50,0.43565769999986514
sun3d-home_md-home_md_scan9_2012_sep_30,5,2,point_to_plane,0.19696791912372788,0.8573408958441002,0.10251683507039314,0.07764263481203697,0.09510607667260026,0.09510607667260026,0.030160621626013035,14,0.16845239998656325
sun3d-home_md-home_md_scan9_2012_sep_30,5,2,point_to_point,0.19696791912372788,7.239612530162586,0.049909662714626206,0.2807968007194754,0.09588895413216966,0.09588947462503246,nan,45,0.40832980000413954
sun3d-home_md-home_md_scan9_2012_sep_30,7,2,point_to_plane,0.22549759049016568,0.7252278242271996,0.07042078634187081,0.059057891276440524,0.04729253372160985,0.04729253372160985,0.022960874252133938,19,0.197387099993648
sun3d-home_md-home_md_scan9_2012_sep_30,7,2,point_to_point,0.22549759049016568,1.4856821231864734,0.08796126859107598,0.11214616792242176,0.04991958941715374,0.0499171988582433,nan,38,0.2945443000062369
sun3d-home_md-home_md_scan9_2012_sep_30,4,3,point_to_plane,0.08681311008327952,0.5754362152759622,0.025160826815256956,0.011356202329497375,0.05552937220587378,0.05552937220587378,0.014597843659339488,9,0.11241510001127608
sun3d-home_md-home_md_scan9_2012_sep_30,4,3,point_to_point,0.08681311008327952,2.7086430670492647,0.1466733783738874,0.052900957109065644,0.06256895578702097,0.062566632332974,nan,20,0.1526585000101477
sun3d-home_md-home_md_scan9_2012_sep_30,5,3,point_to_plane,0.14091030889927436,0.74083298303248,0.037352096840609826,0.012899220629622739,0.035261354518039675,0.035261354518039675,0.013469463306306143,18,0.1424131999956444
sun3d-home_md-home_md_scan9_2012_sep_30,5,3,point_to_point,0.14091030889927436,1.6137557493088182,0.03530505415940456,0.04166568665537844,0.03592825908691808,0.035928291682577246,nan,31,0.22272060002433136
sun3d-home_md-home_md_scan9_2012_sep_30,6,3,point_to_plane,0.1306951814955614,2.0812463125630547,0.09473815628391315,0.04036397410040084,0.21400247960885108,0.21400247960885108,0.01908505815285409,16,0.1597053000004962
sun3d-home_md-home_md_scan9_2012_sep_30,6,3,point_to_point,0.1306951814955614,38.8160159367025,1.066271243446076,0.7517740676339674,0.13604633547638237,0.1364477701729567,nan,50,0.4583429000049364
sun3d-home_md-home_md_scan9_2012_sep_30,7,3,point_to_plane,0.0755364073419301,2.268174752262723,0.10493778495255168,0.040958469341596256,0.0805659119970353,0.0805659119970353,0.018853760853130747,9,0.06896100001176819
sun3d-home_md-home_md_scan9_2012_sep_30,7,3,point_to_point,0.0755364073419301,2.9811362199270133,0.0907502536692352,0.19210620297180833,0.0876222919033153,0.08762226641137606,nan,32,0.23616020000190474
sun3d-home_md-home_md_scan9_2012_sep_30,38,3,point_to_plane,0.16998596725877071,2.5699175345151986,0.054796501751515986,0.04335771464819551,0.07686381463899197,0.07686381463899197,0.02602782526481911,13,0.1535096000006888
sun3d-home_md-home_md_scan9_2012_sep_30,38,3,point_to_point,0.16998596725877071,7.802382322793657,0.06544360949621926,0.1444269057975124,0.08433503407837094,0.08431353263893838,nan,50,0.4023530000122264
sun3d-home_md-home_md_scan9_2012_sep_30,39,3,point_to_plane,0.37429408267034503,1.5763194972709607,0.07445356316120215,0.042076349616112424,0.11188210397031663,0.11188210397031663,0.029348814536507808,50,0.4903258999984246
sun3d-home_md-home_md_scan9_2012_sep_30,39,3,point_to_point,0.37429408267034503,10.165232290743553,0.2613481319290439,0.2678326804837864,0.11309080807105984,0.11308998266461284,nan,43,0.4210478999884799
sun3d-home_md-home_md_scan9_2012_sep_30,40,3,point_to_plane,0.15365241821432732,1.1628485461520834,0.033820710842106895,0.036281715779720856,0.08140373208746858,0.08140373208746858,0.02668853777407199,15,0.15506980000645854
sun3d-home_md-home_md_scan9_2012_sep_30,40,3,point_to_point,0.15365241821432732,8.059464408014254,0.2037777029275031,0.1756471523547904,0.08642027765794544,0.08642388738791994,nan,36,0.2736819999990985
sun3d-home_md-home_md_scan9_2012_sep_30,41,3,point_to_plane,0.20218081802555407,1.0601392658200237,0.06933568292942835,0.04441571908947572,0.22419043567678798,0.22419043567678798,0.023171840609570546,50,0.4109722999855876
sun3d-home_md-home_md_scan9_2012_sep_30,41,3,point_to_point,0.20218081802555407,7.366281240452138,0.978958006643178,0.8112050165529426,0.17467191416365443,0.17467445328348666,nan,36,0.29735680000158027
sun3d-home_md-home_md_scan9_2012_sep_30,45,3,point_to_plane,0.2718613174180655,5.005033759370385,0.25033811856766275,0.1303454999245297,0.46436776392448853,0.46436776392448853,0.02630819710146675,13,0.1749464999884367
sun3d-home_md-home_md_scan9_2012_sep_30,45,3,point_to_point,0.2718613174180655,56.670951964315826,1.0977914040849217,1.5631760215692343,0.245005595816405,0.24530694161014582,nan,50,0.6123423000099137
sun3d-home_md-home_md_scan9_2012_sep_30,46,3,point_to_plane,0.18733342506420755,2.186076068582215,0.07806627495169166,0.04146116123530382,0.12612825285482585,0.12612825285482585,0.028124632677153108,15,0.18737339999643154
sun3d-home_md-home_md_scan9_2012_sep_30,46,3,point_to_point,0.18733342506420755,12.633239226376734,0.3381106573078943,0.3066938385605934,0.12830962712340782,0.12830636379243957,nan,49,0.483663399994839
sun3d-home_md-home_md_scan9_2012_sep_30,47,3,point_to_plane,0.3843098777644252,0.8923686105515668,0.054248279751766,0.04448079183208573,0.208484139831938,0.208484139831938,0.024900628967456023,27,0.2612657000136096
sun3d-home_md-home_md_scan9_2012_sep_30,47,3,point_to_point,0.3843098777644252,4.47804493421438,0.9121982567328704,0.786533895621429,0.16761640291590993,0.16764778193777174,nan,50,0.4261063000012655
sun3d-home_md-home_md_scan9_2012_sep_30,5,4,point_to_plane,0.17205487455843652,0.3992682338058848,0.02726256378516213,0.015616986164495807,0.059744162715713124,0.059744162715713124,0.016336387079371018,11,0.0984914000146091
sun3d-home_md-home_md_scan9_2012_sep_30,5,4,point_to_point,0.17205487455843652,4.765997478467615,0.14460563249968195,0.09907502922853877,0.064049161801156,0.06405061988931127,nan,47,0.3700052000058349
sun3d-home_md-home_md_scan9_2012_sep_30,6,4,point_to_plane,0.1650649322038445,2.781866799640977,0.11108028411859074,0.0407480045074704,0.2992293564390479,0.2992293564390479,0.0180955220500304,8,0.08675779998884536
sun3d-home_md-home_md_scan9_2012_sep_30,6,4,point_to_point,0.1650649322038445,61.43934103432393,1.6258717174033575,1.073654117709752,0.13926875275496964,0.13935127925136984,nan,50,0.5106783000228461
sun3d-home_md-home_md_scan9_2012_sep_30,7,4,point_to_plane,0.20075106386479713,2.652212181505816,0.13567947387137366,0.060215901560059536,0.13180755243953982,0.13180755243953982,0.01990269711263978,50,0.38641700000152923
sun3d-home_md-home_md_scan9_2012_sep_30,7,4,point_to_point,0.20075106386479713,7.664726766590506,0.3399946992139379,0.367525564483677,0.13288946602650556,0.13289017191518276,nan,40,0.3354492000071332
sun3d-home_md-home_md_scan9_2012_sep_30,38,4,point_to_plane,0.2536317136385143,2.238070302849368,0.027237957145118587,0.03685682291406892,0.0857714493248244,0.0857714493248244,0.02620617055307902,11,0.10360230001970194
sun3d-home_md-home_md_scan9_2012_sep_30,38,4,point_to_point,0.2536317136385143,9.05157784583729,0.1841636562813276,0.22678745558661972,0.10260912987265387,0.10253660124072624,nan,50,0.43994179999572225
sun3d-home_md-home_md_scan9_2012_sep_30,39,4,point_to_plane,0.40443119796256427,2.1037162214335585,0.09498186920368402,0.04996613801326623,0.08705589820878956,0.08705589820878956,0.026909052947862375,19,0.19156340000336058
sun3d-home_md-home_md_scan9_2012_sep_30,39,4,point_to_point,0.40443119796256427,6.472264021397538,0.1886728475454661,0.18430446382628948,0.08631099359135204,0.0863054092984473,nan,50,0.4468996000068728
sun3d-home_md-home_md_scan9_2012_sep_30,40,4,point_to_plane,0.17094227235533874,1.0492824544760304,0.025845268232278666,0.037669696125303555,0.06367245376571995,0.06367245376571995,0.024785102911883624,50,0.38575529999798164
sun3d-home_md-home_md_scan9_2012_sep_30,40,4,point_to_point,0.17094227235533874,5.912480790086127,0.1927740146226841,0.12703528243376505,0.06607301234538955,0.06607477160880483,nan,42,0.3067546999955084
sun3d-home_md-home_md_scan9_2012_sep_30,41,4,point_to_plane,0.21218352295825044,1.722731267473746,0.10476832828961326,0.05590605998974452,0.16298476497911277,0.16298476497911277,0.020789176291014982,19,0.1544720999954734
sun3d-home_md-home_md_scan9_2012_sep_30,41,4,point_to_point,0.21218352295825044,11.691894245772591,0.5828605220376423,0.7037124741089844,0.12477595675929375,0.12477561653065054,nan,49,0.3988565000181552
sun3d-home_md-home_md_scan9_2012_sep_30,46,4,point_to_plane,0.19690721544795786,2.354464096392955,0.07585669983899129,0.04623400189540304,0.12263576669551111,0.12263576669551111,0.02741763336108125,12,0.12611449998803437
sun3d-home_md-home_md_scan9_2012_sep_30,46,4,point_to_point,0.19690721544795786,8.755297532588411,0.21701187047842344,0.25007786390527353,0.12212466715313121,0.12212563940754692,nan,36,0.3517031999945175
sun3d-home_md-home_md_scan9_2012_sep_30,47,4,point_to_plane,0.19237843389507392,1.4759522489147106,0.09189274816363517,0.04838171623982695,0.15009739538228095,0.15009739538228095,0.02152323235676267,50,0.37802010000450537
sun3d-home_md-home_md_scan9_2012_sep_30,47,4,point_to_point,0.19237843389507392,10.556806009378683,0.5694178368268963,0.6813301636691061,0.12297560950122952,0.12296432656511733,nan,39,0.31401129998266697
sun3d-home_md-home_md_scan9_2012_sep_30,6,5,point_to_plane,0.31191436512154197,0.43690851825470844,0.02176894314958169,0.014006730938472958,0.15695245686202255,0.15695245686202255,0.016493885513415723,10,0.0986710999859497
sun3d-home_md-home_md_scan9_2012_sep_30,6,5,point_to_point,0.31191436512154197,24.14273594824418,0.6217305527990908,0.48081105558604675,0.13828622389639894,0.13836466191725422,nan,50,0.48191380000207573
sun3d-home_md-home_md_scan9_2012_sep_30,7,5,point_to_plane,0.3228877270197418,1.53560998273346,0.06686297894581808,0.039043964272718897,0.0579343584444097,0.0579343584444097,0.015266452859889064,11,0.08670620000339113
sun3d-home_md-home_md_scan9_2012_sep_30,7,5,point_to_point,0.3228877270197418,1.8538829582629464,0.08925918753579655,0.15925389301611537,0.06686522723214981,0.0668645985173589,nan,27,0.19111650000559166
sun3d-home_md-home_md_scan9_2012_sep_30,38,5,point_to_plane,0.3008512445093432,2.2051591288074257,0.04592878172266441,0.04517564898694384,0.07349566748272951,0.07349566748272951,0.026457980369015473,50,0.42161160000250675
sun3d-home_md-home_md_scan9_2012_sep_30,38,5,point_to_point,0.3008512445093432,7.118412909174506,0.04733675985668811,0.14194592843268464,0.08273889385568964,0.08275647816473308,nan,50,0.4255006000166759
sun3d-home_md-home_md_scan9_2012_sep_30,39,5,point_to_plane,0.2569332520700855,1.6040115736886456,0.08319104088740144,0.04683401020455631,0.12842074254246771,0.12842074254246771,0.02918002692791862,14,0.14752970001427457
sun3d-home_md-home_md_scan9_2012_sep_30,39,5,point_to_point,0.2569332520700855,10.042389734213913,0.27888521608589456,0.3164200524478666,0.12963499983105184,0.1296402387655008,nan,39,0.41115410000202246
sun3d-home_md-home_md_scan9_2012_sep_30,40,5,point_to_plane,0.2692748838470486,1.231575479981718,0.04486970786763195,0.044361405883248856,0.09133657907127865,0.09133657907127865,0.02749387715686028,17,0.14015170000493526
sun3d-home_md-home_md_scan9_2012_sep_30,40,5,point_to_point,0.2692748838470486,5.9814539064361805,0.1550914715136538,0.19792813261129483,0.09749009074957388,0.09749208401801962,nan,30,0.23929579998366535
sun3d-home_md-home_md_scan9_2012_sep_30,45,5,point_to_plane,0.2604577727895925,3.635481927028105,0.22235604322514568,0.12442473051959668,0.4599830749140246,0.4599830749140246,0.03219640583158801,19,0.22378759999992326
sun3d-home_md-home_md_scan9_2012_sep_30,45,5,point_to_point,0.2604577727895925,59.41020526384386,1.0648908912633994,1.6273893681170353,0.23433816979112682,0.23444271110952242,nan,50,0.6226555999892298
sun3d-home_md-home_md_scan9_2012_sep_30,46,5,point_to_plane,0.19134423819474078,1.3281487262801013,0.06475050089221071,0.040858019562010565,0.12280262638281823,0.12280262638281823,0.027856651471299426,15,0.15365570000722073
sun3d-home_md-home_md_scan9_2012_sep_30,46,5,point_to_point,0.19134423819474078,12.60490792299501,0.312914420016126,0.33179480124721494,0.12960302728613343,0.12960603198455692,nan,33,0.33325530000729486
sun3d-home_md-home_md_scan9_2012_sep_30,7,6,point_to_plane,0.20019522379805588,2.416128180001676,0.09711273439079929,0.08900892300829376,0.1183291820850415,0.1183291820850415,0.023356517946403716,50,0.3650002999929711
sun3d-home_md-home_md_scan9_2012_sep_30,7,6,point_to_point,0.20019522379805588,9.83982068240828,0.2447753282940702,0.38302252326302305,0.12340897563742013,0.12337120823962852,nan,50,0.38838119999854825
sun3d-home_md-home_md_scan9_2012_sep_30,46,6,point_to_plane,0.28567120839891236,2.102445364040088,0.12195126427221292,0.06235365900562456,0.22524756901820708,0.22524756901820708,0.03398212864081685,18,0.1800144000153523
sun3d-home_md-home_md_scan9_2012_sep_30,46,6,point_to_point,0.28567120839891236,23.079638423203694,0.6105085870055764,0.6374497018458367,0.19745922710520172,0.19738852278472932,nan,50,0.5431133999954909
sun3d-home_md-home_md_scan9_2012_sep_30,38,7,point_to_plane,0.16719202277634387,2.433869078970816,0.08997538154589896,0.05955113578659139,0.12463397754972849,0.12463397754972849,0.027456989340931753,15,0.13299230000120588
sun3d-home_md-home_md_scan9_2012_sep_30,38,7,point_to_point,0.16719202277634387,9.459301820030282,0.29122616260491646,0.3706143136353865,0.11949679771809463,0.1194919527138085,nan,49,0.4099217999901157
sun3d-home_md-home_md_scan9_2012_sep_30,46,7,point_to_plane,0.11319529843531019,3.4023206871789045,0.15948429822066637,0.08283396128703785,0.261596277228122,0.261596277228122,0.028046228425076637,15,0.1587641999940388
sun3d-home_md-home_md_scan9_2012_sep_30,46,7,point_to_point,0.11319529843531019,28.519912416973547,0.5595435978590673,0.7557928450634517,0.22669283788580932,0.22660365129135263,nan,50,0.5691308999957982
sun3d-home_md-home_md_scan9_2012_sep_30,9,8,point_to_plane,0.3310357072637632,0.6747354795452226,0.3716560758769525,0.36294360306523865,0.2171871209743186,0.2171871209743186,0.01093060799708619,18,0.12303859999519773
sun3d-home_md-home_md_scan9_2012_sep_30,9,8,point_to_point,0.3310357072637632,22.97137339492125,0.5425783959333259,0.9526829262517031,0.14989095480661183,0.14987797262058972,nan,50,0.2670166000025347
sun3d-home_md-home_md_scan9_2012_sep_30,35,8,point_to_plane,0.25423985628257373,1.8069667747138596,0.6607128675632499,0.6062811812054816,0.20013960374923467,0.20013960374923467,0.012763754762324293,13,0.08292200000141747
sun3d-home_md-home_md_scan9_2012_sep_30,35,8,point_to_point,0.25423985628257373,51.15950802504502,1.9531721393173083,0.9418321930115388,0.20337310303146022,0.20337085609388822,nan,50,0.21444689997588284
sun3d-home_md-home_md_scan9_2012_sep_30,36,8,point_to_plane,0.1838146812381113,0.6305907407687594,0.7165189140271868,0.7191993154332978,0.04769439136144701,0.04769439136144701,0.008752899212082896,50,0.1758726999978535
sun3d-home_md-home_md_scan9_2012_sep_30,36,8,point_to_point,0.1838146812381113,3.9195052405987942,0.7098817584533238,0.6693814979447074,0.05775033082894277,0.05779345000156933,nan,40,0.10530910000670701
sun3d-home_md-home_md_scan9_2012_sep_30,37,8,point_to_plane,0.2686806254648145,0.7969930020212513,0.041742165323538125,0.04658078077546951,0.03006555041810995,0.03006555041810995,0.008727947522039313,16,0.08229930000379682
sun3d-home_md-home_md_scan9_2012_sep_30,37,8,point_to_point,0.2686806254648145,0.6970853885491373,0.05722020342583601,0.058742240179485324,0.03041310261328735,0.030402307783437922,nan,50,0.14613149999058805
sun3d-home_md-home_md_scan9_2012_sep_30,38,8,point_to_plane,0.24950874187363825,2.982962080659128,0.1418790502413803,0.11191500904819582,0.6029791148206577,0.6029791148206577,0.02453596197394532,18,0.14577780000399798
sun3d-home_md-home_md_scan9_2012_sep_30,38,8,point_to_point,0.24950874187363825,13.689024998038194,1.4401895481068387,1.5069430191455955,0.19183894121644363,0.19184601892673367,nan,41,0.33733359997859225
sun3d-home_md-home_md_scan9_2012_sep_30,10,9,point_to_plane,0.18353784338225584,2.8469593528070516,0.024766747204282204,0.03974945470878156,0.15329817807112014,0.15329817807112014,0.029371333556492674,50,0.32312610000371933
sun3d-home_md-home_md_scan9_2012_sep_30,10,9,point_to_point,0.18353784338225584,21.53350531470483,0.4508558263362001,0.3808447608781911,0.13242256341635444,0.13243455776092433,nan,34,0.19981940000434406
sun3d-home_md-home_md_scan9_2012_sep_30,11,9,point_to_plane,0.19190930236360584,3.155257665414369,0.020947483721803932,0.04424118744488679,0.32271820310092847,0.32271820310092847,0.02994758812136377,24,0.17037659999914467
sun3d-home_md-home_md_scan9_2012_sep_30,11,9,point_to_point,0.19190930236360584,16.225910274391218,0.33982568091772836,0.7367166883397597,0.13175299334664078,0.1317591242000875,nan,42,0.21422090000123717
sun3d-home_md-home_md_scan9_2012_sep_30,32,9,point_to_plane,0.20012587394499845,1.4453831393552448,0.06768102417254418,0.05112989119135463,0.4689150066749073,0.4689150066749073,0.014033880808693704,50,0.28806099999928847
sun3d-home_md-home_md_scan9_2012_sep_30,32,9,point_to_point,0.20012587394499845,60.0584998830038,2.207006815901913,1.0843137233610036,0.31623419802778824,0.31620813135888387,nan,50,0.2948947999975644
sun3d-home_md-home_md_scan9_2012_sep_30,33,9,point_to_plane,0.13799684227435016,1.324303295081787,0.3955507262563214,0.35475487858716226,0.4009746950538371,0.4009746950538371,0.02717429935320254,50,0.25998669999535196
sun3d-home_md-home_md_scan9_2012_sep_30,33,9,point_to_point,0.13799684227435016,56.60389725469244,1.7826118438585339,1.0889959554164426,0.2118730610087592,0.2120874991165822,nan,50,0.2649754999729339
sun3d-home_md-home_md_scan9_2012_sep_30,35,9,point_to_plane,0.1529722592298257,1.728786890634629,0.40984285079341065,0.36674817424555844,0.18912360531574116,0.18912360531574116,0.01322551967593059,24,0.10440909999306314
sun3d-home_md-home_md_scan9_2012_sep_30,35,9,point_to_point,0.1529722592298257,18.151505703672665,0.5212870496195015,0.3081277015356844,0.18577826144110374,0.18578632988785737,nan,48,0.20311959998798557
sun3d-home_md-home_md_scan9_2012_sep_30,36,9,point_to_plane,0.19480132324801502,0.5805528510678609,0.0629506145900507,0.05073445864132853,0.04038233916797463,0.04038233916797463,0.007271801708839541,12,0.041605499980505556
sun3d-home_md-home_md_scan9_2012_sep_30,36,9,point_to_point,0.19480132324801502,2.4688768742860647,0.06678375876598235,0.04465743705846981,0.04496569466713031,0.04498400992012396,nan,13,0.038677999982610345
sun3d-home_md-home_md_scan9_2012_sep_30,37,9,point_to_plane,0.11795806301639414,0.5378837818484058,0.08454661481763756,0.08338874120970849,0.24293350656623783,0.24293350656623783,0.0058613637894506495,12,0.04419819999020547
sun3d-home_md-home_md_scan9_2012_sep_30,37,9,point_to_point,0.11795806301639414,6.293846765672586,0.7985889816097652,0.8791520534570928,0.07665805812267153,0.07666462524003993,nan,49,0.164090500009479
sun3d-home_md-home_md_scan9_2012_sep_30,11,10,point_to_plane,0.3256043911959475,1.4101667414173333,0.0704937950492079,0.03382345167404789,0.053662872788181736,0.053662872788181736,0.007908256355920781,50,0.24873210000805557
sun3d-home_md-home_md_scan9_2012_sep_30,11,10,point_to_point,0.3256043911959475,3.581938162487311,0.221035062265509,0.2363419259284505,0.04466454145413316,0.044663894674679246,nan,47,0.2112399000034202
sun3d-home_md-home_md_scan9_2012_sep_30,12,10,point_to_plane,0.18278664459015778,2.041235493657526,0.06406459958719458,0.03141265425793765,0.093296742206035,0.093296742206035,0.0132745817932938,9,0.06350779999047518
sun3d-home_md-home_md_scan9_2012_sep_30,12,10,point_to_point,0.18278664459015778,10.018651699419566,0.47897609483435966,0.21389050293319142,0.11653300341178692,0.11652680315514194,nan,29,0.13562409998849034
sun3d-home_md-home_md_scan9_2012_sep_30,32,10,point_to_plane,0.17207725601440618,1.0351958005130062,0.07434878442715807,0.05896545052255353,0.3283744125205761,0.3283744125205761,0.018541947744160667,10,0.07099879998713732
sun3d-home_md-home_md_scan9_2012_sep_30,32,10,point_to_point,0.17207725601440618,42.16688814180478,1.5832697171581254,0.702156461643702,0.24631460411651113,0.24619187105469034,nan,50,0.28607430000556633
sun3d-home_md-home_md_scan9_2012_sep_30,33,10,point_to_plane,0.14938870093406179,2.3049155603162736,0.1275548345694609,0.08653114361189147,0.27567523915396425,0.27567523915396425,0.014893982047107871,10,0.05576039999141358
sun3d-home_md-home_md_scan9_2012_sep_30,33,10,point_to_point,0.14938870093406179,52.369489700724394,1.2091978380657018,0.7734318601370945,0.1565754699504978,0.15657734328161202,nan,42,0.19729280000319704
sun3d-home_md-home_md_scan9_2012_sep_30,35,10,point_to_plane,0.1854169690177388,1.7138888561844845,0.05783634271919707,0.05401097821575776,0.1890855324972934,0.1890855324972934,0.012965642482325455,12,0.061334900005022064
sun3d-home_md-home_md_scan9_2012_sep_30,35,10,point_to_point,0.1854169690177388,30.612169654300494,1.2116747257456324,0.585234795059671,0.11851343545334174,0.11849622799018339,nan,50,0.2264310999889858
sun3d-home_md-home_md_scan9_2012_sep_30,36,10,point_to_plane,0.25701066768230596,3.7149675515065463,0.017747658966657615,0.09469690465088808,0.15027344675859536,0.15027344675859536,0.00869701390585227,22,0.08116999999037944
sun3d-home_md-home_md_scan9_2012_sep_30,36,10,point_to_point,0.25701066768230596,21.973922173808926,0.5313244105469828,0.42039857088603433,0.0751581761919814,0.07517677453900087,nan,39,0.1289297000039369
sun3d-home_md-home_md_scan9_2012_sep_30,12,11,point_to_plane,0.24707713788087604,1.5309709144279078,0.04972469792376386,0.022114020853787556,0.08881264966845191,0.08881264966845191,0.010350658955409492,12,0.046803100005490705
sun3d-home_md-home_md_scan9_2012_sep_30,12,11,point_to_point,0.24707713788087604,6.731625778809725,0.24600698901266743,0.19460940017939757,0.11081678601370498,0.1108633245786814,nan,50,0.19326950001413934
sun3d-home_md-home_md_scan9_2012_sep_30,32,11,point_to_plane,0.23754488926476264,2.792772364489316,0.13240226265145852,0.10829489261559562,0.3603874433525105,0.3603874433525105,0.017618054182331387,14,0.0824475999979768
sun3d-home_md-home_md_scan9_2012_sep_30,32,11,point_to_point,0.23754488926476264,19.58338483848978,1.4210676209063922,0.778207032778323,0.2508267345767916,0.250820473620189,nan,30,0.1625773999840021
sun3d-home_md-home_md_scan9_2012_sep_30,33,11,point_to_plane,0.1955347682300485,2.48427540327921,0.26273953400855204,0.2258873031441888,0.3226918394863017,0.3226918394863017,0.014743692528295075,15,0.07686980001744814
sun3d-home_md-home_md_scan9_2012_sep_30,33,11,point_to_point,0.1955347682300485,61.56200904202156,1.1171880310713094,0.9160648995809318,0.16692185022819458,0.16694055985454048,nan,50,0.22316110000247136
sun3d-home_md-home_md_scan9_2012_sep_30,14,13,point_to_plane,0.11186593806125227,0.8279980940394464,0.026547391031375545,0.02663359632271721,0.21928013324713513,0.21928013324713513,0.021691868367465724,10,0.124035000015283
sun3d-home_md-home_md_scan9_2012_sep_30,14,13,point_to_point,0.11186593806125227,22.938473601181137,0.38137442746559536,0.4296970039497501,0.19593170393211037,0.19593181060879727,nan,31,0.25249809998786077
sun3d-home_md-home_md_scan9_2012_sep_30,15,13,point_to_plane,0.2147670417396845,2.2138210720411626,0.07646682654479224,0.04052105938114099,0.19971923414588238,0.19971923414588238,0.026887315515433788,50,0.376235200004885
sun3d-home_md-home_md_scan9_2012_sep_30,15,13,point_to_point,0.2147670417396845,19.729436053625626,0.3848563992574561,0.37920005538072865,0.17861578118985155,0.1786153645677528,nan,27,0.1891186999855563
sun3d-home_md-home_md_scan9_2012_sep_30,16,13,point_to_plane,0.35788478690752606,2.6436221013038574,0.07951151370206891,0.03777754003112338,0.15145210897165434,0.15145210897165434,0.02794055467160614,19,0.13585270001203753
sun3d-home_md-home_md_scan9_2012_sep_30,16,13,point_to_point,0.35788478690752606,25.088772580144113,0.5024158370757279,0.37443210539064176,0.14019920030944302,0.1401921975266887,nan,50,0.275403700012248
sun3d-home_md-home_md_scan9_2012_sep_30,15,14,point_to_plane,0.19518766452986852,0.2871756413684039,0.006055339458454231,0.005269759094826215,0.025861320895323902,0.025861320895323902,0.009993108810408219,12,0.0744989000086207
sun3d-home_md-home_md_scan9_2012_sep_30,15,14,point_to_point,0.19518766452986852,0.397806093591994,0.011336838956747659,0.011833112916162878,0.025974026463092055,0.025975164274476305,nan,30,0.15009669997380115
sun3d-home_md-home_md_scan9_2012_sep_30,16,14,point_to_plane,0.16619911535247683,0.6000149136554819,0.01582537213821633,0.012901958906206335,0.031486281641854054,0.031486281641854054,0.011754027517777337,10,0.05166220001410693
sun3d-home_md-home_md_scan9_2012_sep_30,16,14,point_to_point,0.16619911535247683,0.5704378194136368,0.03825837504399759,0.028800903148293318,0.03224853042845098,0.032247530133958806,nan,26,0.11452450000797398
sun3d-home_md-home_md_scan9_2012_sep_30,16,15,point_to_plane,0.2922590349613025,0.6321674606032935,0.023774603701637146,0.008167582237781594,0.02761254389359484,0.02761254389359484,0.00982529252927561,13,0.06302629999117926
sun3d-home_md-home_md_scan9_2012_sep_30,16,15,point_to_point,0.2922590349613025,0.6571517336507343,0.02590402887604997,0.02428012269378023,0.029525139379063783,0.029514510017780906,nan,31,0.13336390000768006
sun3d-home_md-home_md_scan9_2012_sep_30,57,15,point_to_plane,0.3803245117932256,7.178927366287215,0.35465754527833776,0.16548051643804748,0.3658717906371916,0.3658717906371916,0.041010401702414497,50,0.39217069998267107
sun3d-home_md-home_md_scan9_2012_sep_30,57,15,point_to_point,0.3803245117932256,46.164609628222046,2.119425120365981,1.01808530455402,0.20384947243485915,0.20388466548414735,nan,45,0.3237719000026118
sun3d-home_md-home_md_scan9_2012_sep_30,24,16,point_to_plane,0.11398390657045539,3.7343233684727077,0.05900748495418432,0.03160025490750806,0.04068576502141347,0.04068576502141347,0.024423006553389064,20,0.0715648999903351
sun3d-home_md-home_md_scan9_2012_sep_30,24,16,point_to_point,0.11398390657045539,5.717086756412275,0.09838106237450875,0.047601650417188016,0.042856141557063264,0.04285653478578808,nan,26,0.0676134999957867
sun3d-home_md-home_md_scan9_2012_sep_30,55,16,point_to_plane,0.24278830733711232,3.0632193194414525,0.14611208691120348,0.07134532942305696,0.31378023603342203,0.31378023603342203,0.02474829002848335,50,0.2773779999988619
sun3d-home_md-home_md_scan9_2012_sep_30,55,16,point_to_point,0.24278830733711232,48.38275574500555,1.96707499386747,0.7623630707099932,0.12303647862444816,0.12303898019800515,nan,33,0.13650930000585504
sun3d-home_md-home_md_scan9_2012_sep_30,56,16,point_to_plane,0.1190702995855735,3.5550360805905394,0.16773706048849452,0.08635818428853806,0.4631431712870677,0.4631431712870677,0.022976490717009683,16,0.13568730000406504
sun3d-home_md-home_md_scan9_2012_sep_30,56,16,point_to_point,0.1190702995855735,76.64866044302954,2.7386957564789745,1.1158089428249327,0.14758595978522954,0.14758367774131556,nan,50,0.2444236000010278
sun3d-home_md-home_md_scan9_2012_sep_30,57,16,point_to_plane,0.26143663881220075,5.509035088036006,0.27848841770225363,0.1263709849663325,0.53320062534556,0.53320062534556,0.022259091965611637,21,0.16181069999583997
sun3d-home_md-home_md_scan9_2012_sep_30,57,16,point_to_point,0.26143663881220075,79.53732500772412,3.142417724083825,1.218627714420184,0.19584555210221283,0.1958440053481383,nan,47,0.3247628999815788
sun3d-home_md-home_md_scan9_2012_sep_30,58,16,point_to_plane,0.20963298371303032,3.19573095927695,0.16865847971850087,0.07694833911444762,0.5643613865395695,0.5643613865395695,0.02573423616135482,50,0.45091990000219084
sun3d-home_md-home_md_scan9_2012_sep_30,58,16,point_to_point,0.20963298371303032,66.4038197897399,2.8651991538074344,1.1860083088907596,0.2138096434829603,0.21380672824432728,nan,37,0.24878199998056516
sun3d-home_md-home_md_scan9_2012_sep_30,18,17,point_to_plane,0.25440044107659593,16.631907496611,0.1613696492364811,0.1253803099547754,0.07760970867467477,0.07760970867467477,0.03793718716786273,50,0.10999339999398217
sun3d-home_md-home_md_scan9_2012_sep_30,18,17,point_to_point,0.25440044107659593,21.735613915137623,0.31747327886095894,0.17564679227981683,0.07991379655580766,0.07991583821798462,nan,25,0.037033300002804026
sun3d-home_md-home_md_scan9_2012_sep_30,19,17,point_to_plane,0.16978046166444014,23.887809498868684,0.23754794611079041,0.16658075097047137,0.0721658137516024,0.0721658137516024,0.039381462475001724,50,0.11032859998522326
sun3d-home_md-home_md_scan9_2012_sep_30,19,17,point_to_point,0.16978046166444014,23.20224713330446,0.25077275285234985,0.1670596817877972,0.06995147480030722,0.06995138851497058,nan,21,0.027453599992441013
sun3d-home_md-home_md_scan9_2012_sep_30,20,17,point_to_plane,0.14630376794811517,1.5968758508852625,0.01638568644212466,0.01280102280463776,0.02545362342453488,0.02545362342453488,0.010662139507394027,15,0.020507499983068556
sun3d-home_md-home_md_scan9_2012_sep_30,20,17,point_to_point,0.14630376794811517,2.319614254954547,0.010683269218025078,0.020179124039230566,0.026308425192278717,0.02629747318782625,nan,30,0.04853030000231229
sun3d-home_md-home_md_scan9_2012_sep_30,21,17,point_to_plane,0.25003337634798517,2.3655920932967853,0.024255032231824007,0.012521472593436186,0.025616450147888756,0.025616450147888756,0.010454863711739926,12,0.02210400000330992
sun3d-home_md-home_md_scan9_2012_sep_30,21,17,point_to_point,0.25003337634798517,2.5426153546735697,0.033338597541818074,0.018408034992024144,0.025605773773881776,0.02561089811769099,nan,18,0.030840699997497723
sun3d-home_md-home_md_scan9_2012_sep_30,22,17,point_to_plane,0.20002419394937704,3.42537893503857,0.0239169640064173,0.02531230751135529,0.03269471578607227,0.03269471578607227,0.014918303925955716,50,0.08376520001911558
sun3d-home_md-home_md_scan9_2012_sep_30,22,17,point_to_point,0.20002419394937704,6.76200522248258,0.05675259031556405,0.039751426172194876,0.03330994419586844,0.033327240059187004,nan,17,0.022918400005437434
sun3d-home_md-home_md_scan9_2012_sep_30,54,17,point_to_plane,0.2482906725456484,0.4006990884519727,0.07021049967174861,0.060153803296282615,0.6711253914970692,0.6711253914970692,0.02964865232788777,14,0.09462220000568777
sun3d-home_md-home_md_scan9_2012_sep_30,54,17,point_to_point,0.2482906725456484,96.64495514453911,2.3071732022726485,1.526403185248255,0.2659670878519886,0.26596920552192715,nan,41,0.12192110001342371
sun3d-home_md-home_md_scan9_2012_sep_30,55,17,point_to_plane,0.22021583370686035,3.263150509740958,0.13251264318014183,0.08216953896294982,0.5834936415917651,0.5834936415917651,0.031630773382443404,50,0.2060831999988295
sun3d-home_md-home_md_scan9_2012_sep_30,55,17,point_to_point,0.22021583370686035,109.30067622054268,2.8870554737186778,1.3967440739509447,0.2469992105709949,0.24701475412287924,nan,50,0.1609020000032615
sun3d-home_md-home_md_scan9_2012_sep_30,56,17,point_to_plane,0.3096335118013954,2.709309400672164,0.11672862514403513,0.1018788688068549,0.8264006034114943,0.8264006034114943,0.03433128901605298,50,0.27688280001166277
sun3d-home_md-home_md_scan9_2012_sep_30,56,17,point_to_point,0.3096335118013954,70.67543642151234,2.053029670809141,1.4707348394134325,0.3388991993368242,0.3389338290310941,nan,39,0.15609140001470223
sun3d-home_md-home_md_scan9_2012_sep_30,57,17,point_to_plane,0.20691549221563732,4.459980476083172,0.24504354243579296,0.13995052920797607,0.9841287262650744,0.9841287262650744,0.02576860230244167,17,0.13518589999875985
sun3d-home_md-home_md_scan9_2012_sep_30,57,17,point_to_point,0.20691549221563732,54.959625912170964,2.0024555543864504,1.4579252164906478,0.3776655348039503,0.3776649615080886,nan,24,0.11694840001291595
sun3d-home_md-home_md_scan9_2012_sep_30,58,17,point_to_plane,0.21978168954018854,3.012698011768959,0.19099279950233436,0.09370453356718421,0.9998109423106452,0.9998109423106452,0.02981557032679865,22,0.17297730001155287
sun3d-home_md-home_md_scan9_2012_sep_30,58,17,point_to_point,0.21978168954018854,59.27501430563677,2.4633895479956265,1.3994074945573693,0.41485555085101333,0.41485428008328074,nan,32,0.1650186000042595
sun3d-home_md-home_md_scan9_2012_sep_30,19,18,point_to_plane,0.2083789462586509,0.9094759139272707,0.010130873349998909,0.005486247880337116,0.01948998324328128,0.01948998324328128,0.007586161253460202,11,0.01703260000795126
sun3d-home_md-home_md_scan9_2012_sep_30,19,18,point_to_point,0.2083789462586509,1.334994068885157,0.007463370835525047,0.007988769421769567,0.01904128786767105,0.019043354179881372,nan,29,0.03681969997705892
sun3d-home_md-home_md_scan9_2012_sep_30,20,18,point_to_plane,0.23950309455172492,2.211388462638314,0.0141968291545979,0.019210634495937143,0.053954825237791146,0.053954825237791146,0.01100915931853865,15,0.017752199986716732
sun3d-home_md-home_md_scan9_2012_sep_30,20,18,point_to_point,0.23950309455172492,5.562180471251765,0.19633144295286353,0.2441569251332767,0.04552721495177965,0.045530701786791784,nan,48,0.052245099999709055
sun3d-home_md-home_md_scan9_2012_sep_30,21,18,point_to_plane,0.2676657194924989,15.96854176581077,0.3004473804404661,0.37706071481681336,0.04510738737576107,0.04510738737576107,0.030605390034178708,25,0.027969000017037615
sun3d-home_md-home_md_scan9_2012_sep_30,21,18,point_to_point,0.2676657194924989,11.896111000392365,0.2688502771167692,0.34084592291813676,0.043932527838268814,0.04393253846557505,nan,35,0.03505140001652762
sun3d-home_md-home_md_scan9_2012_sep_30,22,18,point_to_plane,0.29292734983909624,0.9031668757298431,0.02594509728411914,0.01632596698560408,0.02595673765025516,0.02595673765025516,0.009281589548507642,15,0.020135800004936755
sun3d-home_md-home_md_scan9_2012_sep_30,22,18,point_to_point,0.29292734983909624,2.9767858018243794,0.02277942927696504,0.033755063932212524,0.026757890815161958,0.026774026298948567,nan,44,0.05206340001313947
sun3d-home_md-home_md_scan9_2012_sep_30,23,18,point_to_plane,0.25525985012422686,9.993805275296715,0.12999194420998314,0.07002517195064902,0.0956434178641306,0.0956434178641306,0.030202111956882986,23,0.04641739997896366
sun3d-home_md-home_md_scan9_2012_sep_30,23,18,point_to_point,0.25525985012422686,26.83167376716151,0.31658668176625393,0.36125679066530936,0.08171237931843546,0.08176314580882332,nan,50,0.0967194999975618
sun3d-home_md-home_md_scan9_2012_sep_30,54,18,point_to_plane,0.166793457550536,5.135916901375732,0.2245307613395045,0.11556571464100365,0.6993365216297723,0.6993365216297723,0.021582438767963428,13,0.06199809999088757
sun3d-home_md-home_md_scan9_2012_sep_30,54,18,point_to_point,0.166793457550536,78.75748403512834,2.330141599130633,1.3104383748799013,0.33668417352500335,0.3366848089548692,nan,34,0.1149788000038825
sun3d-home_md-home_md_scan9_2012_sep_30,55,18,point_to_plane,0.2212878284980255,5.900617964487934,0.2663015379119355,0.12324186679204008,0.5795216077274329,0.5795216077274329,0.025658038407704028,18,0.07985079998616129
sun3d-home_md-home_md_scan9_2012_sep_30,55,18,point_to_point,0.2212878284980255,94.50416198036946,3.065089824750449,1.2547051744231859,0.29312871813279184,0.29314353078122335,nan,44,0.14335829997435212
sun3d-home_md-home_md_scan9_2012_sep_30,56,18,point_to_plane,0.23871741681784048,6.359851058630981,0.30872120321677393,0.15269665966997983,0.7843386990196015,0.7843386990196015,0.02296172313423665,26,0.14401419999194331
sun3d-home_md-home_md_scan9_2012_sep_30,56,18,point_to_point,0.23871741681784048,125.27947500182297,3.3485814544486083,1.5621393668759247,0.35806504590889987,0.3580662362036771,nan,42,0.1707243999990169
sun3d-home_md-home_md_scan9_2012_sep_30,57,18,point_to_plane,0.16787485599729698,7.529986741509998,0.38047515267091836,0.18572240459266923,0.9325120565560684,0.9325120565560684,0.021811057417703766,18,0.1499959999928251
sun3d-home_md-home_md_scan9_2012_sep_30,57,18,point_to_point,0.16787485599729698,125.15514211714657,3.849783091370888,1.6211235773174777,0.41143163921826337,0.411464035467006,nan,50,0.2570922000159044
sun3d-home_md-home_md_scan9_2012_sep_30,58,18,point_to_plane,0.14581235017809685,4.190060360172826,0.24028704171407372,0.11416580180255029,0.9915380469646052,0.9915380469646052,0.023056074776892442,19,0.15894289998686872
sun3d-home_md-home_md_scan9_2012_sep_30,58,18,point_to_point,0.14581235017809685,113.12169232281977,3.892188056769507,1.6307000256226103,0.43060350803615044,0.4308160906306498,nan,50,0.27832509999279864
sun3d-home_md-home_md_scan9_2012_sep_30,20,19,point_to_plane,0.1082213811504437,16.081411987800987,0.42357472459916146,0.3522660058906149,0.057629520274564035,0.057629520274564035,0.03434847385379848,50,0.053939999983413145
sun3d-home_md-home_md_scan9_2012_sep_30,20,19,point_to_point,0.1082213811504437,15.321016727835291,0.23157636120982764,0.33486224399263015,0.051893106431436194,0.05189315696913434,nan,39,0.038621599989710376
sun3d-home_md-home_md_scan9_2012_sep_30,22,19,point_to_plane,0.1840286111559819,5.953133149662118,0.049283454388420446,0.051739652962143674,0.037621491197167296,0.037621491197167296,0.02281147950484617,50,0.05185429999255575
sun3d-home_md-home_md_scan9_2012_sep_30,22,19,point_to_point,0.1840286111559819,5.567413139337778,0.04408272621185385,0.06588330005679062,0.03928169782173162,0.03928179851200405,nan,30,0.02910609997343272
sun3d-home_md-home_md_scan9_2012_sep_30,23,19,point_to_plane,0.15244125760172436,3.2494126641964964,0.03193012953668453,0.022132270096868956,0.1190357623078787,0.1190357623078787,0.011845085448317407,15,0.017775699991034344
sun3d-home_md-home_md_scan9_2012_sep_30,23,19,point_to_point,0.15244125760172436,24.83032981525696,0.35859219458727776,0.4190173348701845,0.08708013708267513,0.08708097422425308,nan,48,0.05802510000648908
sun3d-home_md-home_md_scan9_2012_sep_30,54,19,point_to_plane,0.17692031633049474,7.391861236613554,0.2834047811191606,0.1414083535897827,0.7320697658762367,0.7320697658762367,0.023809871273252473,19,0.06944210000801831
sun3d-home_md-home_md_scan9_2012_sep_30,54,19,point_to_point,0.17692031633049474,88.90973680037507,2.2091614935191908,1.3487742520555115,0.3933443725387436,0.393347718616925,nan,50,0.1532489999954123
sun3d-home_md-home_md_scan9_2012_sep_30,55,19,point_to_plane,0.14962211995079058,7.92351624091652,0.35932136322301733,0.15253111743476247,0.6032212820951156,0.6032212820951156,0.028726459743092493,50,0.1832386000023689
sun3d-home_md-home_md_scan9_2012_sep_30,55,19,point_to_point,0.14962211995079058,97.11791485762637,2.9150114759600245,1.2271601308177704,0.3350655021097665,0.33506522442841336,nan,40,0.12913670000853017
sun3d-home_md-home_md_scan9_2012_sep_30,56,19,point_to_plane,0.18098681268024447,7.652511351123924,0.3492202828038744,0.16589440255810692,0.8037250375548008,0.8037250375548008,0.029650166968275157,50,0.2390910999965854
sun3d-home_md-home_md_scan9_2012_sep_30,56,19,point_to_point,0.18098681268024447,107.94796987720517,3.5841431893926714,1.4158485686222226,0.4013968373481693,0.40139733136431016,nan,24,0.09553170000435784
sun3d-home_md-home_md_scan9_2012_sep_30,57,19,point_to_plane,0.24047766079902108,9.241915463025515,0.36185515731043233,0.20778811582998805,0.942387660357688,0.942387660357688,0.028815772144810944,50,0.3377215999935288
sun3d-home_md-home_md_scan9_2012_sep_30,57,19,point_to_point,0.24047766079902108,108.43441986141653,4.0231697940606574,1.5226607184839553,0.4631205133960096,0.46322041504091555,nan,50,0.27831729999161325
sun3d-home_md-home_md_scan9_2012_sep_30,58,19,point_to_plane,0.1669045444471753,12.242986595535694,0.4786842598862337,0.2419559574029252,1.0253834019798795,1.0253834019798795,0.03950749641139318,31,0.22947319998638704
sun3d-home_md-home_md_scan9_2012_sep_30,58,19,point_to_point,0.1669045444471753,72.80630120889313,3.125864378372586,1.433816918871227,0.5108639268030588,0.512701123740867,nan,50,0.2953773000044748
sun3d-home_md-home_md_scan9_2012_sep_30,21,20,point_to_plane,0.07694609991375731,0.5088034673291573,0.012357033494516945,0.006641104108782326,0.021818840762016897,0.021818840762016897,0.005807549217252744,13,0.012470400019083172
sun3d-home_md-home_md_scan9_2012_sep_30,21,20,point_to_point,0.07694609991375731,3.0252518827296213,0.030895795542106985,0.018603139823862583,0.021907732533025328,0.021897585058868595,nan,22,0.01650500000687316
sun3d-home_md-home_md_scan9_2012_sep_30,22,20,point_to_plane,0.22897405498445145,3.009951711324531,0.020720667237844277,0.022321779580151132,0.05100295651024073,0.05100295651024073,0.015392439607680804,50,0.04948849999345839
sun3d-home_md-home_md_scan9_2012_sep_30,22,20,point_to_point,0.22897405498445145,14.89291552918916,0.1548961992266201,0.19005539106365316,0.05452890366913407,0.05452893748323308,nan,37,0.033991600008448586
sun3d-home_md-home_md_scan9_2012_sep_30,23,20,point_to_plane,0.26401936004104876,15.675482257623372,0.16146049231525517,0.14688714527167585,0.38852744407934997,0.38852744407934997,0.03117196364937431,50,0.06337960000382736
sun3d-home_md-home_md_scan9_2012_sep_30,23,20,point_to_point,0.26401936004104876,105.488233124051,0.5221478096684041,0.9332606768514456,0.09508848244955856,0.09508535047290194,nan,37,0.039178899984108284
sun3d-home_md-home_md_scan9_2012_sep_30,54,20,point_to_plane,0.1965995835989544,3.1782619528753675,0.16503422086608266,0.09649582633932194,0.7876224311746896,0.7876224311746896,0.02567481191245532,29,0.08671139998477884
sun3d-home_md-home_md_scan9_2012_sep_30,54,20,point_to_point,0.1965995835989544,92.13163610535092,2.2030901495294763,1.5236083931808533,0.42332215394497125,0.4233223107811753,nan,22,0.057946199987782165
sun3d-home_md-home_md_scan9_2012_sep_30,55,20,point_to_plane,0.07023134104477269,6.735483180534593,0.3032416180100224,0.12377532086004737,0.6900079225778148,0.6900079225778148,0.026839538508776226,8,0.026346999977249652
sun3d-home_md-home_md_scan9_2012_sep_30,55,20,point_to_point,0.07023134104477269,99.47483207062125,2.7562742982945383,1.3689131593690613,0.3753269089929519,0.3753264533664234,nan,25,0.07058709999546409
sun3d-home_md-home_md_scan9_2012_sep_30,56,20,point_to_plane,0.2055599962884303,10.695486500101985,0.4747988503870768,0.21628721097177073,0.9592587522705769,0.9592587522705769,0.03147199666507468,50,0.21200109997880645
sun3d-home_md-home_md_scan9_2012_sep_30,56,20,point_to_point,0.2055599962884303,111.67088464966696,3.3442645522482968,1.725265800742444,0.4626121374236768,0.4626122523652049,nan,28,0.09078929998213425
sun3d-home_md-home_md_scan9_2012_sep_30,57,20,point_to_plane,0.1539558356895211,7.450541124621718,0.3783117453716176,0.20275475441394342,1.090257887028495,1.090257887028495,0.02865644423226135,16,0.08942930001649074
sun3d-home_md-home_md_scan9_2012_sep_30,57,20,point_to_point,0.1539558356895211,78.28897832693193,3.0412536664296725,1.6347223794135852,0.5201127949290528,0.5201123537786523,nan,45,0.20041889999993145
sun3d-home_md-home_md_scan9_2012_sep_30,58,20,point_to_plane,0.17443082003573104,19.55520260572526,1.0630124122051037,0.4635240910383431,1.093173553807861,1.093173553807861,0.04768895004301843,50,0.28491710001253523
sun3d-home_md-home_md_scan9_2012_sep_30,58,20,point_to_point,0.17443082003573104,78.2140459335301,3.288760132430934,1.605808255262537,0.5452284017424428,0.545228131861963,nan,31,0.13762369999312796
sun3d-home_md-home_md_scan9_2012_sep_30,22,21,point_to_plane,0.21639202867926768,31.187095868982894,0.42656075974885094,0.4329786079249952,0.07307690163741104,0.07307690163741104,0.04118039392289365,40,0.039251399983186275
sun3d-home_md-home_md_scan9_2012_sep_30,22,21,point_to_point,0.21639202867926768,6.166094781461349,0.2315040963011448,0.30707463135128843,0.0582986998867955,0.05829873817194436,nan,41,0.03465369998593815
sun3d-home_md-home_md_scan9_2012_sep_30,54,21,point_to_plane,0.30572825159221195,21.248958355985764,0.7886871629377926,0.764246589789218,0.8240819329456567,0.8240819329456567,0.03968496705130389,50,0.13736289998632856
sun3d-home_md-home_md_scan9_2012_sep_30,54,21,point_to_point,0.30572825159221195,90.44828686183837,2.710544846853608,1.5669017247324435,0.4940390845824166,0.4940393009320228,nan,37,0.08979460000409745
sun3d-home_md-home_md_scan9_2012_sep_30,55,21,point_to_plane,0.2276897942477884,34.720502953191925,1.4639526152559912,0.7288601804990417,0.7310740602957841,0.7310740602957841,0.05217022066413431,50,0.1432218000118155
sun3d-home_md-home_md_scan9_2012_sep_30,55,21,point_to_point,0.2276897942477884,92.60534086103935,3.1911594957452585,1.3920254567154196,0.43122979486618895,0.4312401675347348,nan,36,0.0958223000052385
sun3d-home_md-home_md_scan9_2012_sep_30,56,21,point_to_plane,0.27655257958980983,25.64364836298499,1.1896557362301923,0.6413619104590499,0.9313190674351759,0.9313190674351759,0.04861168235123468,50,0.17380569997476414
sun3d-home_md-home_md_scan9_2012_sep_30,56,21,point_to_point,0.27655257958980983,101.91000036841736,3.534019715523408,1.7149468639083103,0.5252131554081839,0.5252072220901409,nan,34,0.10444039999856614
sun3d-home_md-home_md_scan9_2012_sep_30,57,21,point_to_plane,0.15766190155822637,18.54819819956189,0.8612308591969996,0.5919342773021826,1.045550537531822,1.045550537531822,0.04378262440415096,50,0.20913470000959933
sun3d-home_md-home_md_scan9_2012_sep_30,57,21,point_to_point,0.15766190155822637,79.29496186561195,2.9537224866735103,1.6763124734557422,0.5711844622468345,0.5711838155384088,nan,35,0.14959800001815893
sun3d-home_md-home_md_scan9_2012_sep_30,58,21,point_to_plane,0.18268122383464389,12.60267752033566,0.15851846143924422,0.23686234448696528,1.039356307816356,1.039356307816356,0.041488496714640354,8,0.035705899994354695
sun3d-home_md-home_md_scan9_2012_sep_30,58,21,point_to_point,0.18268122383464389,81.10962266457436,3.217880126213117,1.6337784408818563,0.5887568361335873,0.5887605820536758,nan,25,0.1092796000011731
sun3d-home_md-home_md_scan9_2012_sep_30,23,22,point_to_plane,0.0692900863460414,42.17033808106332,0.22205270534786667,0.5186547764635423,0.22715391968578766,0.22715391968578766,0.04560282426778444,50,0.06172950001200661
sun3d-home_md-home_md_scan9_2012_sep_30,23,22,point_to_point,0.0692900863460414,68.0317619936292,0.7851976431012494,0.7313241631096775,0.11167039480566565,0.11166782722533253,nan,43,0.04639030000544153
sun3d-home_md-home_md_scan9_2012_sep_30,54,22,point_to_plane,0.1716182615733326,27.561439839397444,0.5050273410388806,0.5966576471968558,0.8230134567773851,0.8230134567773851,0.04071803147392296,50,0.15564569999696687
sun3d-home_md-home_md_scan9_2012_sep_30,54,22,point_to_point,0.1716182615733326,93.46225715296869,2.7408643035771028,1.5483505170054623,0.42974330490647755,0.4297442365487006,nan,50,0.12340839998796582
sun3d-home_md-home_md_scan9_2012_sep_30,55,22,point_to_plane,0.11344016121070521,43.09312454603828,1.6890243189402612,0.6568614064141841,0.6961433745760808,0.6961433745760808,0.05335123596021896,50,0.1460564000008162
sun3d-home_md-home_md_scan9_2012_sep_30,55,22,point_to_point,0.11344016121070521,93.67456655720216,3.181823261025048,1.3531521471293353,0.3677709485602368,0.36777032544276045,nan,42,0.11877040000399575
sun3d-home_md-home_md_scan9_2012_sep_30,56,22,point_to_plane,0.21930940040587787,30.42339259003031,1.21884991404937,0.5302971387308573,0.887464891358517,0.887464891358517,0.050302084390266885,29,0.10563360000378452
sun3d-home_md-home_md_scan9_2012_sep_30,56,22,point_to_point,0.21930940040587787,89.27086926334465,3.0449775915719175,1.510024867650617,0.45436262911206743,0.45436167755492307,nan,39,0.13478130000294186
sun3d-home_md-home_md_scan9_2012_sep_30,57,22,point_to_plane,0.2011920180430939,46.94166759420646,1.1840814730092286,0.85911254423753,1.1058484238114534,1.1058484238114534,0.04585207230439717,50,0.22813100001076236
sun3d-home_md-home_md_scan9_2012_sep_30,57,22,point_to_point,0.2011920180430939,84.65982232590116,3.4176610086251187,1.58487272784872,0.5132649240743287,0.513258768504916,nan,27,0.11498969999956898
sun3d-home_md-home_md_scan9_2012_sep_30,58,22,point_to_plane,0.2135993195406843,28.287449767594243,1.5208696506589847,0.6228544348078181,1.03887457610846,1.03887457610846,0.04636767792696602,50,0.2396102000202518
sun3d-home_md-home_md_scan9_2012_sep_30,58,22,point_to_point,0.2135993195406843,83.02653923644934,3.54197215718757,1.5955688541921806,0.5376957676431365,0.5377033608948673,nan,50,0.21348490001400933
sun3d-home_md-home_md_scan9_2012_sep_30,24,23,point_to_plane,0.2592050741077101,9.106303329164097,0.03162098658232776,0.06577315287768028,0.21182949051952904,0.21182949051952904,0.027780410043812445,12,0.028699900023639202
sun3d-home_md-home_md_scan9_2012_sep_30,24,23,point_to_point,0.2592050741077101,88.3960698788002,0.18100497595460321,0.6730464519939537,0.11200828701779669,0.11200649518200394,nan,47,0.08230859998730011
sun3d-home_md-home_md_scan9_2012_sep_30,54,23,point_to_plane,0.1891797987434241,30.571646369256477,1.2226076103754069,0.5646803564206457,0.8060993168819154,0.8060993168819154,0.05681010345814575,50,0.19023040001047775
sun3d-home_md-home_md_scan9_2012_sep_30,54,23,point_to_point,0.1891797987434241,55.24530637402698,2.164098587386674,1.078043152828547,0.3366135445648826,0.3366133686602289,nan,25,0.07646159999421798
sun3d-home_md-home_md_scan9_2012_sep_30,55,23,point_to_plane,0.27698658954583133,29.774165527588412,1.229592745657482,0.5252699645721182,0.45133799275214703,0.45133799275214703,0.05288746769439246,27,0.1216402999998536
sun3d-home_md-home_md_scan9_2012_sep_30,55,23,point_to_point,0.27698658954583133,71.96824900849141,3.0123952907053364,1.1445905410027144,0.2891584217533793,0.2891768850165386,nan,25,0.08296349999727681
sun3d-home_md-home_md_scan9_2012_sep_30,56,23,point_to_plane,0.14563866239804327,21.25896870868093,0.9920793274369937,0.4329684726450627,0.8513638284068112,0.8513638284068112,0.04894887623052181,50,0.2337007000169251
sun3d-home_md-home_md_scan9_2012_sep_30,56,23,point_to_point,0.14563866239804327,97.22120714571372,3.9135521050098525,1.5530329633604916,0.3886910553306119,0.3886901368349297,nan,36,0.13883449998684227
sun3d-home_md-home_md_scan9_2012_sep_30,57,23,point_to_plane,0.23233478085446121,30.188851879110178,1.4116718806538622,0.6491334194956468,1.0318543153221016,1.0318543153221016,0.05047960190978379,50,0.33909149997634813
sun3d-home_md-home_md_scan9_2012_sep_30,57,23,point_to_point,0.23233478085446121,67.13960570919285,2.9860229808488414,1.453758307262956,0.4483102007764204,0.4483071090561278,nan,24,0.12445840000873432
sun3d-home_md-home_md_scan9_2012_sep_30,58,23,point_to_plane,0.19970917299929788,85.99756032337015,4.179884663478577,1.7551852512368276,1.116822244921089,1.116822244921089,0.04809870714953067,40,0.2631991000089329
sun3d-home_md-home_md_scan9_2012_sep_30,58,23,point_to_point,0.19970917299929788,57.02746517190109,2.7955442993278563,1.3529620688980883,0.4783662429139866,0.4783630130974456,nan,36,0.18101599998772144
sun3d-home_md-home_md_scan9_2012_sep_30,25,24,point_to_plane,0.21685518692593395,8.270409351952587,0.11044719183904901,0.1070719241764606,0.0999007971429227,0.0999007971429227,0.029941021895473166,50,0.11073260000557639
sun3d-home_md-home_md_scan9_2012_sep_30,25,24,point_to_point,0.21685518692593395,63.395008717448945,0.8536379275718674,0.5650593391339741,0.09165600716641531,0.09164876845561,nan,50,0.07595130000845529
sun3d-home_md-home_md_scan9_2012_sep_30,26,25,point_to_plane,0.1103276634945307,4.899365593003202,0.043363045670421686,0.14428489957974883,0.5263882978922508,0.5263882978922508,0.02331711698367832,15,0.05675099999643862
sun3d-home_md-home_md_scan9_2012_sep_30,26,25,point_to_point,0.1103276634945307,50.708242939378906,1.6592621094462936,1.0207355293403546,0.38186678635729315,0.38187152109583455,nan,47,0.12926380001590587
sun3d-home_md-home_md_scan9_2012_sep_30,27,26,point_to_plane,0.09904023602369667,2.095461651243578,0.01914760427431414,0.03399311767489903,0.1458005436203461,0.1458005436203461,0.01557509061535725,12,0.07988959999056533
sun3d-home_md-home_md_scan9_2012_sep_30,27,26,point_to_point,0.09904023602369667,33.88101190577091,0.12584569541721108,0.43477211762912993,0.1687533823953556,0.16875343536691131,nan,43,0.1834596000262536
sun3d-home_md-home_md_scan9_2012_sep_30,28,26,point_to_plane,0.25429595747975886,2.1512905759951395,0.10406179726298054,0.0578310792471562,0.1356286611640169,0.1356286611640169,0.022350458191167547,23,0.1201928999798838
sun3d-home_md-home_md_scan9_2012_sep_30,28,26,point_to_point,0.25429595747975886,13.527474486903948,0.6877386611414958,0.2716850995677478,0.13753877064002895,0.13753886966036066,nan,25,0.08826239997870289
sun3d-home_md-home_md_scan9_2012_sep_30,50,26,point_to_plane,0.19535655061990226,2.6590757968436343,0.07718095095357759,0.08036660355335391,0.700553515052443,0.700553515052443,0.03450457268254596,50,0.6614385000139009
sun3d-home_md-home_md_scan9_2012_sep_30,50,26,point_to_point,0.19535655061990226,103.57223141631445,3.824547126233126,1.6134420609477111,0.3889078771913471,0.3889013503232453,nan,50,0.529793099995004
sun3d-home_md-home_md_scan9_2012_sep_30,51,26,point_to_plane,0.21149711465404825,1.4858667436850566,0.04267456160257763,0.07645052344286758,0.39180209001749317,0.39180209001749317,0.038194859765529963,27,0.31942269997671247
sun3d-home_md-home_md_scan9_2012_sep_30,51,26,point_to_point,0.21149711465404825,48.3043284676016,0.836426939978347,0.9091417602621664,0.3057284010459143,0.3057383480365834,nan,45,0.4176452999818139
sun3d-home_md-home_md_scan9_2012_sep_30,28,27,point_to_plane,0.28771055215606395,1.5096895173559282,0.0913361103049659,0.040376652867532586,0.06946361715892219,0.06946361715892219,0.01880591301920065,50,0.16227990001789294
sun3d-home_md-home_md_scan9_2012_sep_30,28,27,point_to_point,0.28771055215606395,3.017476098403637,0.16283986909088463,0.13071009548342516,0.07260820641607144,0.07261477198659443,nan,36,0.10879940001177602
sun3d-home_md-home_md_scan9_2012_sep_30,50,27,point_to_plane,0.15617133530510247,2.7138869128314314,0.17039883155327662,0.08118096027259995,0.34387840749772436,0.34387840749772436,0.034226280632481385,16,0.17096860002493486
sun3d-home_md-home_md_scan9_2012_sep_30,50,27,point_to_point,0.15617133530510247,27.588065347137796,0.47402619786777767,0.6727768480534821,0.2933201737260528,0.29330989894948933,nan,50,0.5121234999969602
sun3d-home_md-home_md_scan9_2012_sep_30,51,27,point_to_plane,0.19480214589103256,1.1210627766479264,0.07857048676952254,0.08551870064287571,0.3145938250890907,0.3145938250890907,0.0464855139078605,16,0.19254370001726784
sun3d-home_md-home_md_scan9_2012_sep_30,51,27,point_to_point,0.19480214589103256,37.91954167960814,1.292204216857857,0.9323325014738926,0.22422342439464057,0.2254935735231441,nan,50,0.4839679000142496
sun3d-home_md-home_md_scan9_2012_sep_30,50,28,point_to_plane,0.25289286468586164,13.288932978642414,0.6036264984219951,0.2963310304202682,0.3931593371952207,0.3931593371952207,0.0512901441156489,50,0.46144109999295324
sun3d-home_md-home_md_scan9_2012_sep_30,50,28,point_to_point,0.25289286468586164,30.161645645487166,0.5505148399933854,0.8759006879126261,0.3094064655670264,0.3094045753702273,nan,23,0.22423520000302233
sun3d-home_md-home_md_scan9_2012_sep_30,51,28,point_to_plane,0.2515695300826285,20.596593941425205,0.874691958124785,0.9036331140117226,0.38083159206693734,0.38083159206693734,0.06524218110895579,50,0.4821456999925431
sun3d-home_md-home_md_scan9_2012_sep_30,51,28,point_to_point,0.2515695300826285,19.237275098857523,0.7060009217411711,0.49519286708931615,0.24785336904334576,0.2478509841363683,nan,27,0.2505589000065811
sun3d-home_md-home_md_scan9_2012_sep_30,41,29,point_to_plane,0.2943123899621916,93.88412670541298,423.4430181737455,426.3675538073102,426.83000374710184,426.83000374710184,0.060406023503225915,2,0.022065800003474578
sun3d-home_md-home_md_scan9_2012_sep_30,41,29,point_to_point,0.2943123899621916,46.04792357470537,1.0579104416493836,1.6803245758093526,0.39762927056122777,0.39763054657355074,nan,22,0.1375296000041999
sun3d-home_md-home_md_scan9_2012_sep_30,42,29,point_to_plane,0.08438040835446063,56.14000075299487,3.7486013057227425,1.8574560198965024,0.819183244139982,0.819183244139982,0.048544676964291565,50,0.30264840001473203
sun3d-home_md-home_md_scan9_2012_sep_30,42,29,point_to_point,0.08438040835446063,50.658796151540436,2.707482096991801,1.0365084952057948,0.4891645354622049,0.4891636546013124,nan,33,0.173172099981457
sun3d-home_md-home_md_scan9_2012_sep_30,43,29,point_to_plane,0.19140056642807365,54.833101158590146,3.7223333375750913,1.5653783273717061,1.2442102293645536,1.2442102293645536,0.057390755215885894,50,0.36509740000474267
sun3d-home_md-home_md_scan9_2012_sep_30,43,29,point_to_point,0.19140056642807365,74.4543453142084,3.2477619896782626,1.7491681910877352,0.6626506240058699,0.662648149341108,nan,18,0.10768879999523051
sun3d-home_md-home_md_scan9_2012_sep_30,45,29,point_to_plane,0.27737839186572105,27.00816706192165,1.268774154143844,1.0084230950993975,1.374685650307685,1.374685650307685,0.05837099146787466,50,0.6191134999971837
sun3d-home_md-home_md_scan9_2012_sep_30,45,29,point_to_point,0.27737839186572105,85.57071456071984,2.4554336915986177,2.4140785182919107,0.5291853284484568,0.5291832501987179,nan,21,0.16988020000280812
sun3d-home_md-home_md_scan9_2012_sep_30,47,29,point_to_plane,0.3880314013878131,4.043016422693873,0.2679616266152698,0.3880314013878131,1.1589156364476747,1.1589156364476747,nan,1,0.01554789999499917
sun3d-home_md-home_md_scan9_2012_sep_30,47,29,point_to_point,0.3880314013878131,44.60383984022479,1.0709932378724805,1.7010251924279713,0.3871236594009324,0.3871228878047902,nan,33,0.16506659999140538
sun3d-home_md-home_md_scan9_2012_sep_30,48,29,point_to_plane,0.25007973553459417,101.51605290881362,4.192987861008715,2.0799163090322597,0.4850307808845324,0.4850307808845324,0.03582104760074143,43,0.20726110000396147
sun3d-home_md-home_md_scan9_2012_sep_30,48,29,point_to_point,0.25007973553459417,39.87930351628287,1.0034763105474815,1.1182037613668678,0.3365959787153238,0.3365920551091757,nan,15,0.06432189999031834
sun3d-home_md-home_md_scan9_2012_sep_30,49,29,point_to_plane,0.3308433248373947,4.023221759205806,0.27969610113496857,0.3308433248373947,0.8843021707985218,0.8843021707985218,nan,1,0.01189579998026602
sun3d-home_md-home_md_scan9_2012_sep_30,49,29,point_to_point,0.3308433248373947,43.094061859325485,0.9304917707412105,1.3476716871333532,0.3231957906649319,0.32319447210211355,nan,28,0.1366076999984216
sun3d-home_md-home_md_scan9_2012_sep_30,50,29,point_to_plane,0.21117542657836857,20.635170626625474,1.5690488503685982,0.8013515067447132,0.48326593192517175,0.48326593192517175,0.03754639137651934,34,0.2724977000034414
sun3d-home_md-home_md_scan9_2012_sep_30,50,29,point_to_point,0.21117542657836857,41.54680460268922,2.305592212031526,0.8324970039806843,0.44669286747857584,0.44668631211418536,nan,23,0.18618989997776225
sun3d-home_md-home_md_scan9_2012_sep_30,32,31,point_to_plane,0.2877481549921602,3.5831832577741913,0.08127688749582847,0.10252243392945867,0.26234378293548477,0.26234378293548477,0.031533081564690466,10,0.07708430002094246
sun3d-home_md-home_md_scan9_2012_sep_30,32,31,point_to_point,0.2877481549921602,12.338867942264377,0.3658260100470408,0.4258867484461529,0.21008668827549112,0.21008203638970974,nan,25,0.11019599999417551
sun3d-home_md-home_md_scan9_2012_sep_30,33,32,point_to_plane,0.23500367487063975,2.804081957919582,0.09342683612728782,0.06305951145768948,0.10881063784354401,0.10881063784354401,0.023203939538468367,50,0.19999639998422936
sun3d-home_md-home_md_scan9_2012_sep_30,33,32,point_to_point,0.23500367487063975,7.914164870022805,0.2920176945107177,0.140751043915538,0.1126405844222854,0.11263997898718939,nan,34,0.12919310000143014
sun3d-home_md-home_md_scan9_2012_sep_30,35,32,point_to_plane,0.19030628816595177,1.432986348483377,0.030563559678795656,0.03620842497477905,0.08726224116905683,0.08726224116905683,0.01962355477932031,8,0.035716200014576316
sun3d-home_md-home_md_scan9_2012_sep_30,35,32,point_to_point,0.19030628816595177,1.617921341369964,0.09548407731980986,0.08225934763895099,0.08983140257407629,0.089795999895365,nan,17,0.0631928000075277
sun3d-home_md-home_md_scan9_2012_sep_30,36,32,point_to_plane,0.1748389730653595,6.035017403174959,0.15798072177653982,0.07790732979443903,0.12359380197024605,0.12359380197024605,0.02680621459102791,39,0.14914069999940693
sun3d-home_md-home_md_scan9_2012_sep_30,36,32,point_to_point,0.1748389730653595,8.326739718267444,0.19313034402392934,0.172929895637298,0.10869250541136484,0.10869289595167385,nan,35,0.11804820000543259
sun3d-home_md-home_md_scan9_2012_sep_30,34,33,point_to_plane,0.23828250599384715,0.5496055952852652,0.024964457164222194,0.028582877475866676,0.03188791808072174,0.03188791808072174,0.010823311597798342,50,0.14402209999389015
sun3d-home_md-home_md_scan9_2012_sep_30,34,33,point_to_point,0.23828250599384715,0.591933787123009,0.045848265393668305,0.052184017689010105,0.03301113887433507,0.03301109854338985,nan,26,0.05214370001340285
sun3d-home_md-home_md_scan9_2012_sep_30,35,33,point_to_plane,0.037653337590253896,3.0322576223214748,0.07131798696389713,0.05215665282762578,0.15441052995294327,0.15441052995294327,0.019021896228140642,10,0.0416311000008136
sun3d-home_md-home_md_scan9_2012_sep_30,35,33,point_to_point,0.037653337590253896,13.53574431681305,0.6285165639771311,0.27208108937650854,0.1423080538663036,0.14230601846608332,nan,17,0.06420180000714026
sun3d-home_md-home_md_scan9_2012_sep_30,36,33,point_to_plane,0.07505584578859573,10.482962530669552,0.09438934416861688,0.23416196641795908,0.29017429516621784,0.29017429516621784,0.016124401485933932,11,0.03785550000611693
sun3d-home_md-home_md_scan9_2012_sep_30,36,33,point_to_point,0.07505584578859573,18.68653320327733,0.764364387714718,0.3585983323659539,0.16801384958487323,0.168017267859718,nan,35,0.1025798000046052
sun3d-home_md-home_md_scan9_2012_sep_30,35,34,point_to_plane,0.3233553720205782,5.336183956456384,0.09066831109361596,0.10021972093149661,0.379062398074579,0.379062398074579,0.027264938617862933,19,0.06953300000168383
sun3d-home_md-home_md_scan9_2012_sep_30,35,34,point_to_point,0.3233553720205782,29.43521232791756,0.8447384121931455,0.5795266063695703,0.2659193657402707,0.2659255257684248,nan,50,0.17531429999507964
sun3d-home_md-home_md_scan9_2012_sep_30,36,35,point_to_plane,0.35962606178666007,2.4273867836290015,0.021367058674263573,0.0652280251830687,0.07574790827546148,0.07574790827546148,0.011696264665966846,10,0.032671799999661744
sun3d-home_md-home_md_scan9_2012_sep_30,36,35,point_to_point,0.35962606178666007,3.335189713955554,0.13835478351953498,0.11420734250103033,0.06451780353136796,0.0645142527252065,nan,29,0.07721829999354668
sun3d-home_md-home_md_scan9_2012_sep_30,37,35,point_to_plane,0.16521977645522912,1.8214659423759942,0.5304751842930696,0.4913358467929379,0.27367589586534863,0.27367589586534863,0.008716797798556766,50,0.193124200013699
sun3d-home_md-home_md_scan9_2012_sep_30,37,35,point_to_point,0.16521977645522912,43.00635771417052,0.5459369982271358,1.1644047349997269,0.13621113040290664,0.13622081664093183,nan,50,0.16337870000279509
sun3d-home_md-home_md_scan9_2012_sep_30,37,36,point_to_plane,0.13907850158010757,0.5622153342150445,0.5713785346539613,0.5717413182107165,0.10433651335039894,0.10433651335039894,0.006653842533426855,31,0.0925312000035774
sun3d-home_md-home_md_scan9_2012_sep_30,37,36,point_to_point,0.13907850158010757,4.086729568399687,0.7565020441695895,0.8499692355116665,0.07477577205018958,0.07477672817846635,nan,33,0.09650720001081936
sun3d-home_md-home_md_scan9_2012_sep_30,38,37,point_to_plane,0.30362692642971556,0.5498131525621637,0.0666401932885098,0.06278333277709545,0.8182083244084725,0.8182083244084725,0.020780881608518674,50,0.3767569000192452
sun3d-home_md-home_md_scan9_2012_sep_30,38,37,point_to_point,0.30362692642971556,48.5205991545349,1.4673844277240082,1.7667198241304036,0.24546897917599028,0.24547167758310906,nan,48,0.3947896000172477
sun3d-home_md-home_md_scan9_2012_sep_30,39,38,point_to_plane,0.40171986132796245,1.7134673317883082,0.08308911105194204,0.033702345156665696,0.12208864536484941,0.12208864536484941,0.015939482800195245,12,0.11269589999574237
sun3d-home_md-home_md_scan9_2012_sep_30,39,38,point_to_point,0.40171986132796245,17.216630666589285,0.6635694798631749,0.3832212748709965,0.13567935978410003,0.1356805043393835,nan,50,0.4904034000064712
sun3d-home_md-home_md_scan9_2012_sep_30,40,38,point_to_plane,0.24504630426185503,1.029210336166193,0.046407943867237546,0.021348466148547043,0.05023104767567752,0.05023104767567752,0.012163282184095809,11,0.08543690000078641
sun3d-home_md-home_md_scan9_2012_sep_30,40,38,point_to_point,0.24504630426185503,2.7576002995619584,0.08376383444585815,0.09552169493362653,0.0636960984992106,0.0636734931052758,nan,50,0.33589270000811666
sun3d-home_md-home_md_scan9_2012_sep_30,41,38,point_to_plane,0.19763339858398812,3.2687652481937604,0.13665767170356963,0.06569133394683387,0.26512796074138933,0.26512796074138933,0.017146931078816166,12,0.0869581000006292
sun3d-home_md-home_md_scan9_2012_sep_30,41,38,point_to_point,0.19763339858398812,30.507527367281075,0.8747571166801666,0.9066504780727819,0.1848451219170707,0.18484543119657892,nan,34,0.269556500017643
sun3d-home_md-home_md_scan9_2012_sep_30,46,38,point_to_plane,0.26899135070408303,1.099690589687078,0.05332890331411619,0.022687968349757195,0.1540500232679385,0.1540500232679385,0.014809945394509694,13,0.12074169999687001
sun3d-home_md-home_md_scan9_2012_sep_30,46,38,point_to_point,0.26899135070408303,19.54112805231922,0.6765143785378408,0.43129341210912814,0.14976600044282518,0.14977109012340165,nan,46,0.47183640001458116
sun3d-home_md-home_md_scan9_2012_sep_30,47,38,point_to_plane,0.07114669148096418,3.10438387373118,0.12293561581925239,0.061994990318492475,0.25021948343496564,0.25021948343496564,0.016789981624755118,50,0.3273743000172544
sun3d-home_md-home_md_scan9_2012_sep_30,47,38,point_to_point,0.07114669148096418,30.9884710251464,0.8421970864917925,0.8875299936475941,0.18057960274737267,0.18058205266538008,nan,28,0.2173940000066068
sun3d-home_md-home_md_scan9_2012_sep_30,40,39,point_to_plane,0.24174998509146992,0.8225704060451288,0.030942470092437897,0.014339862991114302,0.023547680207107246,0.023547680207107246,0.009971123023145028,12,0.0898563000082504
sun3d-home_md-home_md_scan9_2012_sep_30,40,39,point_to_point,0.24174998509146992,0.573031244928036,0.023483216897160236,0.015861054977588194,0.023296230801376758,0.02328539885753537,nan,16,0.10644999999203719
sun3d-home_md-home_md_scan9_2012_sep_30,41,39,point_to_plane,0.2570983207464497,1.0847125976847132,0.04874946249475318,0.03303587996252711,0.08090127119201568,0.08090127119201568,0.013519065325045683,11,0.08141590000013821
sun3d-home_md-home_md_scan9_2012_sep_30,41,39,point_to_point,0.2570983207464497,6.792436968013731,0.4139551277746445,0.2788429579131545,0.0922681488939275,0.09225230010943448,nan,40,0.2904547000071034
sun3d-home_md-home_md_scan9_2012_sep_30,45,39,point_to_plane,0.15264560664583493,2.1080817038976427,0.13272899853339884,0.06185470734036057,0.2719610090841086,0.2719610090841086,0.0147749453875369,50,0.493991300027119
sun3d-home_md-home_md_scan9_2012_sep_30,45,39,point_to_point,0.15264560664583493,32.645019527885026,0.7093210161867303,0.9666693375425248,0.18488531614636436,0.18489441219862912,nan,43,0.492930799984606
sun3d-home_md-home_md_scan9_2012_sep_30,46,39,point_to_plane,0.3007290881428773,0.1935513088329177,0.010976730733875667,0.009075470676260019,0.04828615143981125,0.04828615143981125,0.011584986438798656,12,0.11172879999503493
sun3d-home_md-home_md_scan9_2012_sep_30,46,39,point_to_point,0.3007290881428773,2.6676533572827394,0.09985783323099923,0.08059885302614102,0.05675232866710913,0.05675238296914853,nan,35,0.2979402999917511
sun3d-home_md-home_md_scan9_2012_sep_30,47,39,point_to_plane,0.38067443559334035,0.8675135805425369,0.04378455502418039,0.031560389498427675,0.07248512661816676,0.07248512661816676,0.01323642313894464,16,0.11665499999071471
sun3d-home_md-home_md_scan9_2012_sep_30,47,39,point_to_point,0.38067443559334035,6.492344793619283,0.22424812392920335,0.18995923187976996,0.0839256763878759,0.08392835576041657,nan,39,0.2830987000197638
sun3d-home_md-home_md_scan9_2012_sep_30,41,40,point_to_plane,0.3121421463161882,0.852636172721354,0.05207066070732897,0.03058010830238522,0.12867631931347998,0.12867631931347998,0.014167852191493273,50,0.31388309999601915
sun3d-home_md-home_md_scan9_2012_sep_30,41,40,point_to_point,0.3121421463161882,5.76020342737732,0.5327386305981127,0.5050093981953072,0.12659776639850748,0.12659809733920174,nan,44,0.3054690999852028
sun3d-home_md-home_md_scan9_2012_sep_30,45,40,point_to_plane,0.17052761107597697,2.9924900686618865,0.1517238436534888,0.07483939582785785,0.5111108005271647,0.5111108005271647,0.015425467296936782,9,0.10792720000608824
sun3d-home_md-home_md_scan9_2012_sep_30,45,40,point_to_point,0.17052761107597697,48.74184788563357,1.3085420915908041,1.2917346493050939,0.2535413297535815,0.2535482978615161,nan,46,0.5354230999946594
sun3d-home_md-home_md_scan9_2012_sep_30,46,40,point_to_plane,0.12795941418101298,1.0531365059760944,0.04916922389317132,0.017293956711427066,0.1478840073156171,0.1478840073156171,0.012704150173097372,11,0.10534460001508705
sun3d-home_md-home_md_scan9_2012_sep_30,46,40,point_to_point,0.12795941418101298,14.413887027239879,0.4200204789556795,0.34137385819658406,0.140753540462259,0.14075371453471025,nan,22,0.20609600000898354
sun3d-home_md-home_md_scan9_2012_sep_30,47,40,point_to_plane,0.1882183944480857,0.635359679523976,0.03713875987226103,0.02600775904611746,0.11312444791004363,0.11312444791004363,0.013561872485771955,11,0.06965640000998974
sun3d-home_md-home_md_scan9_2012_sep_30,47,40,point_to_point,0.1882183944480857,7.674676538352249,0.372955590865716,0.4562038731384954,0.11865179168071545,0.11864958932881536,nan,39,0.25501739999162965
sun3d-home_md-home_md_scan9_2012_sep_30,49,40,point_to_plane,0.28810648021310725,1.571413797474974,0.04685584192169857,0.03428493756823389,0.1824042174759283,0.1824042174759283,0.018097302065913583,19,0.10351270000683144
sun3d-home_md-home_md_scan9_2012_sep_30,49,40,point_to_point,0.28810648021310725,16.91779531317756,1.0722380268634077,0.8477291030113887,0.12293616017082229,0.1229584182685675,nan,50,0.2858823999995366
sun3d-home_md-home_md_scan9_2012_sep_30,45,41,point_to_plane,0.1464801445451857,1.9486297523320488,0.0643920865542463,0.049561924302201806,0.5123374669609683,0.5123374669609683,0.025304370607138724,12,0.17996629999834113
sun3d-home_md-home_md_scan9_2012_sep_30,45,41,point_to_point,0.1464801445451857,53.308940609827694,1.5785165852020155,1.211435153095421,0.22357500102999048,0.22357879854651527,nan,39,0.4507737999956589
sun3d-home_md-home_md_scan9_2012_sep_30,46,41,point_to_plane,0.18688221496671803,1.7178596484961295,0.04894746501146518,0.06830510499136412,0.22387439411491653,0.22387439411491653,0.025544630298242395,12,0.12388020000071265
sun3d-home_md-home_md_scan9_2012_sep_30,46,41,point_to_point,0.18688221496671803,16.88583392321111,0.48153323859144703,0.502979110325009,0.1933578067666512,0.19332721509812614,nan,29,0.2967404999944847
sun3d-home_md-home_md_scan9_2012_sep_30,47,41,point_to_plane,0.20355507081021276,0.5529436834181898,0.03161963146285107,0.019253721040285342,0.020353231817398648,0.020353231817398648,0.0082164857777576,9,0.05591600001207553
sun3d-home_md-home_md_scan9_2012_sep_30,47,41,point_to_point,0.20355507081021276,0.4551093142445361,0.02450535947533929,0.014556752733143578,0.02006217080348094,0.02006062545446626,nan,20,0.10298230001353659
sun3d-home_md-home_md_scan9_2012_sep_30,48,41,point_to_plane,0.18414625386078698,1.197350603352429,0.03421607013291509,0.025525708422669394,0.1506048013602514,0.1506048013602514,0.009442420477186634,7,0.04123320002690889
sun3d-home_md-home_md_scan9_2012_sep_30,48,41,point_to_point,0.18414625386078698,1.85914823422216,0.4438335855455711,0.46269284145994816,0.11878695584291095,0.11872373244252506,nan,50,0.28246660000877455
sun3d-home_md-home_md_scan9_2012_sep_30,49,41,point_to_plane,0.2816259916410231,0.8682624379730675,0.02630922394103606,0.01796467125023242,0.05294771922223341,0.05294771922223341,0.009713644793019985,12,0.0717581000062637
sun3d-home_md-home_md_scan9_2012_sep_30,49,41,point_to_point,0.2816259916410231,1.1003266259390025,0.0893045091390822,0.08376784620546894,0.05824636217528106,0.05824444735328613,nan,36,0.18650420001358725
sun3d-home_md-home_md_scan9_2012_sep_30,43,42,point_to_plane,0.2689966320877795,2.209116330751252,0.13725371408582465,0.06554340440176465,0.3826215326346942,0.3826215326346942,0.022176244867823436,15,0.1332115000113845
sun3d-home_md-home_md_scan9_2012_sep_30,43,42,point_to_point,0.2689966320877795,55.69862808922735,1.902126434191727,1.312877178241844,0.24496911658149695,0.24481084682926396,nan,50,0.4397874000133015
sun3d-home_md-home_md_scan9_2012_sep_30,48,42,point_to_plane,0.3327405412377111,12.380927447893805,0.319188040705276,0.26893278196014814,0.14850156026026695,0.14850156026026695,0.02679729863594475,23,0.14403639998636208
sun3d-home_md-home_md_scan9_2012_sep_30,48,42,point_to_point,0.3327405412377111,39.876185261030955,0.8758579210066246,0.8265315179671856,0.112982604800153,0.11296993320017701,nan,50,0.2860512000042945
sun3d-home_md-home_md_scan9_2012_sep_30,49,42,point_to_plane,0.24487456729214008,3.1773436718740196,0.4232394841153071,0.45769375149421876,0.18221871168221782,0.18221871168221782,0.03412310940243183,50,0.3240691999963019
sun3d-home_md-home_md_scan9_2012_sep_30,49,42,point_to_point,0.24487456729214008,25.34066232345189,0.35976551835986637,0.5487856722232876,0.13286903019544244,0.13283210066197457,nan,50,0.2770094000152312
sun3d-home_md-home_md_scan9_2012_sep_30,50,42,point_to_plane,0.26657749682889575,3.4133230519729265,0.21600520126121042,0.11586506975031692,0.120851829512492,0.120851829512492,0.02395227652056023,14,0.1318219999957364
sun3d-home_md-home_md_scan9_2012_sep_30,50,42,point_to_point,0.26657749682889575,7.7789011030611865,0.35749834872255626,0.19338821328983516,0.1291050291546727,0.12911705292656436,nan,30,0.27030160001595505
sun3d-home_md-home_md_scan9_2012_sep_30,51,42,point_to_plane,0.13497678943728653,5.298746150077177,0.37403371915302,0.21762006351558036,0.2815680515026741,0.2815680515026741,0.029106092699604815,18,0.1934670000046026
sun3d-home_md-home_md_scan9_2012_sep_30,51,42,point_to_point,0.13497678943728653,49.69502897314069,0.8331589829537287,0.9611999769834141,0.20551320770151568,0.2055554488815158,nan,50,0.5237213999789674
sun3d-home_md-home_md_scan9_2012_sep_30,45,44,point_to_plane,0.22382730097737927,2.5744690220590982,0.2428730929238505,0.15711407214363832,0.4192584304475875,0.4192584304475875,0.027731918023131664,19,0.2450286999810487
sun3d-home_md-home_md_scan9_2012_sep_30,45,44,point_to_point,0.22382730097737927,47.55720146449989,1.5583334897639176,1.1498443285704962,0.22576720336346148,0.22587598220603378,nan,50,0.5425426000147127
sun3d-home_md-home_md_scan9_2012_sep_30,46,45,point_to_plane,0.08744109477283352,2.4758451218397863,0.17279510592478253,0.06880250288475745,0.13978981804839918,0.13978981804839918,0.019101273122850863,9,0.09142430001520552
sun3d-home_md-home_md_scan9_2012_sep_30,46,45,point_to_point,0.08744109477283352,16.372628393465057,0.6423776394680573,0.48669023237029957,0.13362358590514775,0.1336160989609511,nan,43,0.4340614000102505
sun3d-home_md-home_md_scan9_2012_sep_30,47,46,point_to_plane,0.25709141871079755,2.1750489352341247,0.03290725734816708,0.04071779821258965,0.11244101111432576,0.11244101111432576,0.014885848543365254,50,0.3521360000013374
sun3d-home_md-home_md_scan9_2012_sep_30,47,46,point_to_point,0.25709141871079755,19.086912007923633,0.8362148673422869,0.5771997189322841,0.12891508050704717,0.12890074203610502,nan,35,0.2765615000098478
sun3d-home_md-home_md_scan9_2012_sep_30,48,47,point_to_plane,0.11377611476160708,1.718092541416692,0.05065797511165082,0.03794060008653606,0.15092695490737235,0.15092695490737235,0.010660739491759675,8,0.04455789999337867
sun3d-home_md-home_md_scan9_2012_sep_30,48,47,point_to_point,0.11377611476160708,1.460725269309047,0.45158515730766163,0.46659627201000203,0.11153837197653922,0.1115295899062429,nan,50,0.2780349000240676
sun3d-home_md-home_md_scan9_2012_sep_30,49,47,point_to_plane,0.36950437881548936,1.4718136915742666,0.03641205322984583,0.026625489522378396,0.05205620741097826,0.05205620741097826,0.01007815685770575,12,0.06602350002503954
sun3d-home_md-home_md_scan9_2012_sep_30,49,47,point_to_point,0.36950437881548936,1.1569668824492343,0.10232545739827786,0.09061133753812407,0.0564386808284455,0.05643844086450173,nan,35,0.16584890001104213
sun3d-home_md-home_md_scan9_2012_sep_30,50,47,point_to_plane,0.17088637915269106,3.3103523812275544,0.12667725314378223,0.06982275930140422,0.7084149079705099,0.7084149079705099,0.017525249045325007,12,0.14635210001142696
sun3d-home_md-home_md_scan9_2012_sep_30,50,47,point_to_point,0.17088637915269106,43.02098724951106,1.8985974106411354,1.8397332868377823,0.2614987601128435,0.2615221948767321,nan,50,0.6272142000088934
sun3d-home_md-home_md_scan9_2012_sep_30,49,48,point_to_plane,0.22085893518288194,0.8497290599974082,0.033182973422885564,0.03525928131839131,0.041898335983130655,0.041898335983130655,0.01461893463217974,14,0.06786529999226332
sun3d-home_md-home_md_scan9_2012_sep_30,49,48,point_to_point,0.22085893518288194,1.250760142744774,0.06356067190055477,0.08262487555864546,0.045892569537390224,0.045890769390658226,nan,35,0.14798399998107925
sun3d-home_md-home_md_scan9_2012_sep_30,50,48,point_to_plane,0.21197849720673972,3.2129709644581745,0.15029619798041027,0.08351954884983688,0.5025129148688219,0.5025129148688219,0.016792229155818905,19,0.2119820000079926
sun3d-home_md-home_md_scan9_2012_sep_30,50,48,point_to_point,0.21197849720673972,34.090537011309934,1.5267331130857886,1.068262595373528,0.3168218398353661,0.317025550937164,nan,50,0.6136694000160787
sun3d-home_md-home_md_scan9_2012_sep_30,50,49,point_to_plane,0.3564371026293479,2.0652247451279346,0.08522009711499368,0.03760961061886314,0.6618386902783008,0.6618386902783008,0.010382691755662324,16,0.179896399989957
sun3d-home_md-home_md_scan9_2012_sep_30,50,49,point_to_point,0.3564371026293479,46.841690715226235,1.910453816843454,1.474483210480519,0.31537305910066665,0.3153638932514031,nan,50,0.5550028000143357
sun3d-home_md-home_md_scan9_2012_sep_30,51,50,point_to_plane,0.10382016391478173,1.0075988628196455,0.09329353135340494,0.08829856167864708,0.13016791023721302,0.13016791023721302,0.029851756051585836,23,0.23666999998386018
sun3d-home_md-home_md_scan9_2012_sep_30,51,50,point_to_point,0.10382016391478173,9.421840932037478,0.14133830078842508,0.36256242141416284,0.11165546378911172,0.11165365865409514,nan,40,0.4022322999953758
sun3d-home_md-home_md_scan9_2012_sep_30,52,51,point_to_plane,0.2199031323179469,2.771709083019021,0.07684496538914655,0.03700246158428471,0.07692659189743274,0.07692659189743274,0.01892889661069327,15,0.12972549998085015
sun3d-home_md-home_md_scan9_2012_sep_30,52,51,point_to_point,0.2199031323179469,16.59401349985454,0.5208855371341059,0.1808727887754316,0.09977366514842566,0.09970984018983568,nan,31,0.17891919999965467
sun3d-home_md-home_md_scan9_2012_sep_30,59,51,point_to_plane,0.33881994478465466,3.7577749561544884,0.1357069653549226,0.05326886896768803,0.18534426098937795,0.18534426098937795,0.028552422895609407,27,0.2558574999857228
sun3d-home_md-home_md_scan9_2012_sep_30,59,51,point_to_point,0.33881994478465466,43.01883549461919,1.6989528412310868,0.9539972809923732,0.18872877078032932,0.18878327912965684,nan,50,0.4919874999905005
sun3d-home_md-home_md_scan9_2012_sep_30,59,52,point_to_plane,0.130566333329635,3.6053669082327073,0.06550351910709852,0.06268264624384261,0.13230797733670238,0.13230797733670238,0.03287903045319362,17,0.13090079999528825
sun3d-home_md-home_md_scan9_2012_sep_30,59,52,point_to_point,0.130566333329635,5.142448472462931,0.15697605528462755,0.1720797612827865,0.12914205374062462,0.12914071237523683,nan,36,0.24403739999979734
sun3d-home_md-home_md_scan9_2012_sep_30,54,53,point_to_plane,0.21115533571004197,1.1122583991760449,0.04049378290506227,0.034557546198825145,0.6428000518883499,0.6428000518883499,0.02211890993124583,14,0.08218860000488348
sun3d-home_md-home_md_scan9_2012_sep_30,54,53,point_to_point,0.21115533571004197,78.11670265855828,2.302896426660053,1.4641846919045953,0.23882833181796945,0.2388316011238094,nan,47,0.1665997999953106
sun3d-home_md-home_md_scan9_2012_sep_30,55,53,point_to_plane,0.14633930256158517,33.52947705896844,0.17790971667200267,0.9706588808707123,0.6785692866586699,0.6785692866586699,0.04620909316793705,43,0.21695679999538697
sun3d-home_md-home_md_scan9_2012_sep_30,55,53,point_to_point,0.14633930256158517,84.50164449040132,1.7091383777656481,1.4910928565120891,0.30834901509178764,0.30954826251027284,nan,50,0.17697640002006665
sun3d-home_md-home_md_scan9_2012_sep_30,58,53,point_to_plane,0.1667707741156933,10.864108731161188,0.2664055022940574,0.16332455906550084,0.6959202323611026,0.6959202323611026,0.03434226777386281,24,0.15315639998880215
sun3d-home_md-home_md_scan9_2012_sep_30,58,53,point_to_point,0.1667707741156933,72.32335995020307,3.032796957006963,1.414992434152702,0.41590768176920856,0.41608982798478966,nan,50,0.3000807999924291
sun3d-home_md-home_md_scan9_2012_sep_30,59,53,point_to_plane,0.23118339580728064,2.6216130390452252,0.07354380891830116,0.05144573737021688,0.5828496282046381,0.5828496282046381,0.03142144831938759,16,0.10277379999752156
sun3d-home_md-home_md_scan9_2012_sep_30,59,53,point_to_point,0.23118339580728064,40.246473192732005,0.9565869811583012,0.9068500285980424,0.3270628379735017,0.3270639139693326,nan,25,0.14670129999285564
sun3d-home_md-home_md_scan9_2012_sep_30,55,54,point_to_plane,0.22640061564986338,0.9705926057659117,0.02789222555672495,0.017386783831514232,0.0710827949305903,0.0710827949305903,0.0164762612615936,17,0.0876879999996163
sun3d-home_md-home_md_scan9_2012_sep_30,55,54,point_to_point,0.22640061564986338,8.605088388876986,0.39153101774592747,0.1528791811090712,0.07845428630628093,0.07845732541387887,nan,41,0.1496781000168994
sun3d-home_md-home_md_scan9_2012_sep_30,56,54,point_to_plane,0.24114464085785928,1.4423329914920175,0.038995436656771014,0.03421603588068543,0.26520267532164926,0.26520267532164926,0.022182567304651707,12,0.062113899999530986
sun3d-home_md-home_md_scan9_2012_sep_30,56,54,point_to_point,0.24114464085785928,21.213153380504753,0.9684039774721492,0.5504296454232137,0.17197470967994644,0.17198088858859123,nan,40,0.2074700999946799
sun3d-home_md-home_md_scan9_2012_sep_30,57,54,point_to_plane,0.2926904364232724,1.8068396540113085,0.08033408300865746,0.04034984474918868,0.29985356592416396,0.29985356592416396,0.02266393550720152,13,0.09066429999074899
sun3d-home_md-home_md_scan9_2012_sep_30,57,54,point_to_point,0.2926904364232724,24.692036358942357,0.868492722661121,0.6916788163332019,0.18767583057116474,0.18767530408722205,nan,41,0.2770804000028875
sun3d-home_md-home_md_scan9_2012_sep_30,58,54,point_to_plane,0.13665441643663942,2.1708777653493954,0.09486180753693543,0.04439400079100656,0.23060444485332815,0.23060444485332815,0.026648236083254912,50,0.3043427999946289
sun3d-home_md-home_md_scan9_2012_sep_30,58,54,point_to_point,0.13665441643663942,12.672603535113566,0.7882314154064087,0.44219291225147284,0.18696317983219038,0.18696049310710516,nan,24,0.15972699999110773
sun3d-home_md-home_md_scan9_2012_sep_30,59,54,point_to_plane,0.22019714702090917,6.273808764002389,0.13272672674240268,0.1444996185471286,0.46062576754887313,0.46062576754887313,0.031063827328498998,31,0.24767189999693073
sun3d-home_md-home_md_scan9_2012_sep_30,59,54,point_to_point,0.22019714702090917,39.598028779374424,0.7277762056425612,1.0095541551982359,0.23089254544811366,0.23089288391053017,nan,24,0.20579259999794886
sun3d-home_md-home_md_scan9_2012_sep_30,56,55,point_to_plane,0.1489728734676518,0.4821016104802853,0.024472140010224415,0.01675232311660207,0.10171956954286507,0.10171956954286507,0.01610092619294554,15,0.06871210000826977
sun3d-home_md-home_md_scan9_2012_sep_30,56,55,point_to_point,0.1489728734676518,7.371214457175631,0.25090984987033194,0.2501877584242862,0.11459425780167912,0.11459881026093519,nan,50,0.226782900019316
sun3d-home_md-home_md_scan9_2012_sep_30,57,55,point_to_plane,0.1329806208478128,1.1326740157819746,0.04370331442875677,0.025162203825916645,0.16741502188029914,0.16741502188029914,0.021797706279563067,14,0.08912829999462701
sun3d-home_md-home_md_scan9_2012_sep_30,57,55,point_to_point,0.1329806208478128,9.390693537040718,0.38631383347571546,0.3669456350891076,0.16219852611180846,0.16219663187457464,nan,25,0.1583126000186894
sun3d-home_md-home_md_scan9_2012_sep_30,58,55,point_to_plane,0.201690776261685,2.4270237793476346,0.04941228892078864,0.04663364478086381,0.1413206484845505,0.1413206484845505,0.031704711610726695,50,0.29348369999206625
sun3d-home_md-home_md_scan9_2012_sep_30,58,55,point_to_point,0.201690776261685,4.446664397651331,0.25496878011095575,0.14138855380770984,0.14702292597550798,0.14702307876810905,nan,30,0.1781468999979552
sun3d-home_md-home_md_scan9_2012_sep_30,59,55,point_to_plane,0.16889609090473917,5.015020438937204,0.2513572583188767,0.1282708472583057,0.5409103983601651,0.5409103983601651,0.04239191193651242,50,0.3817067999916617
sun3d-home_md-home_md_scan9_2012_sep_30,59,55,point_to_point,0.16889609090473917,17.433343357448592,0.8173995652408054,1.0595082523142605,0.24512051755885492,0.24511970365846916,nan,43,0.327912800014019
sun3d-home_md-home_md_scan9_2012_sep_30,57,56,point_to_plane,0.18215960140228285,3.047381460555185,0.02130292929944001,0.044961067129818885,0.06516341717676895,0.06516341717676895,0.02439059549995271,13,0.07952210001531057
sun3d-home_md-home_md_scan9_2012_sep_30,57,56,point_to_point,0.18215960140228285,5.209774339646143,0.04253626396438277,0.09567294257889761,0.07057604692869743,0.07056144126824279,nan,17,0.09386439999798313
sun3d-home_md-home_md_scan9_2012_sep_30,58,56,point_to_plane,0.1683227471634381,2.5640891668568844,0.027057000568205168,0.055195162017619065,0.10943880800834511,0.10943880800834511,0.03013692859815521,16,0.1018954000028316
sun3d-home_md-home_md_scan9_2012_sep_30,58,56,point_to_point,0.1683227471634381,10.516811418988668,0.23482689767518322,0.24017240298996698,0.10923800966600067,0.10923796804244287,nan,48,0.29123990001971833
sun3d-home_md-home_md_scan9_2012_sep_30,58,57,point_to_plane,0.207853232802097,2.5419258063746337,0.05148228161516645,0.05337877179722146,0.0544644002345664,0.0544644002345664,0.02513953494442941,26,0.15965489999507554
sun3d-home_md-home_md_scan9_2012_sep_30,58,57,point_to_point,0.207853232802097,3.9599139603360043,0.15917305792568961,0.11458512842955242,0.05873292221790442,0.05873189656695265,nan,24,0.13968459999887273
sun3d-home_md-home_md_scan9_2012_sep_30,59,58,point_to_plane,0.21153493919415792,6.565670941608087,0.24043921138828195,0.17725588893862604,0.27042979820503155,0.27042979820503155,0.045318011970001314,22,0.16739679998136126
sun3d-home_md-home_md_scan9_2012_sep_30,59,58,point_to_point,0.21153493919415792,40.632337504871536,0.22199335109067644,1.048383174670956,0.1333473781727492,0.13336008930637347,nan,50,0.41510939999716356
sun3d-hotel_uc-scan3,1,0,point_to_plane,0.20227472277611583,1.0615087400930923,0.027102811297438335,0.02802544392650566,0.060790263377871634,0.060790263377871634,0.014185338259328193,15,0.1727320000063628
sun3d-hotel_uc-scan3,1,0,point_to_point,0.20227472277611583,2.3265360805957416,0.121991329473458,0.14730197601867645,0.07415094304143159,0.07414844940454594,nan,49,0.46044899997650646
sun3d-hotel_uc-scan3,2,0,point_to_plane,0.22066572237195653,2.0640082876882406,0.06793932225786897,0.04118509806693643,0.24251615656176773,0.24251615656176773,0.014683343115993615,17,0.21952579999924637
sun3d-hotel_uc-scan3,2,0,point_to_point,0.22066572237195653,5.211760133904414,0.9566679075844721,0.9385680898128064,0.20246667129789409,0.2024331669099719,nan,43,0.5049571999988984
sun3d-hotel_uc-scan3,3,0,point_to_plane,0.20752050548100018,1.818959336164705,0.06615511414525382,0.03769211662021576,0.11055535226609904,0.11055535226609904,0.015292226925462548,14,0.17264169998816215
sun3d-hotel_uc-scan3,3,0,point_to_point,0.20752050548100018,5.8410347278256305,0.10861236710746756,0.31685755509474306,0.11244837626024339,0.11244060584912202,nan,49,0.49567230002139695
sun3d-hotel_uc-scan3,10,0,point_to_plane,0.20763749097612846,1.5448211118670954,0.0460209316575047,0.028288334429381088,0.07596782688255684,0.07596782688255684,0.01652754695526579,13,0.15213860000949353
sun3d-hotel_uc-scan3,10,0,point_to_point,0.20763749097612846,5.56713418218438,0.12137097521282372,0.17265741075353563,0.08937830642225965,0.08938117578097955,nan,39,0.34433600000920705
sun3d-hotel_uc-scan3,19,0,point_to_plane,0.2280605036438997,0.7717405029212352,0.042672421930752276,0.03505723867587495,0.09843772537889407,0.09843772537889407,0.018019684162785266,13,0.144457299989881
sun3d-hotel_uc-scan3,19,0,point_to_point,0.2280605036438997,11.380558863990803,0.1588206283917793,0.29731255702340353,0.09286234361544558,0.09284852726636987,nan,50,0.38464280002517626
sun3d-hotel_uc-scan3,35,0,point_to_plane,0.21687836613893385,2.313555797682826,0.08799748153720251,0.05711539912458506,0.35444964039102045,0.35444964039102045,0.019128022542885953,12,0.1852018999925349
sun3d-hotel_uc-scan3,35,0,point_to_point,0.21687836613893385,9.440435815855308,0.9813292451251531,1.0845932627163148,0.1752766638687093,0.17525209545489845,nan,44,0.5383892999961972
sun3d-hotel_uc-scan3,36,0,point_to_plane,0.2473699837775912,2.7470121021004026,0.08370060765912617,0.05502531292585569,0.30740521046572966,0.30740521046572966,0.024446894802986962,12,0.1644566000031773
sun3d-hotel_uc-scan3,36,0,point_to_point,0.2473699837775912,52.46240313968924,1.0410009294524663,1.3631796012655524,0.1830859254772968,0.183601358025548,nan,50,0.6424083999881987
sun3d-hotel_uc-scan3,43,0,point_to_plane,0.08416047135197144,2.3448646137185896,0.13423464262771453,0.06132325461678841,0.2750947008846452,0.2750947008846452,0.01930247565631866,10,0.13099000000511296
sun3d-hotel_uc-scan3,43,0,point_to_point,0.08416047135197144,20.965497790735412,1.3495415823342893,0.6178843400785571,0.20063349669082545,0.20062958533482572,nan,40,0.3847941000130959
sun3d-hotel_uc-scan3,44,0,point_to_plane,0.23811013176881463,1.963349134125053,0.08258641787509789,0.042500233153004385,0.1432534623643399,0.1432534623643399,0.016812683229086158,13,0.1456418999878224
sun3d-hotel_uc-scan3,44,0,point_to_point,0.23811013176881463,11.342927644578683,0.34533229207928595,0.4085284125761226,0.13897561817808393,0.13896933186893248,nan,42,0.38574850000441074
sun3d-hotel_uc-scan3,45,0,point_to_plane,0.0880110799713721,0.9995268551370798,0.04945967206601014,0.019644740011004722,0.1252755749382265,0.1252755749382265,0.014649122018175139,9,0.11400570001569577
sun3d-hotel_uc-scan3,45,0,point_to_point,0.0880110799713721,3.4411449003376733,0.34908812377438964,0.23466496649943908,0.1481394260813608,0.1481108859174053,nan,50,0.4774537999765016
sun3d-hotel_uc-scan3,54,0,point_to_plane,0.2701665859990932,1.90650593341202,0.07828439084385751,0.03335426337238502,0.41784855499844414,0.41784855499844414,0.014969495150785616,12,0.18114160001277924
sun3d-hotel_uc-scan3,54,0,point_to_point,0.2701665859990932,39.50073835227845,0.5765824394448151,1.3122799165398396,0.2347807200854517,0.23480117636301004,nan,21,0.2373162999865599
sun3d-hotel_uc-scan3,2,1,point_to_plane,0.2584806018051567,1.1495301355209955,0.04328176816383286,0.021135158666658233,0.10153866642886691,0.10153866642886691,0.01310971297661007,13,0.12913300000946037
sun3d-hotel_uc-scan3,2,1,point_to_point,0.2584806018051567,6.907716855314297,0.3499975442449517,0.2738794412232809,0.1262775717964801,0.12626460170173373,nan,41,0.40830179999466054
sun3d-hotel_uc-scan3,3,1,point_to_plane,0.08372543600566582,1.8602191937391974,0.06856781845826322,0.03660340911936735,0.10491294627095246,0.10491294627095246,0.014384833165870217,17,0.17171319999033585
sun3d-hotel_uc-scan3,3,1,point_to_point,0.08372543600566582,6.674603708751771,0.2740601524194411,0.20259299831920777,0.11739281470824288,0.117379694805579,nan,50,0.5325070999970194
sun3d-hotel_uc-scan3,10,1,point_to_plane,0.2669472355431699,1.3492354519359926,0.033683488836499,0.026824277737972614,0.14608155315069626,0.14608155315069626,0.011502780302033687,14,0.13719539999146946
sun3d-hotel_uc-scan3,10,1,point_to_point,0.2669472355431699,21.63729005115288,0.7955426210627743,0.45988310391219545,0.15775366173146885,0.15775840743486252,nan,50,0.5403790000127628
sun3d-hotel_uc-scan3,11,1,point_to_plane,0.23058745113139986,0.5567580474132355,0.025699309794061213,0.026560432604781054,0.3691938274615583,0.3691938274615583,0.014343790143629638,12,0.1404342000023462
sun3d-hotel_uc-scan3,11,1,point_to_point,0.23058745113139986,11.437891775512336,1.1042992324731642,0.9654420662058764,0.19001670460796974,0.19001359367974044,nan,44,0.41354139999020845
sun3d-hotel_uc-scan3,35,1,point_to_plane,0.23047517047654076,1.1903434949828635,0.05272140735409195,0.026517827062350414,0.27410760746258805,0.27410760746258805,0.01645870324391063,13,0.1543181999877561
sun3d-hotel_uc-scan3,35,1,point_to_point,0.23047517047654076,17.17101202370376,0.5399675763884166,0.8526322642496288,0.14292794717696775,0.14292287612317794,nan,31,0.3639229999971576
sun3d-hotel_uc-scan3,43,1,point_to_plane,0.1691518185610072,2.9330853761768654,0.13277944097985184,0.06903180743187104,0.4066640729458245,0.4066640729458245,0.018520948248436152,50,0.48550739997881465
sun3d-hotel_uc-scan3,43,1,point_to_point,0.1691518185610072,65.2879284139693,1.7935394276820231,1.4212929387722555,0.1951240870814816,0.19524532674969522,nan,50,0.5776755999831948
sun3d-hotel_uc-scan3,44,1,point_to_plane,0.2920659570725439,3.2257894783730343,0.137324485407263,0.06439181386629639,0.26398968117742216,0.26398968117742216,0.01570346498997088,12,0.12035219999961555
sun3d-hotel_uc-scan3,44,1,point_to_point,0.2920659570725439,40.986029936606954,1.577986381669112,0.9585766514086838,0.1992689604284154,0.19935753725889424,nan,50,0.5465963000024203
sun3d-hotel_uc-scan3,45,1,point_to_plane,0.12963106919004755,2.1327892432327418,0.10182460413262102,0.03701936464300919,0.14242702233227147,0.14242702233227147,0.013641189963435408,8,0.08335979998810217
sun3d-hotel_uc-scan3,45,1,point_to_point,0.12963106919004755,19.10258119821228,0.9114765656860502,0.4003593755941462,0.1797635215485174,0.17975517735674656,nan,48,0.5157033000141382
sun3d-hotel_uc-scan3,54,1,point_to_plane,0.27944356805625536,2.8267356955986247,0.10224234769915833,0.0546216797838289,0.23093453106070796,0.23093453106070796,0.015111573387126388,12,0.114078700018581
sun3d-hotel_uc-scan3,54,1,point_to_point,0.27944356805625536,42.0825735767949,0.7828199855143162,1.0677608767811273,0.17535891583212157,0.17535468836971616,nan,44,0.44683110000914894
sun3d-hotel_uc-scan3,3,2,point_to_plane,0.255289512865091,0.41145994050955725,0.044258286809458265,0.05933765238540117,0.19145684821798012,0.19145684821798012,0.019116199471371605,14,0.15504740001051687
sun3d-hotel_uc-scan3,3,2,point_to_point,0.255289512865091,19.68738452889493,0.5128491855429137,0.49538726818400797,0.18276676204523887,0.18274229224222813,nan,23,0.2565871000115294
sun3d-hotel_uc-scan3,10,2,point_to_plane,0.22470783948139122,2.7694633061932508,0.025430823652543295,0.07352746734083149,0.2932535743703138,0.2932535743703138,0.017906047417504418,14,0.1694627999968361
sun3d-hotel_uc-scan3,10,2,point_to_point,0.22470783948139122,21.28732345794844,1.2918655146107652,0.6826776295853515,0.20628956831249046,0.2062961770941159,nan,31,0.3525340000051074
sun3d-hotel_uc-scan3,11,2,point_to_plane,0.3032903444392399,5.145289210366269,0.2062267473306035,0.13428597100365403,0.15800039693421838,0.15800039693421838,0.020494862242604918,50,0.40120760002173483
sun3d-hotel_uc-scan3,11,2,point_to_point,0.3032903444392399,16.522245068808147,0.3715927412547985,0.5894952600376666,0.145831806558715,0.14580909056650596,nan,50,0.43699370001559146
sun3d-hotel_uc-scan3,34,2,point_to_plane,0.1699569101946566,5.15566967755946,0.2546681043586473,0.13726140145438137,0.22142579335805937,0.22142579335805937,0.018030469050096136,12,0.1601700999890454
sun3d-hotel_uc-scan3,34,2,point_to_point,0.1699569101946566,11.764598470006321,1.0091384545073723,0.5519002061115194,0.2048020437347405,0.20482192734103796,nan,50,0.5202306999999564
sun3d-hotel_uc-scan3,35,2,point_to_plane,0.20476124059029124,1.515690822458414,0.03202155851348223,0.07880138305463434,0.161412698358356,0.161412698358356,0.018921145980782518,14,0.1410805000050459
sun3d-hotel_uc-scan3,35,2,point_to_point,0.20476124059029124,12.90052831612178,0.45137552768559847,0.36101606011012916,0.14111169327075784,0.14109590499600563,nan,50,0.5061662000080105
sun3d-hotel_uc-scan3,43,2,point_to_plane,0.3627324778001536,2.380534412218984,0.063605136278924,0.057102894060611205,0.43780665488142506,0.43780665488142506,0.01954446325939043,50,0.5218001999892294
sun3d-hotel_uc-scan3,43,2,point_to_point,0.3627324778001536,62.46510195521721,2.2504071444614477,1.3611161907292977,0.189579445384094,0.1895788077660307,nan,50,0.5476157999946736
sun3d-hotel_uc-scan3,44,2,point_to_plane,0.268129817011043,3.373937005418095,0.1048687634227041,0.08160668791393091,0.34888721566099384,0.34888721566099384,0.019093682853019798,50,0.537175399978878
sun3d-hotel_uc-scan3,44,2,point_to_point,0.268129817011043,49.8691023511905,2.284918284243641,1.0438587639618098,0.2042164347167782,0.20421137669533693,nan,37,0.423737400007667
sun3d-hotel_uc-scan3,45,2,point_to_plane,0.15636740003483066,2.3833127534975143,0.09186911759014195,0.05338691094316201,0.166530959897858,0.166530959897858,0.01776967207825641,9,0.09580680000362918
sun3d-hotel_uc-scan3,45,2,point_to_point,0.15636740003483066,14.37548450755826,1.0301713476149275,0.5284410223497558,0.17649712674476484,0.17649553655627614,nan,31,0.353287600009935
sun3d-hotel_uc-scan3,46,2,point_to_plane,0.07035451344593248,5.134498616498606,0.17091861555977378,0.1175203427125609,0.21243226313056693,0.21243226313056693,0.014588831278179335,7,0.10340190000715666
sun3d-hotel_uc-scan3,46,2,point_to_point,0.07035451344593248,42.45803987456302,1.1532774126335614,0.974983376300065,0.15643307735928189,0.1564922147174318,nan,50,0.4485294999903999
sun3d-hotel_uc-scan3,53,2,point_to_plane,0.22062623730392575,5.31609551239933,0.1538068531065918,0.17076000301902844,0.4604039501680927,0.4604039501680927,0.013561095962352911,10,0.16532729999744333
sun3d-hotel_uc-scan3,53,2,point_to_point,0.22062623730392575,36.03039646942091,1.9364966191101722,1.263392467214975,0.2713477681138708,0.2714240019783402,nan,50,0.6917639999883249
sun3d-hotel_uc-scan3,54,2,point_to_plane,0.3482432180106496,2.169111804128901,0.07284103503489553,0.04532158601847396,0.11065666117777817,0.11065666117777817,0.012668198659818096,10,0.09345899999607354
sun3d-hotel_uc-scan3,54,2,point_to_point,0.3482432180106496,24.45763869346846,0.7981903909765206,0.5025803178071218,0.11396459659718582,0.11396295011139249,nan,50,0.45402309999917634
sun3d-hotel_uc-scan3,10,3,point_to_plane,0.18332130615615272,3.608512156358898,0.07328110183075913,0.06821515082369228,0.1449430783410125,0.1449430783410125,0.02434874677423828,8,0.08290740000666119
sun3d-hotel_uc-scan3,10,3,point_to_point,0.18332130615615272,13.664168305395645,0.24633718006432306,0.3772607604119376,0.13167486842303558,0.13167285068035553,nan,35,0.3325272999936715
sun3d-hotel_uc-scan3,35,3,point_to_plane,0.31839843702427234,1.5522496111210653,0.056356679624900735,0.056744166232477584,0.17870485292871743,0.17870485292871743,0.01814567851240029,19,0.21534399999654852
sun3d-hotel_uc-scan3,35,3,point_to_point,0.31839843702427234,15.82808559192883,0.4038123847390781,0.5815393618200749,0.12560423152074227,0.1255969661680504,nan,43,0.490954300010344
sun3d-hotel_uc-scan3,45,3,point_to_plane,0.12281693235200966,2.8385150326978668,0.12418675567335108,0.056933958227803325,0.18155130569515163,0.18155130569515163,0.02239920479607782,19,0.18843720000586472
sun3d-hotel_uc-scan3,45,3,point_to_point,0.12281693235200966,9.481052423439868,0.5164533151745978,0.40792505570531407,0.18123576579985268,0.1812492356371533,nan,50,0.5239240999799222
sun3d-hotel_uc-scan3,54,3,point_to_plane,0.16852064703776928,3.335530278812107,0.13141917628920471,0.06223276424543926,0.2951786254631939,0.2951786254631939,0.014590123527685555,12,0.11749150001560338
sun3d-hotel_uc-scan3,54,3,point_to_point,0.16852064703776928,46.1578324636631,1.2752507729033158,1.1497665206895056,0.20074791906039585,0.20087805757658628,nan,50,0.5451955000171438
sun3d-hotel_uc-scan3,5,4,point_to_plane,0.10936079651523314,1.9444996752507917,0.052877248628389495,0.04877961193430822,0.14144890258153797,0.14144890258153797,0.017689713366106814,50,0.2740584000130184
sun3d-hotel_uc-scan3,5,4,point_to_point,0.10936079651523314,13.541675022821423,0.06653708097776855,0.3867102686982939,0.11694484862153938,0.11693416285130928,nan,33,0.1616811999992933
sun3d-hotel_uc-scan3,6,4,point_to_plane,0.27080589231211166,2.5231138298525497,0.06633253359856914,0.042309381415301855,0.235792572380103,0.235792572380103,0.02524424729813487,50,0.3228112999931909
sun3d-hotel_uc-scan3,6,4,point_to_point,0.27080589231211166,34.31213521556312,0.5339260184830945,0.7580957110859138,0.12957467692561844,0.12957361149421115,nan,45,0.2692183000035584
sun3d-hotel_uc-scan3,9,4,point_to_plane,0.12228082502976129,1.8705685003130614,0.03497087019289479,0.050203958151446994,0.18596942328233912,0.18596942328233912,0.024604874026693115,12,0.12359360000118613
sun3d-hotel_uc-scan3,9,4,point_to_point,0.12228082502976129,22.568121499610065,0.3772730741739617,0.6141933874716209,0.14280333763833564,0.14279729403584743,nan,33,0.27855849999468774
sun3d-hotel_uc-scan3,10,4,point_to_plane,0.25113639267562554,1.9945583601183685,0.04365689025207439,0.06030044970637563,0.455465578663933,0.455465578663933,0.019540902271440654,11,0.118505999998888
sun3d-hotel_uc-scan3,10,4,point_to_point,0.25113639267562554,51.34654244979324,0.910741227665948,1.0693644739976589,0.30126642874636844,0.30125848983226744,nan,50,0.575211199990008
sun3d-hotel_uc-scan3,18,4,point_to_plane,0.23776918937287353,1.2021635233081938,0.10729805951654629,0.08286909743501379,0.5391511405282974,0.5391511405282974,0.023458282662496062,11,0.13631840000743978
sun3d-hotel_uc-scan3,18,4,point_to_point,0.23776918937287353,84.10775579723517,3.261150490571108,1.6058128355223666,0.2796114158271901,0.2801806129705653,nan,50,0.4460663999780081
sun3d-hotel_uc-scan3,19,4,point_to_plane,0.21444683428826963,1.472429658163015,0.04822191104951061,0.0702883939399031,0.381806292529447,0.381806292529447,0.016304068868788445,9,0.07359939999878407
sun3d-hotel_uc-scan3,19,4,point_to_point,0.21444683428826963,57.3094787580648,2.2008578095388764,1.4005626375277636,0.21340153195371414,0.21337149393180904,nan,50,0.4079343999910634
sun3d-hotel_uc-scan3,20,4,point_to_plane,0.2409134134906457,1.183139993576632,0.1060474898719854,0.05776958055768195,0.329671078043226,0.329671078043226,0.020856009892807472,14,0.14800149999791756
sun3d-hotel_uc-scan3,20,4,point_to_point,0.2409134134906457,37.526102314104115,1.8391535936754166,0.8566624245636296,0.2711176865358217,0.2711184603655544,nan,42,0.40998699999181554
sun3d-hotel_uc-scan3,36,4,point_to_plane,0.20856593432500056,0.6058568464116023,0.06201948825717929,0.047099232122812536,0.28531773640753755,0.28531773640753755,0.021470117648147328,13,0.15153830000781454
sun3d-hotel_uc-scan3,36,4,point_to_point,0.20856593432500056,28.477232878133503,0.7765933792578995,0.6457284201449651,0.23993728929985605,0.23988145852018733,nan,50,0.5745305999880657
sun3d-hotel_uc-scan3,37,4,point_to_plane,0.25649533777008054,0.9503302040489284,0.026482551187923878,0.044291286537094604,0.23439930677742207,0.23439930677742207,0.019334420327985366,14,0.11398819999885745
sun3d-hotel_uc-scan3,37,4,point_to_point,0.25649533777008054,31.981199085990664,0.43595498763074375,0.7070852412772987,0.1430024577496188,0.1429824152945317,nan,32,0.19194240000797436
sun3d-hotel_uc-scan3,6,5,point_to_plane,0.1704498277687345,3.2814650512536527,0.061840764046240566,0.048515848142638054,0.0683114357484776,0.0683114357484776,0.023111490217471685,11,0.06009980000089854
sun3d-hotel_uc-scan3,6,5,point_to_point,0.1704498277687345,5.549880048679756,0.03434995218323261,0.10398805014686237,0.07224736431979208,0.07224172693651706,nan,37,0.1769641999853775
sun3d-hotel_uc-scan3,7,5,point_to_plane,0.33008686527243014,4.392421731185276,0.09012077397218848,0.06775005720396564,0.1015684998139503,0.1015684998139503,0.027249550253065028,19,0.14199480001116171
sun3d-hotel_uc-scan3,7,5,point_to_point,0.33008686527243014,12.302884186615014,0.16494745333396366,0.2544719851699609,0.09836859072579962,0.0983660061325997,nan,49,0.26440240000374615
sun3d-hotel_uc-scan3,8,5,point_to_plane,0.13626631348590057,6.6611466764654015,0.13845633890817086,0.09173587743946235,0.17863683266030536,0.17863683266030536,0.029883941216115276,19,0.1414269999950193
sun3d-hotel_uc-scan3,8,5,point_to_point,0.13626631348590057,28.743135976276747,0.5066998181601097,0.5789937523067152,0.16714793500306516,0.16723080096281895,nan,31,0.16917360000661574
sun3d-hotel_uc-scan3,9,5,point_to_plane,0.33532881005456694,5.155099415464635,0.09717223876072913,0.1168708636404033,0.5871039916547008,0.5871039916547008,0.025204042002820354,16,0.1129617000115104
sun3d-hotel_uc-scan3,9,5,point_to_point,0.33532881005456694,39.002834699004275,1.206399467632111,1.4260845398238315,0.22886724570685127,0.22887646241513715,nan,50,0.4391802999889478
sun3d-hotel_uc-scan3,37,5,point_to_plane,0.12006058104291525,2.3801664827043356,0.06659341541046601,0.03166846030284286,0.1029191645875581,0.1029191645875581,0.018600774848845942,9,0.049376500013750046
sun3d-hotel_uc-scan3,37,5,point_to_point,0.12006058104291525,23.531170011931863,0.4600008235641744,0.3797605569175046,0.10181356503511817,0.1018048239972392,nan,50,0.2547324000042863
sun3d-hotel_uc-scan3,38,5,point_to_plane,0.2399269631340973,4.3588793747438865,0.0729647524576003,0.06337331087030336,0.04340188417219069,0.04340188417219069,0.02071142640003228,13,0.08165229999576695
sun3d-hotel_uc-scan3,38,5,point_to_point,0.2399269631340973,7.025521502817328,0.08895151633195504,0.1283839801829984,0.04506043764334014,0.04505992410274416,nan,46,0.16407840000465512
sun3d-hotel_uc-scan3,39,5,point_to_plane,0.09577770029501528,6.206171138549861,0.08177174869921827,0.11529534884059774,0.10158492287602446,0.10158492287602446,0.03267166941382889,19,0.11989709999761544
sun3d-hotel_uc-scan3,39,5,point_to_point,0.09577770029501528,16.34846313499623,0.19289335277830613,0.3525535066547894,0.09828872556406182,0.09838930891700509,nan,50,0.22270459998981096
sun3d-hotel_uc-scan3,40,5,point_to_plane,0.2115001281337715,7.830900897015936,0.10244671887768254,0.13685171751526534,0.13461257253365383,0.13461257253365383,0.03573202302685983,50,0.2930020999920089
sun3d-hotel_uc-scan3,40,5,point_to_point,0.2115001281337715,17.19038079995869,0.2572522488920339,0.458521815473244,0.11721995867129051,0.11721954713668659,nan,47,0.2253224999876693
sun3d-hotel_uc-scan3,41,5,point_to_plane,0.15314134918433256,8.465514966621972,0.15245141549585783,0.12943468058123395,0.13925968692569418,0.13925968692569418,0.03671729541344904,50,0.29838439999730326
sun3d-hotel_uc-scan3,41,5,point_to_point,0.15314134918433256,24.93227465126848,0.3761944906842879,0.47601333582402117,0.12224862231671856,0.12226335572782669,nan,36,0.18308239997713827
sun3d-hotel_uc-scan3,7,6,point_to_plane,0.19444413168520464,1.2556067021932984,0.026596971813355342,0.021685415819890638,0.03616013732160006,0.03616013732160006,0.015411790212202655,11,0.06197289997362532
sun3d-hotel_uc-scan3,7,6,point_to_point,0.19444413168520464,4.460221014674333,0.0918719047912609,0.06795893457875414,0.03813719497346486,0.03813714612258539,nan,34,0.16293399999267422
sun3d-hotel_uc-scan3,8,6,point_to_plane,0.38288704989405137,1.599164965710752,0.031006412753074707,0.02921081767112301,0.13386897301389133,0.13386897301389133,0.016944760530927992,50,0.25957610001205467
sun3d-hotel_uc-scan3,8,6,point_to_point,0.38288704989405137,42.63593204817467,0.7795155210304958,0.6815392079754757,0.14742961407484337,0.14739375968817656,nan,50,0.3142822000081651
sun3d-hotel_uc-scan3,9,6,point_to_plane,0.20851918526532634,2.4705209620359274,0.053901950731801415,0.04722501414819751,0.6662509524597736,0.6662509524597736,0.016665607934994702,9,0.0895930000115186
sun3d-hotel_uc-scan3,9,6,point_to_point,0.20851918526532634,42.42074028721969,1.4496897673502394,1.4144385484467439,0.20520329089063222,0.2052909071171219,nan,50,0.5116446000174619
sun3d-hotel_uc-scan3,37,6,point_to_plane,0.20377287137689964,1.3204305780951,0.035174403449431776,0.013631844775856853,0.06780505678920551,0.06780505678920551,0.016062421461741153,15,0.08617059999960475
sun3d-hotel_uc-scan3,37,6,point_to_point,0.20377287137689964,16.159036248273978,0.2316828592857985,0.23600873362272276,0.07650049183856983,0.07651281374817925,nan,38,0.19947349998983555
sun3d-hotel_uc-scan3,38,6,point_to_plane,0.3005618688929609,1.3066630778960495,0.021102661900245144,0.025778388089798626,0.030645864770729763,0.030645864770729763,0.014128600764107007,16,0.06777739999233745
sun3d-hotel_uc-scan3,38,6,point_to_point,0.3005618688929609,3.844651297173894,0.045588231645431486,0.06865975253856203,0.03241858866475931,0.03242202462416178,nan,33,0.11976880001020618
sun3d-hotel_uc-scan3,39,6,point_to_plane,0.2820834457749494,5.099795557011309,0.0669299748493611,0.07983902752111431,0.08539449429337448,0.08539449429337448,0.022167232087518633,10,0.05417950000264682
sun3d-hotel_uc-scan3,39,6,point_to_point,0.2820834457749494,17.58986655944423,0.1912924947656184,0.35894277255778484,0.09676305194667192,0.09679495272802283,nan,24,0.11799850000534207
sun3d-hotel_uc-scan3,40,6,point_to_plane,0.2108232602647783,5.147884433003688,0.10084267511270473,0.08389615855232335,0.0978453577715351,0.0978453577715351,0.023597254044584317,12,0.06435749999945983
sun3d-hotel_uc-scan3,40,6,point_to_point,0.2108232602647783,18.9235115070336,0.26849293145184794,0.3123920433343976,0.09941421640090853,0.09940247838901664,nan,50,0.2531068999960553
sun3d-hotel_uc-scan3,41,6,point_to_plane,0.27752044784365126,5.893026742424519,0.12249882815472825,0.09128185191527387,0.10105223187652357,0.10105223187652357,0.02717790044180538,16,0.09135540001443587
sun3d-hotel_uc-scan3,41,6,point_to_point,0.27752044784365126,20.591974503364288,0.372368626484837,0.3062389842027995,0.09959742373116347,0.0995927245241923,nan,30,0.16180830000666901
sun3d-hotel_uc-scan3,8,7,point_to_plane,0.2836193988890783,1.7388287772675226,0.03951750446403045,0.03166485663636136,0.1563252828044759,0.1563252828044759,0.013192419303966833,20,0.11485939999693073
sun3d-hotel_uc-scan3,8,7,point_to_point,0.2836193988890783,42.742572951746745,0.7452489288753584,0.6847607478058962,0.14970402300011196,0.14967869967554057,nan,50,0.30514780001249164
sun3d-hotel_uc-scan3,37,7,point_to_plane,0.1152910183219165,1.8151403036768143,0.07535146524934795,0.027642967665401547,0.09926722135814489,0.09926722135814489,0.016573475155333417,16,0.0905856000026688
sun3d-hotel_uc-scan3,37,7,point_to_point,0.1152910183219165,25.57127518717124,0.6405950087233412,0.39218782956326653,0.10695959397979961,0.10694640393371281,nan,50,0.27961369999684393
sun3d-hotel_uc-scan3,38,7,point_to_plane,0.2139232140595468,1.5867342257975128,0.04753680213890204,0.03022178252469904,0.022387434078595163,0.022387434078595163,0.010760067836430822,50,0.19163869999465533
sun3d-hotel_uc-scan3,38,7,point_to_point,0.2139232140595468,1.2739606469795188,0.040089845722112855,0.028388919166489245,0.022606585318929267,0.022610056601018533,nan,36,0.1294443999940995
sun3d-hotel_uc-scan3,39,7,point_to_plane,0.23721276047387213,12.789002030202088,0.11240046335941378,0.1954377543607988,0.07410185483572483,0.07410185483572483,0.03439952669560873,16,0.08306909998646006
sun3d-hotel_uc-scan3,39,7,point_to_point,0.23721276047387213,14.421440992833745,0.2051247950808639,0.21019179671137816,0.07698362923616456,0.07698233663661841,nan,42,0.1915281999972649
sun3d-hotel_uc-scan3,40,7,point_to_plane,0.1539285141566149,4.588289709200596,0.06099473112291579,0.1018872408656504,0.06624192493749773,0.06624192493749773,0.023801807321684826,50,0.24665479999384843
sun3d-hotel_uc-scan3,40,7,point_to_point,0.1539285141566149,10.403363751904639,0.1760935662091436,0.21114370841731042,0.07336901865597102,0.07336657854468316,nan,44,0.207640899985563
sun3d-hotel_uc-scan3,41,7,point_to_plane,0.224449346238506,6.641627973494143,0.07377133091619234,0.11810659591881653,0.07556646110891384,0.07556646110891384,0.027049114182171013,50,0.2590807000233326
sun3d-hotel_uc-scan3,41,7,point_to_point,0.224449346238506,11.567236031744642,0.2188521819308012,0.21653290813819503,0.08019941337536952,0.08020443856064985,nan,31,0.15444620000198483
sun3d-hotel_uc-scan3,9,8,point_to_plane,0.17161012252400354,0.6507319858310471,0.014208486693389137,0.0367388137778413,0.3270090617912515,0.3270090617912515,0.019291334751789516,14,0.11103900001035072
sun3d-hotel_uc-scan3,9,8,point_to_point,0.17161012252400354,11.701849354966402,0.6465361515960497,0.7823019923559553,0.2042371480465118,0.20425596121298614,nan,50,0.4675223000231199
sun3d-hotel_uc-scan3,36,8,point_to_plane,0.2839085336019222,1.0729219107374062,0.052663956515491606,0.04216682180886127,0.43084113404596963,0.43084113404596963,0.03128823448477847,14,0.15917100000660866
sun3d-hotel_uc-scan3,36,8,point_to_point,0.2839085336019222,34.342180955578115,1.6095536183926809,1.1583561613428943,0.21829389993800727,0.21828794371524896,nan,34,0.3670284999825526
sun3d-hotel_uc-scan3,37,8,point_to_plane,0.06855094864108834,2.247276608704831,0.03143976768587494,0.05047010400579266,0.0915599448149875,0.0915599448149875,0.026573243757347202,11,0.06604669999796897
sun3d-hotel_uc-scan3,37,8,point_to_point,0.06855094864108834,13.564768643532448,0.2785852286327833,0.23673869637881512,0.0907494548908797,0.09074908735698668,nan,32,0.1809316000144463
sun3d-hotel_uc-scan3,38,8,point_to_plane,0.22926901058191373,3.0755539983061793,0.05605413490347163,0.05129280778389938,0.04939612143415483,0.04939612143415483,0.02282280250680752,15,0.06302950001554564
sun3d-hotel_uc-scan3,38,8,point_to_point,0.22926901058191373,6.25416277165037,0.10017240294580937,0.11093640601404232,0.05008654385584029,0.05008954202876626,nan,35,0.13063549998332746
sun3d-hotel_uc-scan3,39,8,point_to_plane,0.2684531999175158,2.8740260199635324,0.060006088569953736,0.04728115108719438,0.07690582456470126,0.07690582456470126,0.028587946485450627,18,0.09502940002130345
sun3d-hotel_uc-scan3,39,8,point_to_point,0.2684531999175158,7.574763986745799,0.10857428044311537,0.11729659653061594,0.08167097461712236,0.08161664395635197,nan,14,0.0652344000118319
sun3d-hotel_uc-scan3,40,8,point_to_plane,0.2899052116285288,1.1551108976382412,0.040248808484454855,0.022684742582599626,0.07438777927892726,0.07438777927892726,0.017262154698967646,22,0.11479339998913929
sun3d-hotel_uc-scan3,40,8,point_to_point,0.2899052116285288,7.4067108357306255,0.15802027323829937,0.11972908374836742,0.0842982048821131,0.08427982931966388,nan,50,0.24132150001241826
sun3d-hotel_uc-scan3,41,8,point_to_plane,0.28205343350523776,0.8521473142354373,0.015376855391082267,0.026614113084291083,0.06361186261048617,0.06361186261048617,0.017513941316817525,25,0.1341254000144545
sun3d-hotel_uc-scan3,41,8,point_to_point,0.28205343350523776,6.186613963564552,0.1172384460212751,0.10597461436954626,0.07025173061876905,0.07024991823901973,nan,40,0.19639170001028106
sun3d-hotel_uc-scan3,42,8,point_to_plane,0.1766534199027881,0.9321414235583793,0.03764067743796846,0.017830469350376826,0.1985007860346922,0.1985007860346922,0.01930767086702345,50,0.26757580001140013
sun3d-hotel_uc-scan3,42,8,point_to_point,0.1766534199027881,21.22407830636348,0.406013484646865,0.394664237722529,0.14989720405663207,0.1498957742190852,nan,44,0.20371180001529865
sun3d-hotel_uc-scan3,10,9,point_to_plane,0.1990975424561942,1.774587516282162,0.04725090531830635,0.04114699633888672,0.23490351753802133,0.23490351753802133,0.018213905692560248,16,0.15316580000217073
sun3d-hotel_uc-scan3,10,9,point_to_point,0.1990975424561942,10.77962984159085,0.859750386138112,0.4823078841281605,0.23607650799094715,0.23606629040939017,nan,50,0.5870185999956448
sun3d-hotel_uc-scan3,20,9,point_to_plane,0.31546518150071645,13.206104276995843,0.07755342437210032,0.3111961014169952,0.2870995162110198,0.2870995162110198,0.05245989168197674,18,0.17768019999493845
sun3d-hotel_uc-scan3,20,9,point_to_point,0.31546518150071645,39.1313556082125,1.271541076605335,0.7691570084765035,0.19954620307330845,0.19964303070613393,nan,50,0.49857739999424666
sun3d-hotel_uc-scan3,36,9,point_to_plane,0.3704755380609573,1.3970659594947896,0.0485124702006814,0.03195643899723335,0.14897446903496558,0.14897446903496558,0.02133762871214798,50,0.5564795999962371
sun3d-hotel_uc-scan3,36,9,point_to_point,0.3704755380609573,11.867988780463493,0.22083065595479737,0.25642002727998847,0.1549535784458232,0.15495136928574046,nan,50,0.5838710000098217
sun3d-hotel_uc-scan3,43,9,point_to_plane,0.184015811416387,3.3719059149188118,0.04585612267641976,0.07199432744317187,0.21552475497283366,0.21552475497283366,0.030675052372276336,50,0.4387629000120796
sun3d-hotel_uc-scan3,43,9,point_to_point,0.184015811416387,13.227559588440311,0.1191368987569549,0.5475500529096661,0.18091491987058023,0.18091545770801554,nan,38,0.3886981000250671
sun3d-hotel_uc-scan3,44,9,point_to_plane,0.20582709740616267,3.7145173022381814,0.09138571489925,0.08569894325074333,0.22617290297908904,0.22617290297908904,0.028058915640057833,19,0.16705290001118556
sun3d-hotel_uc-scan3,44,9,point_to_point,0.20582709740616267,19.565530993210324,0.28823891970194515,0.574181079858822,0.17034831070216838,0.17035101022903826,nan,28,0.28853910000179894
sun3d-hotel_uc-scan3,45,9,point_to_plane,0.23312367697643271,4.624607721939694,0.11096915667035226,0.1121829746475328,0.3560570541977154,0.3560570541977154,0.02845507968109341,14,0.1456115999899339
sun3d-hotel_uc-scan3,45,9,point_to_point,0.23312367697643271,11.662403135497184,1.0408279483642384,0.7936888130307657,0.23185949361420138,0.23185705433969145,nan,42,0.4697316999954637
sun3d-hotel_uc-scan3,18,10,point_to_plane,0.061416030308678676,1.231229053908029,0.05660671865241763,0.03799115143269622,0.19396512091160972,0.19396512091160972,0.021317964539643484,8,0.067445199994836
sun3d-hotel_uc-scan3,18,10,point_to_point,0.061416030308678676,30.842913864378197,0.43085778184146495,0.8419874790137674,0.180562211118767,0.18056907652822657,nan,42,0.33960770000703633
sun3d-hotel_uc-scan3,19,10,point_to_plane,0.2537124166504752,0.80475796809327,0.03102371484344792,0.026784453720651216,0.14806513108539385,0.14806513108539385,0.018245338218237494,12,0.08915220000199042
sun3d-hotel_uc-scan3,19,10,point_to_point,0.2537124166504752,13.75968207431636,0.16777258522988975,0.4299667582547942,0.108513626381966,0.10850605567086231,nan,50,0.37502870001480915
sun3d-hotel_uc-scan3,20,10,point_to_plane,0.19035124054043367,1.9931577801752585,0.08250112158725001,0.046433889182713836,0.16540008012546928,0.16540008012546928,0.021375207087582126,8,0.06739240000024438
sun3d-hotel_uc-scan3,20,10,point_to_point,0.19035124054043367,15.856815091899454,0.4901709770962003,0.3766924759926628,0.17558001466055434,0.17558000482463587,nan,37,0.2951656999939587
sun3d-hotel_uc-scan3,35,10,point_to_plane,0.27395048729982735,3.495166739215786,0.11708823505174272,0.10099789081554791,0.703418324880592,0.703418324880592,0.02113723057693967,23,0.24789940001210198
sun3d-hotel_uc-scan3,35,10,point_to_point,0.27395048729982735,30.76870825301569,2.207068681813397,1.5172658638473013,0.23722545043044627,0.23736844177224056,nan,50,0.5986925000033807
sun3d-hotel_uc-scan3,36,10,point_to_plane,0.19786256962816992,2.096330006012655,0.0706539081705551,0.0427433375155951,0.18235063634527926,0.18235063634527926,0.019911183433404395,10,0.10830570000689477
sun3d-hotel_uc-scan3,36,10,point_to_point,0.19786256962816992,19.532371294634157,0.27714102075692554,0.46914480454490054,0.18038588706385306,0.1803851820715123,nan,46,0.49681469998904504
sun3d-hotel_uc-scan3,43,10,point_to_plane,0.10118753549931023,1.2696057939770502,0.044460735762782,0.03405184712348448,0.16296740391030276,0.16296740391030276,0.020868153109576282,12,0.11082279999391176
sun3d-hotel_uc-scan3,43,10,point_to_point,0.10118753549931023,14.419910358174876,0.8770559556774645,0.38006295485263786,0.14900505452757415,0.14900343524015996,nan,41,0.3381738000025507
sun3d-hotel_uc-scan3,44,10,point_to_plane,0.325529378342187,0.8834241248848762,0.03260107236759413,0.025973950755887373,0.0663939111602289,0.0663939111602289,0.017596166959739857,14,0.11615439999150112
sun3d-hotel_uc-scan3,44,10,point_to_point,0.325529378342187,5.897181620047938,0.19110547960648802,0.13777031154263025,0.07861325309733697,0.07861098939616235,nan,46,0.34377509998739697
sun3d-hotel_uc-scan3,45,10,point_to_plane,0.20728158636764557,1.1892465309172426,0.016386993461966842,0.029872637874307013,0.07158480672489619,0.07158480672489619,0.016041137343366218,11,0.09610990001237951
sun3d-hotel_uc-scan3,45,10,point_to_point,0.20728158636764557,7.602295103406395,0.1900379081286737,0.1524414621203171,0.08796425709779498,0.08795090976956386,nan,50,0.41667119998601265
sun3d-hotel_uc-scan3,54,10,point_to_plane,0.14663617078337787,3.3397480939697295,0.027592953429138062,0.0761064878693698,0.37501475025771724,0.37501475025771724,0.02477135592693367,15,0.13377590000163764
sun3d-hotel_uc-scan3,54,10,point_to_point,0.14663617078337787,56.97347948953349,2.507040432294476,1.6582489998046392,0.20843604535096805,0.20842447891586652,nan,43,0.4503541000012774
sun3d-hotel_uc-scan3,34,11,point_to_plane,0.1715489841920022,0.9973040148647587,0.05699175464975386,0.03480561636129486,0.1133731066036221,0.1133731066036221,0.018054404504633036,11,0.09353769998415373
sun3d-hotel_uc-scan3,34,11,point_to_point,0.1715489841920022,4.668300755539395,0.3268177519151126,0.20088563958964364,0.12611005659708738,0.1261172529331614,nan,50,0.41157909997855313
sun3d-hotel_uc-scan3,35,11,point_to_plane,0.15413382224083086,3.2516861676743374,0.12341845519641628,0.06412617440272819,0.18936911735865158,0.18936911735865158,0.02644604602845628,11,0.11671499998192303
sun3d-hotel_uc-scan3,35,11,point_to_point,0.15413382224083086,13.670305843856488,0.4078121117917807,0.4057639646458448,0.17431570046717762,0.1743376180360875,nan,50,0.5132780999992974
sun3d-hotel_uc-scan3,46,11,point_to_plane,0.26664154190605,2.6803590368853882,0.11370269286507524,0.069375191216133,0.0987733752860529,0.0987733752860529,0.01589034133806647,10,0.07384960001218133
sun3d-hotel_uc-scan3,46,11,point_to_point,0.26664154190605,5.635780307586924,0.19019760565732455,0.13522078240815194,0.09748443225144607,0.09748720288260629,nan,50,0.322990300017409
sun3d-hotel_uc-scan3,47,11,point_to_plane,0.2215655571465171,5.075475384581336,0.15896152972693817,0.15926653857167788,0.4906657138888209,0.4906657138888209,0.018152957350084417,50,0.48638370001572184
sun3d-hotel_uc-scan3,47,11,point_to_point,0.2215655571465171,30.259660851273424,2.366881339106554,1.3806611403969644,0.24897040743519824,0.24906440421103823,nan,50,0.6327057000016794
sun3d-hotel_uc-scan3,53,11,point_to_plane,0.07998859985009905,2.700003750643768,0.10175478573626905,0.09227185714069523,0.26451965369747305,0.26451965369747305,0.01542085561181098,13,0.1241708000015933
sun3d-hotel_uc-scan3,53,11,point_to_point,0.07998859985009905,10.899923550681686,0.47997543786885793,0.40603326107342813,0.20789219114054316,0.2078882337650668,nan,45,0.4282942000136245
sun3d-hotel_uc-scan3,54,11,point_to_plane,0.3383474517634798,1.6304791255496713,0.06397957537948097,0.028467182295920487,0.15728014714743058,0.15728014714743058,0.020420542192634582,50,0.3687021000077948
sun3d-hotel_uc-scan3,54,11,point_to_point,0.3383474517634798,12.490660347470342,0.5986427897316375,0.3033818359488234,0.14201748898416902,0.1420245012899129,nan,18,0.1389132000040263
sun3d-hotel_uc-scan3,13,12,point_to_plane,0.3940863514025098,1.7574269399872493,0.02227618719905775,0.033082265186559566,0.5047725083237632,0.5047725083237632,0.010599659800260432,13,0.14383800001814961
sun3d-hotel_uc-scan3,13,12,point_to_point,0.3940863514025098,49.55002563044107,0.9776266209721902,1.4653340191951194,0.21792558255256875,0.21793328150910787,nan,50,0.43761029999586754
sun3d-hotel_uc-scan3,32,12,point_to_plane,0.3027439934415084,1.675670589127459,0.06977512080401264,0.048507240672482924,0.1391773904658642,0.1391773904658642,0.010690445164615887,10,0.07456080001429655
sun3d-hotel_uc-scan3,32,12,point_to_point,0.3027439934415084,22.60082524039883,1.1072811475237923,0.6838981475910485,0.12526428424667566,0.12531199027873471,nan,33,0.18072780000511557
sun3d-hotel_uc-scan3,33,12,point_to_plane,0.3274992321931932,3.1481508263859506,0.1326193823830773,0.059423458450929584,0.09699251466554261,0.09699251466554261,0.012501806275785253,13,0.12600920000113547
sun3d-hotel_uc-scan3,33,12,point_to_point,0.3274992321931932,8.57129346729456,0.4058272978601864,0.23791208277805004,0.10335791878696202,0.1033570173096012,nan,41,0.2677403999841772
sun3d-hotel_uc-scan3,47,12,point_to_plane,0.2684155987738603,1.2046820079663163,0.05330983010192712,0.04344876168098682,0.1502123937556107,0.1502123937556107,0.016645669411914987,10,0.08993039999040775
sun3d-hotel_uc-scan3,47,12,point_to_point,0.2684155987738603,12.7573200532753,0.7399863672182634,0.375373984500744,0.16173401555720082,0.16173230530706315,nan,42,0.3635212999943178
sun3d-hotel_uc-scan3,48,12,point_to_plane,0.1778269777064215,1.3549525472377308,0.029160260461891713,0.0283424105664539,0.3839852516460217,0.3839852516460217,0.01168018909723829,50,0.446605000004638
sun3d-hotel_uc-scan3,48,12,point_to_point,0.1778269777064215,45.710067055502265,1.3397635582668415,1.2033825097590651,0.2153108101266083,0.21532210714013322,nan,50,0.491898600012064
sun3d-hotel_uc-scan3,52,12,point_to_plane,0.08057787024419519,1.2168005146570762,0.04732726378768408,0.04722601074313484,0.30259206724687043,0.30259206724687043,0.013344487021227534,9,0.11817529998370446
sun3d-hotel_uc-scan3,52,12,point_to_point,0.08057787024419519,25.725791580258207,0.936157779898987,0.7001432240566872,0.26314161805898095,0.2631306704758394,nan,28,0.27306100001442246
sun3d-hotel_uc-scan3,53,12,point_to_plane,0.2653009700911324,3.245526785639433,0.09474961560392058,0.08825085611827997,0.5681266101137156,0.5681266101137156,0.022886107807752673,50,0.4452591000008397
sun3d-hotel_uc-scan3,53,12,point_to_point,0.2653009700911324,13.749648569149134,2.0050063484767455,1.6600044069084001,0.2686124286793379,0.2689034680706907,nan,50,0.5370374999765772
sun3d-hotel_uc-scan3,14,13,point_to_plane,0.2517497763040485,0.9470131062650359,0.0518446079303634,0.036482971935908895,0.3483277700173909,0.3483277700173909,0.017996910527060046,14,0.17607519999728538
sun3d-hotel_uc-scan3,14,13,point_to_point,0.2517497763040485,56.57949228290052,1.7224826752952433,1.3756976640655354,0.24171992703940823,0.242106426428797,nan,50,0.6245841999771073
sun3d-hotel_uc-scan3,24,13,point_to_plane,0.2026772313471601,0.4082152455638095,0.04929291040229791,0.04470184992322331,0.6717732022087769,0.6717732022087769,0.014847179298365485,50,0.5252630999893881
sun3d-hotel_uc-scan3,24,13,point_to_point,0.2026772313471601,29.391364862792003,0.7398406270148931,1.4835726984911912,0.21686426730264902,0.21807220837926014,nan,50,0.6306638999958523
sun3d-hotel_uc-scan3,25,13,point_to_plane,0.15842663034609897,1.9733644422983527,0.06917759664600899,0.04130471894473597,0.14818978091750762,0.14818978091750762,0.01234526503883708,50,0.3055556000035722
sun3d-hotel_uc-scan3,25,13,point_to_point,0.15842663034609897,21.198922729169176,0.422715618065014,0.5609369707317121,0.14502504648157497,0.14496062874519836,nan,50,0.33573819999583066
sun3d-hotel_uc-scan3,26,13,point_to_plane,0.2520044235981263,1.8751265752578636,0.08172142879133779,0.03616580752103089,0.30536647679485857,0.30536647679485857,0.019573733891671285,13,0.1505104000098072
sun3d-hotel_uc-scan3,26,13,point_to_point,0.2520044235981263,22.260404856103683,1.195815609198235,1.0776128749399678,0.18735721727297125,0.1875928698864631,nan,50,0.5027674000011757
sun3d-hotel_uc-scan3,47,13,point_to_plane,0.1667866663971215,4.392752394490718,0.2222914958627887,0.11819536525319542,0.5799846457548102,0.5799846457548102,0.018814794988392065,10,0.09991259998059832
sun3d-hotel_uc-scan3,47,13,point_to_point,0.1667866663971215,37.5303872211905,2.91639342210139,1.5977360519078032,0.1837958362832622,0.1837834539656887,nan,38,0.3937755999795627
sun3d-hotel_uc-scan3,48,13,point_to_plane,0.16556426231497864,3.2938588468725767,0.13037907188946837,0.06538686658923322,0.16487396510744529,0.16487396510744529,0.020466409348057952,10,0.0842187000089325
sun3d-hotel_uc-scan3,48,13,point_to_point,0.16556426231497864,13.039144675455859,0.7887272567854592,0.5584139831941549,0.16211402969897093,0.16209600214859138,nan,48,0.41704550001304597
sun3d-hotel_uc-scan3,49,13,point_to_plane,0.25697104224573036,3.721819883433844,0.16545972676851067,0.09699417379542641,0.7764546586308512,0.7764546586308512,0.0230741685247001,10,0.17835629999171942
sun3d-hotel_uc-scan3,49,13,point_to_point,0.25697104224573036,32.023615312443155,0.9795285477273475,1.6506191169175464,0.2768864805492717,0.27688563725324195,nan,46,0.751932899991516
sun3d-hotel_uc-scan3,51,13,point_to_plane,0.19583341913984215,3.924830895518725,0.18901134284998625,0.08496457800417215,0.7475611760184123,0.7475611760184123,0.024842726795000904,11,0.16760179999982938
sun3d-hotel_uc-scan3,51,13,point_to_point,0.19583341913984215,28.983475134744527,0.6674014100941714,1.612995848207507,0.2701941261799463,0.27019711792004325,nan,50,0.6805003000190482
sun3d-hotel_uc-scan3,52,13,point_to_plane,0.35842736675045994,12.427819188620724,1.0737592825563131,0.590535705753101,0.25148132846935345,0.25148132846935345,0.05121964789879836,50,0.5068620000092778
sun3d-hotel_uc-scan3,52,13,point_to_point,0.35842736675045994,23.73044833118997,1.0493698710810109,1.0533516241947496,0.23992603789406491,0.23992329518516106,nan,47,0.4652553999912925
sun3d-hotel_uc-scan3,15,14,point_to_plane,0.19154542460247304,1.1022137321543468,0.05919000011497063,0.025938048877512877,0.17661234265804374,0.17661234265804374,0.012147880220462736,9,0.12428430002182722
sun3d-hotel_uc-scan3,15,14,point_to_point,0.19154542460247304,28.2900965125243,0.7918457161647579,0.7021510455969275,0.14097551928405463,0.14096641594078824,nan,50,0.5599119999969844
sun3d-hotel_uc-scan3,16,14,point_to_plane,0.16165533678171132,0.839227900772534,0.03869240045971086,0.02177495493155792,0.3771392621899104,0.3771392621899104,0.013060418610692652,8,0.11334260000148788
sun3d-hotel_uc-scan3,16,14,point_to_point,0.16165533678171132,40.019465104571196,1.1057774334541175,1.2408224657806395,0.178696395487383,0.17871785188431788,nan,50,0.5453074999968521
sun3d-hotel_uc-scan3,23,14,point_to_plane,0.25426513975880904,1.0725613510537504,0.04699261736474829,0.0327097832577856,0.3665366589311736,0.3665366589311736,0.018415218501454476,12,0.17008089998853393
sun3d-hotel_uc-scan3,23,14,point_to_point,0.25426513975880904,25.426617220641752,0.4302671647782419,1.1887043055675428,0.18370902641569317,0.18371303537456848,nan,43,0.5862527999852318
sun3d-hotel_uc-scan3,24,14,point_to_plane,0.18691579561208888,2.3154297951881557,0.09053308842653048,0.05080017049587951,0.0908672675821794,0.0908672675821794,0.01729123893631736,12,0.123451199993724
sun3d-hotel_uc-scan3,24,14,point_to_point,0.18691579561208888,9.652581068388765,0.40076101706183886,0.22113973484497448,0.10203770561560699,0.10203398823225132,nan,50,0.507337400020333
sun3d-hotel_uc-scan3,25,14,point_to_plane,0.16179371382056845,0.994359898279777,0.028904852191562462,0.022603957941998865,0.07463432545868978,0.07463432545868978,0.009696679760049506,9,0.060988200013525784
sun3d-hotel_uc-scan3,25,14,point_to_point,0.16179371382056845,3.1573931801626527,0.07692079631892465,0.17391853793039236,0.06875041162261454,0.06874951557442134,nan,33,0.20030169998062775
sun3d-hotel_uc-scan3,26,14,point_to_plane,0.18214059630263285,1.301519656777444,0.05835569417011107,0.03436217988132678,0.32168671557372597,0.32168671557372597,0.012231447558190804,11,0.10739419999299571
sun3d-hotel_uc-scan3,26,14,point_to_point,0.18214059630263285,38.18539995764566,1.5201526559771756,1.0512801173936461,0.18169611525275114,0.18169211814679115,nan,45,0.5185082000098191
sun3d-hotel_uc-scan3,49,14,point_to_plane,0.112158057720063,1.4747585872406974,0.04727365442380206,0.047427977574794535,0.21630597699852838,0.21630597699852838,0.030755559531294614,10,0.15659689999301918
sun3d-hotel_uc-scan3,49,14,point_to_point,0.112158057720063,22.377172431668665,1.2328613987681363,0.6059914870856136,0.2035365519307247,0.20356739464104073,nan,50,0.8057657000026666
sun3d-hotel_uc-scan3,51,14,point_to_plane,0.16606550662454006,1.6739424904205653,0.05510525271427628,0.043963245691657354,0.17672526594432322,0.17672526594432322,0.03190600464588889,14,0.17604429999482818
sun3d-hotel_uc-scan3,51,14,point_to_point,0.16606550662454006,17.294313580925504,0.7984832158934918,0.3478852224975519,0.17076944520996834,0.1707644505292274,nan,50,0.639990099996794
sun3d-hotel_uc-scan3,16,15,point_to_plane,0.30082017595981814,0.6021631253301006,0.02820350602157373,0.01627734410714943,0.11142409434700054,0.11142409434700054,0.013424660028463405,14,0.1234868000028655
sun3d-hotel_uc-scan3,16,15,point_to_point,0.30082017595981814,4.626868890121479,0.13980475517169744,0.26010999051096023,0.12242484621504021,0.12242928353143913,nan,38,0.35045319999335334
sun3d-hotel_uc-scan3,22,15,point_to_plane,0.24476308183172038,1.2231046289914613,0.1079976364580011,0.07040652579093273,0.376023710290802,0.376023710290802,0.014555282559219543,15,0.17503250000299886
sun3d-hotel_uc-scan3,22,15,point_to_point,0.24476308183172038,27.7097250397861,0.6243055280475946,1.3257382289180395,0.18008939717292316,0.1804024661200041,nan,50,0.5419890999910422
sun3d-hotel_uc-scan3,23,15,point_to_plane,0.3395323737236282,1.6425595293916844,0.04549521748409327,0.04384900416830539,0.14078628190117554,0.14078628190117554,0.02242006594588377,17,0.18735880000167526
sun3d-hotel_uc-scan3,23,15,point_to_point,0.3395323737236282,21.229912121205167,0.6262747815720354,0.5326708640057208,0.14853972146880035,0.14852445940403286,nan,49,0.5753929000056814
sun3d-hotel_uc-scan3,24,15,point_to_plane,0.10479384075377154,0.6353012478612731,0.03250801958785537,0.025474296185174106,0.1426149911647008,0.1426149911647008,0.016508516569040194,15,0.1639341999834869
sun3d-hotel_uc-scan3,24,15,point_to_point,0.10479384075377154,12.61932316877871,0.40100984516720084,0.3439484860631465,0.13019922925226313,0.13020040052682352,nan,44,0.4674273999989964
sun3d-hotel_uc-scan3,49,15,point_to_plane,0.3514610940650762,0.7790760721199966,0.03963025169292949,0.033835045074444084,0.24813462172633519,0.24813462172633519,0.03038174133639263,50,0.7031363999994937
sun3d-hotel_uc-scan3,49,15,point_to_point,0.3514610940650762,24.23216734778264,0.7029859004702781,0.703405549680387,0.21006054732339596,0.21010465469223744,nan,50,0.8124390000011772
sun3d-hotel_uc-scan3,50,15,point_to_plane,0.2256918229251817,5.316111393240976,0.07970187770202235,0.08309569838544745,0.3026268130299523,0.3026268130299523,0.03902384979654661,22,0.3053446999983862
sun3d-hotel_uc-scan3,50,15,point_to_point,0.2256918229251817,35.95589042115401,1.0027299203401323,0.79757596162535,0.196675375482973,0.1966788003795877,nan,49,0.6619687999773305
sun3d-hotel_uc-scan3,51,15,point_to_plane,0.21901810254674675,1.2743159710643037,0.05804948052395302,0.040651098063275,0.1989098838172782,0.1989098838172782,0.030594568215936944,16,0.1950174999947194
sun3d-hotel_uc-scan3,51,15,point_to_point,0.21901810254674675,21.9803141130943,0.7591394607411663,0.46933599484470584,0.16900233086521932,0.1690020411371632,nan,37,0.4562774999940302
sun3d-hotel_uc-scan3,17,16,point_to_plane,0.23429375809396466,1.0852346638519534,0.07021117248966274,0.09199865247051424,0.2200804081127052,0.2200804081127052,0.01474037967833296,13,0.14457229999243282
sun3d-hotel_uc-scan3,17,16,point_to_point,0.23429375809396466,17.0864406614945,0.3026738812971191,0.9312086144359425,0.14938704666264133,0.14932522070282345,nan,50,0.435157200001413
sun3d-hotel_uc-scan3,22,16,point_to_plane,0.10132263221910763,0.3351794301543203,0.017224815990929208,0.011067688127552898,0.146886077639957,0.146886077639957,0.008131131694775475,10,0.08220599999185652
sun3d-hotel_uc-scan3,22,16,point_to_point,0.10132263221910763,11.824314545151125,0.1429916450057415,0.6030241590174188,0.12183396922664166,0.12183977893731682,nan,50,0.42852630000561476
sun3d-hotel_uc-scan3,23,16,point_to_plane,0.2567903226427261,1.7798617519248432,0.047893502348202874,0.044232328252866965,0.250066971648639,0.250066971648639,0.021958398706463877,19,0.22324570000637323
sun3d-hotel_uc-scan3,23,16,point_to_point,0.2567903226427261,14.583420658983576,0.4968161938019589,0.6535400459136921,0.18886391769362745,0.18886744432699326,nan,50,0.6643694999802392
sun3d-hotel_uc-scan3,24,16,point_to_plane,0.1720632645701992,0.6094840559723168,0.056259950873745045,0.041548893496098034,0.3327379443925223,0.3327379443925223,0.019962768918241548,14,0.16293670001323335
sun3d-hotel_uc-scan3,24,16,point_to_point,0.1720632645701992,22.88010425108097,0.6882690151160153,1.0905165372195276,0.21167230039092638,0.2116706061078044,nan,50,0.6056243999919388
sun3d-hotel_uc-scan3,48,16,point_to_plane,0.22209691344247443,4.558350828286434,0.11822455186767934,0.14709744454924106,0.28872418857802895,0.28872418857802895,0.025617727896048215,31,0.26769269999931566
sun3d-hotel_uc-scan3,48,16,point_to_point,0.22209691344247443,19.595692634340264,0.8528665124535385,0.8810335353910745,0.19527950029368799,0.19526258425585025,nan,50,0.4560038000054192
sun3d-hotel_uc-scan3,49,16,point_to_plane,0.16673981821125322,0.8487896438787464,0.05158760812648181,0.058318715334950366,0.37795067332308796,0.37795067332308796,0.030569623959318108,19,0.27943409999716096
sun3d-hotel_uc-scan3,49,16,point_to_point,0.16673981821125322,41.114863694103796,1.0950411992031592,1.298824052230333,0.23841610057379053,0.2400132508950632,nan,50,0.798353699996369
sun3d-hotel_uc-scan3,51,16,point_to_plane,0.269313568934026,1.0273507314856773,0.07180993076221284,0.05545717955938082,0.32700303006029896,0.32700303006029896,0.031075708178634566,16,0.20881169999483973
sun3d-hotel_uc-scan3,51,16,point_to_point,0.269313568934026,31.276094853020485,1.2338820785197722,0.8664357676960972,0.2476293728838485,0.24771740079271162,nan,22,0.29377370001748204
sun3d-hotel_uc-scan3,21,17,point_to_plane,0.23267923500945137,0.7318265743061888,0.0363959683995146,0.033823542584902784,0.14710524882089918,0.14710524882089918,0.012299156595066299,13,0.1129306000075303
sun3d-hotel_uc-scan3,21,17,point_to_point,0.23267923500945137,9.934505780647417,0.1706607068364704,0.6384279217187789,0.1381083296474623,0.13807145918092797,nan,50,0.33600780001142994
sun3d-hotel_uc-scan3,22,17,point_to_plane,0.2762533260820238,1.3162389404837884,0.049472689985787244,0.09513240495757186,0.07012069411495914,0.07012069411495914,0.018520499564460686,16,0.12935689999721944
sun3d-hotel_uc-scan3,22,17,point_to_point,0.2762533260820238,1.5052283739106966,0.12568515014876327,0.19076677617943144,0.07347827351916025,0.073478914896502,nan,31,0.22826659999554977
sun3d-hotel_uc-scan3,19,18,point_to_plane,0.20320824528118187,1.4277544269791036,0.0354076487280418,0.036670661860614295,0.16782231310881385,0.16782231310881385,0.01609751724635051,12,0.08347000001231208
sun3d-hotel_uc-scan3,19,18,point_to_point,0.20320824528118187,9.968397020983154,0.19655882748110515,0.3749249377277389,0.1434201473063471,0.14341206940442427,nan,50,0.3620455999916885
sun3d-hotel_uc-scan3,20,18,point_to_plane,0.08085197448593677,0.48247227454728725,0.019652061460176708,0.02898840806382218,0.08177163386487253,0.08177163386487253,0.015253562382535942,9,0.06704229998285882
sun3d-hotel_uc-scan3,20,18,point_to_point,0.08085197448593677,3.557431852781667,0.06899825727264727,0.14531707051879647,0.08756109762026765,0.08755987632992251,nan,42,0.2982058000052348
sun3d-hotel_uc-scan3,36,18,point_to_plane,0.28439845292202903,2.197175891483339,0.07201057480239052,0.044124287891321515,0.17670764390020696,0.17670764390020696,0.031364322880648846,50,0.4971211999945808
sun3d-hotel_uc-scan3,36,18,point_to_point,0.28439845292202903,12.390935935199206,0.3113317752929685,0.2623941061562246,0.17772023184321095,0.17772200917919945,nan,43,0.46174040000187233
sun3d-hotel_uc-scan3,45,18,point_to_plane,0.09109333554924093,3.5244255124780115,0.08809335303286457,0.1567867342781082,0.19057567167146425,0.19057567167146425,0.033260162573933605,16,0.16361290001077577
sun3d-hotel_uc-scan3,45,18,point_to_point,0.09109333554924093,15.5820444089625,0.6324015311197397,0.3494602919883743,0.18306285800137215,0.1830870737080154,nan,50,0.4986042000236921
sun3d-hotel_uc-scan3,20,19,point_to_plane,0.23341220318450803,1.7677339029450376,0.0521718502578483,0.04058020893926806,0.32192300731281065,0.32192300731281065,0.013089097398211865,12,0.09590790001675487
sun3d-hotel_uc-scan3,20,19,point_to_point,0.23341220318450803,50.316259669761564,0.24333434228595446,1.122796952572022,0.22152660506371574,0.22167076981825048,nan,50,0.44436180000775494
sun3d-hotel_uc-scan3,35,19,point_to_plane,0.21542255899001253,3.297728717190041,0.09384872603644026,0.10208726990930442,0.7060900876147368,0.7060900876147368,0.01843087872301536,50,0.46346540001104586
sun3d-hotel_uc-scan3,35,19,point_to_point,0.21542255899001253,21.787189257818497,1.4581949880455456,1.4858626915483362,0.25266112962974663,0.2526560231657535,nan,40,0.4179683999973349
sun3d-hotel_uc-scan3,36,19,point_to_plane,0.14333812825500905,6.6014250692638985,0.0627383416388067,0.1597526284365919,0.4075706134506168,0.4075706134506168,0.03641100430213316,50,0.49925719999009743
sun3d-hotel_uc-scan3,36,19,point_to_point,0.14333812825500905,44.609259616613095,1.1441801329006895,1.1493998410588615,0.2666837895361562,0.26689217763326073,nan,50,0.6416211999894585
sun3d-hotel_uc-scan3,36,20,point_to_plane,0.2635445705262174,3.8517247446435303,0.11900510166383504,0.07442930338249787,0.1383876516389424,0.1383876516389424,0.03562144912790662,20,0.19948650000151247
sun3d-hotel_uc-scan3,36,20,point_to_point,0.2635445705262174,12.861258328379193,0.5349360916818384,0.2211582247787231,0.1445825381599446,0.14461719951044935,nan,32,0.31000440000207163
sun3d-hotel_uc-scan3,22,21,point_to_plane,0.21761021148875423,2.8124258614996718,0.06258818148956566,0.07691003933113574,0.3322315665456877,0.3322315665456877,0.01564459657343529,13,0.10439900000346825
sun3d-hotel_uc-scan3,22,21,point_to_point,0.21761021148875423,29.663113217932555,0.5335002946464179,1.3114823895599983,0.22093241228290617,0.22094982519821305,nan,50,0.493468100001337
sun3d-hotel_uc-scan3,23,22,point_to_plane,0.45332484964464337,0.6739154321056366,0.028828564088443243,0.023350332950000306,0.43568761365747455,0.43568761365747455,0.017790726473377625,50,0.5661688999971375
sun3d-hotel_uc-scan3,23,22,point_to_point,0.45332484964464337,29.115279415917662,0.6796746372474087,1.30928195428881,0.21938177471032716,0.21947218661465798,nan,50,0.657718099973863
sun3d-hotel_uc-scan3,24,23,point_to_plane,0.38873241765001826,0.5937389112263391,0.05469247880181184,0.05470512845752708,0.19253530620587384,0.19253530620587384,0.0205949646733861,12,0.15363089999300428
sun3d-hotel_uc-scan3,24,23,point_to_point,0.38873241765001826,21.891954598683366,0.2240625835420791,0.7362700347040123,0.1679881983874976,0.16812358792062151,nan,50,0.6591070000140462
sun3d-hotel_uc-scan3,49,23,point_to_plane,0.3033970192366367,0.700426523269307,0.060606346171877205,0.05500845985391985,0.22553726491204862,0.22553726491204862,0.033475148966765664,21,0.3025105000124313
sun3d-hotel_uc-scan3,49,23,point_to_point,0.3033970192366367,22.888777406966835,0.7158217339373573,0.7671483854210388,0.18751926994287368,0.18751610947350936,nan,44,0.7093641000101343
sun3d-hotel_uc-scan3,50,23,point_to_plane,0.19394977233475977,1.1251461247604984,0.062307444922461576,0.0523687742799946,0.180331798770828,0.180331798770828,0.03424190051051548,21,0.2598283999832347
sun3d-hotel_uc-scan3,50,23,point_to_point,0.19394977233475977,30.14529128867983,0.9264229820366342,0.6922821093224594,0.14669067925071333,0.1473527522458755,nan,50,0.6746817999810446
sun3d-hotel_uc-scan3,51,23,point_to_plane,0.21796102392883845,1.1194573107275885,0.06850547679554637,0.05199746689665463,0.17997504281871474,0.17997504281871474,0.031237540859745155,16,0.20248400000855327
sun3d-hotel_uc-scan3,51,23,point_to_point,0.21796102392883845,23.27262048221476,0.7491600843906349,0.6312982790934453,0.17312683266463838,0.17317298787996235,nan,50,0.6520294999936596
sun3d-hotel_uc-scan3,25,24,point_to_plane,0.2706291210556556,1.849382478975271,0.04880551069157104,0.03646236464925051,0.17135975575816328,0.17135975575816328,0.010937072150302103,11,0.07417979999445379
sun3d-hotel_uc-scan3,25,24,point_to_point,0.2706291210556556,20.534291327835362,1.2594639670062626,0.7644300868337534,0.1255572106521608,0.12553252328041034,nan,50,0.3554502000042703
sun3d-hotel_uc-scan3,49,24,point_to_plane,0.19553607693675476,1.6943667159501423,0.06393788329117148,0.03513905535286969,0.17212069966506852,0.17212069966506852,0.030989538709661806,16,0.235542299982626
sun3d-hotel_uc-scan3,49,24,point_to_point,0.19553607693675476,10.791613445359525,0.2519135418383487,0.30293044329114566,0.15728890948304877,0.15728724222627954,nan,21,0.2986335999739822
sun3d-hotel_uc-scan3,50,24,point_to_plane,0.0908735106729376,2.2605805243995714,0.021897255390236306,0.04746101324762537,0.2839860027936465,0.2839860027936465,0.03615765881957638,16,0.22099919998436235
sun3d-hotel_uc-scan3,50,24,point_to_point,0.0908735106729376,37.18570411430032,1.2620098612129698,0.7342345981269722,0.20442261005098666,0.20442117237236992,nan,50,0.7097405999957118
sun3d-hotel_uc-scan3,51,24,point_to_plane,0.2828738093089818,3.6628072795544133,0.4961909955470681,0.45833445969175146,0.21871148372033106,0.21871148372033106,0.05249683987794986,50,0.7098792999750003
sun3d-hotel_uc-scan3,51,24,point_to_point,0.2828738093089818,16.609576710626563,0.6644597289264464,0.32933481485660765,0.13646765755354537,0.136466267902985,nan,28,0.3459603000083007
sun3d-hotel_uc-scan3,26,25,point_to_plane,0.22303022269768208,1.451229865739996,0.06182080775677997,0.044614066363823965,0.31813225102277687,0.31813225102277687,0.01876248097576356,10,0.08891469999798574
sun3d-hotel_uc-scan3,26,25,point_to_point,0.22303022269768208,20.832544341251765,1.139854861017627,0.9814077921201191,0.1967899854770506,0.19682021462028915,nan,50,0.4658767000073567
sun3d-hotel_uc-scan3,48,25,point_to_plane,0.21903608609821154,2.487293989906803,0.11995577776634012,0.08049829093006536,0.3467574510500193,0.3467574510500193,0.018113712489952846,11,0.0903565000044182
sun3d-hotel_uc-scan3,48,25,point_to_point,0.21903608609821154,28.352670784689106,1.707211284306098,0.8144958742052592,0.25492961405881,0.2549245191802263,nan,46,0.4217693999817129
sun3d-hotel_uc-scan3,49,25,point_to_plane,0.2827737764435615,0.9886557192131453,0.06902850479932578,0.049150950745146325,0.7467822821135316,0.7467822821135316,0.019945894399681807,10,0.15277610000339337
sun3d-hotel_uc-scan3,49,25,point_to_point,0.2827737764435615,64.26117146939315,2.3300163634939537,1.7752669389000069,0.32413183342187313,0.3242143676368636,nan,50,0.82575089999591
sun3d-hotel_uc-scan3,51,25,point_to_plane,0.22367588412319192,1.7486721074522664,0.11276965829287872,0.058790341437972474,0.6687403081911784,0.6687403081911784,0.022208340659531065,12,0.15222399999038316
sun3d-hotel_uc-scan3,51,25,point_to_point,0.22367588412319192,72.03937308796934,2.884992227468197,1.7356570636110646,0.27334925282318584,0.2733283483874673,nan,50,0.6978987000184134
sun3d-hotel_uc-scan3,52,25,point_to_plane,0.21614018707862317,4.626460751597676,0.1919530651754549,0.15929490287063272,0.6496343808083747,0.6496343808083747,0.02097581871982537,13,0.1143955999868922
sun3d-hotel_uc-scan3,52,25,point_to_point,0.21614018707862317,53.86875645136139,2.810723980266458,1.3434642400120091,0.3378455746911466,0.3378393889686617,nan,39,0.41266209998866543
sun3d-hotel_uc-scan3,27,26,point_to_plane,0.20945849376209014,0.8089016725403488,0.01494203132545143,0.01686565868545958,0.06512694701437904,0.06512694701437904,0.01128226518025072,10,0.10068579998915084
sun3d-hotel_uc-scan3,27,26,point_to_point,0.20945849376209014,5.79451167587239,0.21272698065715687,0.12674371107596885,0.08058294833494829,0.08058275504392534,nan,35,0.24644369998713955
sun3d-hotel_uc-scan3,28,26,point_to_plane,0.2501553317108729,0.34897222878059037,0.012904778206366341,0.010385808623623498,0.032514382627530036,0.032514382627530036,0.012418738372461548,9,0.07707680002204143
sun3d-hotel_uc-scan3,28,26,point_to_point,0.2501553317108729,1.703964013766229,0.035374506132567256,0.03139649368444,0.033226289049413084,0.033226886468901186,nan,23,0.11994689999846742
sun3d-hotel_uc-scan3,28,27,point_to_plane,0.17826961805213923,0.5805801027411456,0.008085615668201047,0.010870351115349368,0.019697264141494926,0.019697264141494926,0.007400309881493349,8,0.04247259997646324
sun3d-hotel_uc-scan3,28,27,point_to_point,0.17826961805213923,0.40924744988228395,0.007069152350414912,0.008755534319362062,0.01968024103479808,0.019683943589044604,nan,21,0.0924970000050962
sun3d-hotel_uc-scan3,29,27,point_to_plane,0.3109987494209576,2.490731882265405,0.06974941090120676,0.0527430817625727,0.38647353770853266,0.38647353770853266,0.013578727371431343,10,0.1066442999872379
sun3d-hotel_uc-scan3,29,27,point_to_point,0.3109987494209576,5.952889989443745,1.0908068871016503,0.9832683096334532,0.15658764239462813,0.15657407429403727,nan,38,0.27293559999088757
sun3d-hotel_uc-scan3,29,28,point_to_plane,0.16737779506585176,3.2365224136942587,0.08446731770520338,0.06338329701958263,0.6956033721722372,0.6956033721722372,0.008588739415345574,7,0.04996100001153536
sun3d-hotel_uc-scan3,29,28,point_to_point,0.16737779506585176,36.73709943410798,1.7731197686505618,1.5773331600371956,0.22360932754520957,0.22360192239795076,nan,15,0.10254449999774806
sun3d-hotel_uc-scan3,30,29,point_to_plane,0.2757227023565465,1.3862661180956304,0.19416840874797156,0.1851411481426069,0.36674704742409653,0.36674704742409653,0.011834015462096155,50,0.29602099998737685
sun3d-hotel_uc-scan3,30,29,point_to_point,0.2757227023565465,2.2061115620580476,0.798576187105835,0.8556446416352542,0.18957809321402247,0.1895567452820433,nan,19,0.11398049999843352
sun3d-hotel_uc-scan3,32,31,point_to_plane,0.09719122637842122,1.7143335317664625,0.05304205657633912,0.026972383016312145,0.1867422959179297,0.1867422959179297,0.0073424205598444136,6,0.03768789998139255
sun3d-hotel_uc-scan3,32,31,point_to_point,0.09719122637842122,21.897374025848016,1.0961537893555744,0.6562388688500744,0.19015793122028513,0.1900576394667346,nan,50,0.21299910001107492
sun3d-hotel_uc-scan3,33,31,point_to_plane,0.1649440753384492,1.4965467525936935,0.014999573868548208,0.048131310400927316,0.2700589644519997,0.2700589644519997,0.013725335394962396,50,0.3156081000051927
sun3d-hotel_uc-scan3,33,31,point_to_point,0.1649440753384492,15.90378498445104,0.7457697117914611,0.4882852262229354,0.23773748001108078,0.23773462171289475,nan,24,0.14842129999306053
sun3d-hotel_uc-scan3,47,31,point_to_plane,0.17681496464389726,1.5480121903619921,0.13096912824653056,0.08664656413755359,0.4751184073499717,0.4751184073499717,0.02193628391754892,7,0.07071820000419393
sun3d-hotel_uc-scan3,47,31,point_to_point,0.17681496464389726,30.799686300193205,1.738296995919346,0.9081375118348077,0.3296519526506123,0.32964642364397523,nan,20,0.1757004999963101
sun3d-hotel_uc-scan3,48,31,point_to_plane,0.13306383776337927,3.6328854999180646,0.21070203133464666,0.10855145121085912,0.6299875770301476,0.6299875770301476,0.017873543203763994,10,0.0917298000131268
sun3d-hotel_uc-scan3,48,31,point_to_point,0.13306383776337927,45.60282094687467,1.3863060808177448,1.2213708071124498,0.36590063623452157,0.36589229294997194,nan,24,0.18757650000043213
sun3d-hotel_uc-scan3,52,31,point_to_plane,0.2345530427839625,1.4480594769138597,0.12395903011523314,0.09282804636380197,0.6052817038256086,0.6052817038256086,0.019678673557775524,17,0.17075640000985004
sun3d-hotel_uc-scan3,52,31,point_to_point,0.2345530427839625,41.16111410235084,1.8063589356497927,0.9661474145498072,0.454998215773817,0.45500442325789847,nan,21,0.185689599980833
sun3d-hotel_uc-scan3,53,31,point_to_plane,0.2127971889528078,2.9749456594404067,0.2978683252243173,0.17822529441195978,1.1091768239087652,1.1091768239087652,0.025181826837179736,23,0.24001100001623854
sun3d-hotel_uc-scan3,53,31,point_to_point,0.2127971889528078,18.456816912467186,1.6141476774206702,1.6560913286364232,0.44335245280043356,0.44335250232759826,nan,24,0.2118033999868203
sun3d-hotel_uc-scan3,33,32,point_to_plane,0.3113612318934744,2.3577884326464,0.06656565810045512,0.04897479706042425,0.2198973583058387,0.2198973583058387,0.011924064067385793,9,0.07122099999105558
sun3d-hotel_uc-scan3,33,32,point_to_point,0.3113612318934744,17.725654436301316,1.1164184812365376,0.678669025403362,0.16101382013825746,0.16101420888921422,nan,50,0.36994699999922886
sun3d-hotel_uc-scan3,47,32,point_to_plane,0.29501578034692444,1.2725194583054604,0.12194637576660823,0.08502706879531158,0.3923092482953548,0.3923092482953548,0.020814901575564333,10,0.09540549997473136
sun3d-hotel_uc-scan3,47,32,point_to_point,0.29501578034692444,27.018396230285052,1.7983508131888306,1.0298611373113196,0.2395154158754138,0.2395232006107413,nan,50,0.5152081999985967
sun3d-hotel_uc-scan3,48,32,point_to_plane,0.2635851364143587,1.22147076234199,0.07824831297415603,0.04537179755703458,0.3674987963927782,0.3674987963927782,0.013847853467006158,9,0.07708079999429174
sun3d-hotel_uc-scan3,48,32,point_to_point,0.2635851364143587,38.189589302321465,1.166330016675067,0.9608016967465355,0.26667423759016134,0.2666892388485269,nan,27,0.24831329999142326
sun3d-hotel_uc-scan3,52,32,point_to_plane,0.2148371828181734,0.9678107076872742,0.062246138860611686,0.0792922482006746,0.4116498505545136,0.4116498505545136,0.016096785043987722,12,0.11237069999333471
sun3d-hotel_uc-scan3,52,32,point_to_point,0.2148371828181734,42.91390166945193,1.8882190763913873,0.9523685184062671,0.34960110609534045,0.3496091874276618,nan,50,0.5149344000092242
sun3d-hotel_uc-scan3,53,32,point_to_plane,0.2403298765592713,8.59705993517853,0.7809226364839084,0.4908878048877384,0.8220735130641127,0.8220735130641127,0.04191133258376018,50,0.520946400007233
sun3d-hotel_uc-scan3,53,32,point_to_point,0.2403298765592713,18.90909354023751,2.0001742931549362,1.902711050409526,0.3217082765203166,0.3217136306460508,nan,22,0.24599699999089353
sun3d-hotel_uc-scan3,34,33,point_to_plane,0.22487211827220524,3.6911201080442297,0.13138647742730247,0.09520901182393023,0.5396729671476265,0.5396729671476265,0.00857257558331229,7,0.06582170000183396
sun3d-hotel_uc-scan3,34,33,point_to_point,0.22487211827220524,52.559207780859666,2.109174241965585,1.75585984243629,0.2822907977776286,0.28227623058388124,nan,50,0.5935482999775559
sun3d-hotel_uc-scan3,47,33,point_to_plane,0.11334640819310177,2.2622821578538233,0.11563597361249872,0.054982802991134234,0.10882767601376601,0.10882767601376601,0.019081271360952036,9,0.08037189999595284
sun3d-hotel_uc-scan3,47,33,point_to_point,0.11334640819310177,5.075040586000458,0.13565106282529715,0.15119963196649308,0.11194293647900831,0.11194215429789768,nan,46,0.3969413999875542
sun3d-hotel_uc-scan3,48,33,point_to_plane,0.2207800303434532,4.754861265798101,0.2131546820926034,0.12826491623377725,0.35533652080950434,0.35533652080950434,0.017569818690983688,10,0.0869890000030864
sun3d-hotel_uc-scan3,48,33,point_to_point,0.2207800303434532,41.13653401002334,0.7956065121016571,1.2305014350906975,0.17287894824144537,0.17286932635358362,nan,36,0.3375606999907177
sun3d-hotel_uc-scan3,52,33,point_to_plane,0.23324292326063095,1.7518673469023944,0.13099627764682184,0.08163748144374022,0.279241050699849,0.279241050699849,0.015799298709498717,8,0.07309079999686219
sun3d-hotel_uc-scan3,52,33,point_to_point,0.23324292326063095,38.723849810348185,1.0596702482389022,0.9273483059799859,0.23685165757656437,0.23682306167526865,nan,50,0.5504326999944169
sun3d-hotel_uc-scan3,53,33,point_to_plane,0.17337362377096738,1.6648288604021366,0.028079163152519834,0.061689944225096605,0.5080687762619814,0.5080687762619814,0.020249638233842147,9,0.09490189998177812
sun3d-hotel_uc-scan3,53,33,point_to_point,0.17337362377096738,16.79449044347848,0.935657108690286,1.2865866489505184,0.2206589033657533,0.22066028253735726,nan,46,0.5393330000224523
sun3d-hotel_uc-scan3,35,34,point_to_plane,0.2692694179532788,3.1354189499862293,0.14722726515813542,0.07807464438718398,0.23313258267079737,0.23313258267079737,0.015807629760480637,11,0.11774300000979565
sun3d-hotel_uc-scan3,35,34,point_to_point,0.2692694179532788,16.800030669022245,0.5066256776344237,0.466561194858135,0.16715264093736576,0.16715399688966404,nan,38,0.40483530002529733
sun3d-hotel_uc-scan3,46,34,point_to_plane,0.2279922859533481,1.6168176622770096,0.09730823334620553,0.055440729052531786,0.06907467096718203,0.06907467096718203,0.01827219142274592,15,0.10870840001734905
sun3d-hotel_uc-scan3,46,34,point_to_point,0.2279922859533481,8.39744731139994,0.2647336256512943,0.175322761709546,0.07117250528190158,0.07117693775585396,nan,50,0.33719980000751093
sun3d-hotel_uc-scan3,47,34,point_to_plane,0.2255365406562069,5.184200547471379,0.16651473427094235,0.15500819251655823,0.3024290366424033,0.3024290366424033,0.016847329767386142,8,0.08238380000693724
sun3d-hotel_uc-scan3,47,34,point_to_point,0.2255365406562069,19.854769763543807,1.4371486545955467,0.8521255060354026,0.17019312718089188,0.17019892421743613,nan,28,0.30567359999986365
sun3d-hotel_uc-scan3,53,34,point_to_plane,0.1529237796757724,1.4339140851992915,0.07695937887837226,0.06930178875979776,0.15586990432822814,0.15586990432822814,0.017015607656359125,7,0.07373050000751391
sun3d-hotel_uc-scan3,53,34,point_to_point,0.1529237796757724,11.364289266966233,0.3222333511023,0.3066489219426711,0.13534045368031775,0.13533588529424884,nan,20,0.19037789999856614
sun3d-hotel_uc-scan3,54,34,point_to_plane,0.3436597746362648,2.2330052240315523,0.064379995962896,0.06365637322101944,0.1452257977006266,0.1452257977006266,0.01987375482390407,12,0.10590810002759099
sun3d-hotel_uc-scan3,54,34,point_to_point,0.3436597746362648,14.149632733214935,0.6439588014791476,0.24553218025497814,0.15204426166875212,0.15204380596321387,nan,28,0.23426339999423362
sun3d-hotel_uc-scan3,54,35,point_to_plane,0.24557017512762183,3.1064838954777465,0.15167580970434272,0.07208231431800263,0.17795799803986576,0.17795799803986576,0.016210149952591468,50,0.4457801999815274
sun3d-hotel_uc-scan3,54,35,point_to_point,0.24557017512762183,15.99445334924648,0.6873898614670905,0.34054869540038124,0.1638202793052671,0.16381493149734014,nan,50,0.4705802999960724
sun3d-hotel_uc-scan3,38,37,point_to_plane,0.17770438521668028,2.3689804468192,0.027807006840302562,0.042769506801971884,0.041260360844202384,0.041260360844202384,0.017709159980560232,50,0.19264120000298135
sun3d-hotel_uc-scan3,38,37,point_to_point,0.17770438521668028,5.149134658094497,0.06304126215730967,0.10905481054259138,0.04508903004870794,0.04506106652479117,nan,50,0.1829390000202693
sun3d-hotel_uc-scan3,39,37,point_to_plane,0.3398216331518289,4.4453185505456885,0.05866475748255922,0.09579895551043335,0.09068252711512609,0.09068252711512609,0.03257580118062925,24,0.11957380000967532
sun3d-hotel_uc-scan3,39,37,point_to_point,0.3398216331518289,14.692523710874791,0.22610209205198034,0.23182058106996214,0.09138324087217832,0.09139190607834503,nan,41,0.19260639999993145
sun3d-hotel_uc-scan3,40,37,point_to_plane,0.2793802651622425,4.349953278279888,0.10948064140416962,0.10351767386796175,0.11105410877382564,0.11105410877382564,0.03164380963468701,21,0.11684629999217577
sun3d-hotel_uc-scan3,40,37,point_to_point,0.2793802651622425,13.316469868865942,0.23729378137101426,0.3151295400331003,0.1153467903903094,0.11535960704262439,nan,32,0.17519219999667257
sun3d-hotel_uc-scan3,41,37,point_to_plane,0.3233491563804135,3.749704202098007,0.09749673605249372,0.09266851117533606,0.10719629777088541,0.10719629777088541,0.02963443959698344,28,0.15795530000468716
sun3d-hotel_uc-scan3,41,37,point_to_point,0.3233491563804135,14.902938387501356,0.34255087863696543,0.3156310261885722,0.11017883164732246,0.1101188838148518,nan,50,0.27488400001311675
sun3d-hotel_uc-scan3,39,38,point_to_plane,0.19947430044732428,10.222457986588285,0.09463442186158139,0.18457699957546114,0.08110171179984577,0.08110171179984577,0.03243508168459245,24,0.10519999999087304
sun3d-hotel_uc-scan3,39,38,point_to_point,0.19947430044732428,16.96392708876915,0.2545890579447683,0.24095812954364118,0.08322097476053802,0.08320680570154974,nan,20,0.07489150000037625
sun3d-hotel_uc-scan3,40,38,point_to_plane,0.2165167123880089,3.468080596344535,0.059218208041636994,0.10158860810506634,0.10862140017342709,0.10862140017342709,0.02926689340201588,18,0.08163430000422522
sun3d-hotel_uc-scan3,40,38,point_to_point,0.2165167123880089,17.390839204159064,0.25497734398470684,0.26242836530921504,0.1119167598083051,0.1119166569743035,nan,40,0.1662324999924749
sun3d-hotel_uc-scan3,41,38,point_to_plane,0.13343400382413687,5.325934035422858,0.06035266276527212,0.09469818175197946,0.11717739314384852,0.11717739314384852,0.02947880180508076,18,0.08507319999625906
sun3d-hotel_uc-scan3,41,38,point_to_point,0.13343400382413687,12.953486847436427,0.2627612580768302,0.2709536414510955,0.11874552801272725,0.118731925435251,nan,50,0.2285963000031188
sun3d-hotel_uc-scan3,40,39,point_to_plane,0.2580445096474466,0.7306444527948219,0.01354862664261286,0.01584880821738933,0.05949119598510013,0.05949119598510013,0.012689581676032284,14,0.06159369999659248
sun3d-hotel_uc-scan3,40,39,point_to_point,0.2580445096474466,6.091162614386799,0.14745692011122707,0.08685551174635767,0.06552636720838699,0.0655250509330682,nan,27,0.11347229999955744
sun3d-hotel_uc-scan3,41,39,point_to_plane,0.19967520637002684,1.8934524107365576,0.022711108967182102,0.02259777320514439,0.07540085889928885,0.07540085889928885,0.01681596655221044,9,0.044546699995407835
sun3d-hotel_uc-scan3,41,39,point_to_point,0.19967520637002684,8.347243279962349,0.13516447571841864,0.1343495425297025,0.07616368950487264,0.07615960844652638,nan,35,0.15707640000618994
sun3d-hotel_uc-scan3,42,39,point_to_plane,0.10874154958593134,1.540483030163892,0.03436554181609939,0.023872870965075083,0.46090613723387935,0.46090613723387935,0.012258644001752726,12,0.05781530000967905
sun3d-hotel_uc-scan3,42,39,point_to_point,0.10874154958593134,69.07716266913374,0.7548315289532406,1.163004898755725,0.21369671398355178,0.21469309486751856,nan,50,0.2375606000132393
sun3d-hotel_uc-scan3,43,39,point_to_plane,0.22581929370822104,2.1071810129368815,0.09210287050158888,0.04979548092029825,0.9740358305881461,0.9740358305881461,0.017248829650316717,17,0.13405980000970885
sun3d-hotel_uc-scan3,43,39,point_to_point,0.22581929370822104,49.000609393676456,1.5861552010712634,1.6140657153729259,0.30884517444977844,0.30885392097695635,nan,50,0.38471000001300126
sun3d-hotel_uc-scan3,41,40,point_to_plane,0.2397803587951752,1.174386333340219,0.02124381585683032,0.013158143986707657,0.03570094502988196,0.03570094502988196,0.01177125848146632,12,0.05628939997404814
sun3d-hotel_uc-scan3,41,40,point_to_point,0.2397803587951752,0.8552470130773829,0.03026008180032243,0.028690956878302396,0.03897475839924212,0.038974228911305274,nan,28,0.11126840001088567
sun3d-hotel_uc-scan3,42,40,point_to_plane,0.17608646642231948,1.2985840605179315,0.04976156855618412,0.02116749717856365,0.422830967361982,0.422830967361982,0.012679153858391582,15,0.07460390002233908
sun3d-hotel_uc-scan3,42,40,point_to_point,0.17608646642231948,50.06911689304478,0.8227692156948042,1.0918054123333185,0.2073666761885094,0.2073654678851694,nan,38,0.18496610000147484
sun3d-hotel_uc-scan3,42,41,point_to_plane,0.25919548444581075,0.9135884842520186,0.024692096487254813,0.019491461554640616,0.3426879022840702,0.3426879022840702,0.010536520637014121,10,0.048579499998595566
sun3d-hotel_uc-scan3,42,41,point_to_point,0.25919548444581075,37.414222591858696,1.4632214923708209,0.761744931451029,0.20339127617431524,0.20339185497252535,nan,32,0.15508900000713766
sun3d-hotel_uc-scan3,43,41,point_to_plane,0.16596143461767757,0.5696040927135441,0.02044276281693452,0.023334994417730865,0.8070477988337859,0.8070477988337859,0.013531025511218266,50,0.3455201000033412
sun3d-hotel_uc-scan3,43,41,point_to_point,0.16596143461767757,42.49145733319405,1.0241720670970447,1.4979791637217916,0.2339462558242055,0.23395964825446033,nan,23,0.17535119998501614
sun3d-hotel_uc-scan3,43,42,point_to_plane,0.18410848846786665,2.464611522671943,0.05427650102643338,0.05650955428545105,0.290748885778947,0.290748885778947,0.025531663376777432,16,0.1140208000142593
sun3d-hotel_uc-scan3,43,42,point_to_point,0.18410848846786665,29.866704336754864,1.283034305402258,0.8175963041139441,0.21393156263679008,0.21393090956045976,nan,47,0.3560517999867443
sun3d-hotel_uc-scan3,44,42,point_to_plane,0.20130044829739654,6.199406090873501,0.1279816621243082,0.11258901757134566,0.4981959446456436,0.4981959446456436,0.030848582146755406,11,0.08738820001599379
sun3d-hotel_uc-scan3,44,42,point_to_point,0.20130044829739654,96.98114455265925,2.175520599518542,1.4383241297871734,0.2572324465405566,0.2572574396880199,nan,50,0.38838750001741573
sun3d-hotel_uc-scan3,44,43,point_to_plane,0.1666883636504056,1.2067220162107015,0.009663466028150396,0.020310979831913593,0.10724593060398845,0.10724593060398845,0.012990110493718185,12,0.0948015000030864
sun3d-hotel_uc-scan3,44,43,point_to_point,0.1666883636504056,12.445732176378515,0.3197962736419806,0.317403550785959,0.11242468163138909,0.11242119693643597,nan,47,0.38331319999997504
sun3d-hotel_uc-scan3,45,43,point_to_plane,0.2183263516507868,1.8734220258553043,0.051443999644030125,0.03904749421218571,0.1472440133936965,0.1472440133936965,0.018915652544474942,11,0.09818729999824427
sun3d-hotel_uc-scan3,45,43,point_to_point,0.2183263516507868,11.526358200744683,0.397904049425652,0.3125946787109346,0.16034722650431188,0.16034698657194857,nan,32,0.2997711999923922
sun3d-hotel_uc-scan3,54,43,point_to_plane,0.26655274919675864,1.3334479253417932,0.02774659308879943,0.03274613385645933,0.4715620692918255,0.4715620692918255,0.01862965531824618,16,0.133514599991031
sun3d-hotel_uc-scan3,54,43,point_to_point,0.26655274919675864,33.287327608377076,1.1415030175965941,1.580735431476082,0.19857163506281056,0.19857358513351595,nan,39,0.4005257000098936
sun3d-hotel_uc-scan3,45,44,point_to_plane,0.17340411949354767,1.9049397575836142,0.06939926520252128,0.037797101636997635,0.08332574974665417,0.08332574974665417,0.014426785024188156,12,0.10001549997832626
sun3d-hotel_uc-scan3,45,44,point_to_point,0.17340411949354767,4.531609332010188,0.31717896253930333,0.16424074859514728,0.09920167054754625,0.09919344772687527,nan,21,0.16872320001129992
sun3d-hotel_uc-scan3,54,44,point_to_plane,0.11021472688762794,3.3396206948531586,0.05390199548034796,0.07554279475635246,0.4837362559464354,0.4837362559464354,0.020338603220025037,13,0.11322879997896962
sun3d-hotel_uc-scan3,54,44,point_to_point,0.11021472688762794,40.221469431294075,1.6426134171641298,1.685994379131161,0.22629798604148685,0.22646220769603845,nan,50,0.5205706999986432
sun3d-hotel_uc-scan3,54,45,point_to_plane,0.20108516117254313,1.4850442252770546,0.03871457977908516,0.035396126683409475,0.2615967786848847,0.2615967786848847,0.013478577306383395,12,0.09856049998779781
sun3d-hotel_uc-scan3,54,45,point_to_point,0.20108516117254313,31.477491337379945,0.849020456346941,1.221862001582931,0.18312428624249313,0.1831298655839537,nan,50,0.4884899999888148
sun3d-hotel_uc-scan3,47,46,point_to_plane,0.22550768944559757,4.591353620116471,0.13370770721416733,0.1273538530490605,0.37820890928603285,0.37820890928603285,0.020565708989672096,50,0.42765210001380183
sun3d-hotel_uc-scan3,47,46,point_to_point,0.22550768944559757,22.65846010904022,0.4629022524421639,0.9365095418508418,0.21522472462674191,0.21534582800949972,nan,50,0.6350929000182077
sun3d-hotel_uc-scan3,52,46,point_to_plane,0.11833839775382501,3.467149564107385,0.14080141793854614,0.13499914569159788,0.7261087444380306,0.7261087444380306,0.024857534189749144,11,0.1049940999946557
sun3d-hotel_uc-scan3,52,46,point_to_point,0.11833839775382501,58.51484769376731,2.9967585537239123,1.8593909546897642,0.27951662491370605,0.27951966049513377,nan,50,0.5240441000205465
sun3d-hotel_uc-scan3,53,46,point_to_plane,0.31239894736215723,1.6745943346568115,0.058335229023976844,0.05657063397994678,0.10878158742933904,0.10878158742933904,0.021165906015991023,13,0.11297600000398234
sun3d-hotel_uc-scan3,53,46,point_to_point,0.31239894736215723,4.918528369123908,0.0985798341810456,0.19714576706615503,0.10006004207196934,0.10006146645440063,nan,22,0.18431409998447634
sun3d-hotel_uc-scan3,54,46,point_to_plane,0.11568194102512498,1.4142707982553813,0.05900769202840676,0.030375777130682652,0.08581589258423429,0.08581589258423429,0.022362626409619148,6,0.04819829997722991
sun3d-hotel_uc-scan3,54,46,point_to_point,0.11568194102512498,5.093152602836839,0.2877116021914804,0.15229438896874753,0.09325368413588035,0.09325805304121232,nan,19,0.13248030000249855
sun3d-hotel_uc-scan3,48,47,point_to_plane,0.20405193673732783,2.3140903329746565,0.06990133846260525,0.04778997207388352,0.3435849406932937,0.3435849406932937,0.011682556449793316,15,0.1451390000001993
sun3d-hotel_uc-scan3,48,47,point_to_point,0.20405193673732783,33.25173801331794,1.0647361685495964,1.209394114338367,0.22323241634915758,0.22327248450451095,nan,50,0.5849586999975145
sun3d-hotel_uc-scan3,52,47,point_to_plane,0.3740504907284757,0.4630433355833504,0.02369327320132774,0.028232177070698177,0.23747687085163094,0.23747687085163094,0.012889637497113778,21,0.1998265000001993
sun3d-hotel_uc-scan3,52,47,point_to_point,0.3740504907284757,34.2328052597011,0.797757366731847,0.9260932071866915,0.20328468609986697,0.20311523303276893,nan,50,0.5558034999994561
sun3d-hotel_uc-scan3,53,47,point_to_plane,0.09460468224509438,2.9293697242754577,0.07696387181270713,0.068155390067699,0.2676677224012056,0.2676677224012056,0.019610161909908917,18,0.18402070002048276
sun3d-hotel_uc-scan3,53,47,point_to_point,0.09460468224509438,6.08687148486414,0.6446789683601347,0.7086231148693253,0.19406740183750934,0.19406674410336863,nan,40,0.4955574000196066
sun3d-hotel_uc-scan3,49,48,point_to_plane,0.1574218966555121,3.3171860265677022,0.14776865628586283,0.08740294166182119,0.631973079320528,0.631973079320528,0.02304927821224012,8,0.10913920000893995
sun3d-hotel_uc-scan3,49,48,point_to_point,0.1574218966555121,35.680821018127,0.5579467634599126,1.6337414900260634,0.25081092008100014,0.250830164444785,nan,50,0.8546985000139102
sun3d-hotel_uc-scan3,51,48,point_to_plane,0.23444529825444158,3.531362780677725,0.16762375125646628,0.09359694695661368,0.5350369773048289,0.5350369773048289,0.024696324739344445,11,0.11905300000216812
sun3d-hotel_uc-scan3,51,48,point_to_point,0.23444529825444158,59.81847156435208,1.470562533634519,1.6062360435838376,0.23412238320885267,0.23426471333244558,nan,50,0.6492958000162616
sun3d-hotel_uc-scan3,52,48,point_to_plane,0.1948507491303838,1.4633139863132634,0.05694604041379734,0.05071990050681767,0.1362273899302978,0.1362273899302978,0.013774678041795245,9,0.07859790002112277
sun3d-hotel_uc-scan3,52,48,point_to_point,0.1948507491303838,9.660884510160852,0.46126659599297604,0.3403077881783165,0.14931651973233548,0.14931029346211672,nan,47,0.4436462000012398
sun3d-hotel_uc-scan3,53,48,point_to_plane,0.2677426009616395,4.662451352000013,0.18509359614796783,0.1077265531713526,0.7876042126439091,0.7876042126439091,0.026135545527818885,24,0.2716192999796476
sun3d-hotel_uc-scan3,53,48,point_to_point,0.2677426009616395,47.500884719617154,2.8623577236952116,2.0073325853268176,0.24928590400102651,0.25007839777954327,nan,50,0.6580222999909893
sun3d-hotel_uc-scan3,50,49,point_to_plane,0.09511115158902085,0.721864178458274,0.027908676236411373,0.012376018272147462,0.07779577056147967,0.07779577056147967,0.018397001625326554,13,0.15216090000467375
sun3d-hotel_uc-scan3,50,49,point_to_point,0.09511115158902085,4.648432150984832,0.2169260110405297,0.1569331570208035,0.08960397220022355,0.08960616107463953,nan,46,0.514640999987023
sun3d-hotel_uc-scan3,51,49,point_to_plane,0.18377683411214296,0.21446781891756106,0.013186524207899907,0.012503214737791452,0.024336455020159912,0.024336455020159912,0.010902198587244692,10,0.11287219999940135
sun3d-hotel_uc-scan3,51,49,point_to_point,0.18377683411214296,0.29068733657557144,0.011952372165338176,0.011825678275588133,0.024284344529536664,0.024285552717798867,nan,26,0.24787479999940842
sun3d-hotel_uc-scan3,51,50,point_to_plane,0.24771128554284005,0.7752881586361363,0.03049178031764107,0.020619507451537827,0.11111913867938276,0.11111913867938276,0.016184938184242725,15,0.171575499989558
sun3d-hotel_uc-scan3,51,50,point_to_point,0.24771128554284005,12.662329460054554,0.4383317785591068,0.256772877542789,0.13239973371458363,0.13239396745952842,nan,50,0.5733082999940962
sun3d-hotel_uc-scan3,53,52,point_to_plane,0.2086371967542362,3.1754267438989108,0.09343249143623636,0.06874957501061159,0.3868978071522202,0.3868978071522202,0.017997947039613323,8,0.08401000002049841
sun3d-hotel_uc-scan3,53,52,point_to_point,0.2086371967542362,38.77946690650349,2.6660187784700247,1.3889708069568112,0.22409989103810013,0.22409771308564755,nan,38,0.41636440000729635
sun3d-hotel_uc-scan3,54,53,point_to_plane,0.23923105921281712,1.655297284127797,0.023660143335639292,0.03801549691999226,0.14384040419391575,0.14384040419391575,0.016116447208911103,11,0.09805639999103732
sun3d-hotel_uc-scan3,54,53,point_to_point,0.23923105921281712,8.319229380519424,0.3404040517548694,0.3386734014499312,0.14964836176829135,0.1496485403741557,nan,36,0.32914099999470636
sun3d-hotel_umd-maryland_hotel1,1,0,point_to_plane,0.263730631900958,1.5571563197840894,0.07535075182344379,0.05079084424892423,0.34714227924416796,0.34714227924416796,0.022696351057191328,11,0.13243110000621527
sun3d-hotel_umd-maryland_hotel1,1,0,point_to_point,0.263730631900958,45.64332877807152,0.7299125393209972,1.1994649391637044,0.18316462469043063,0.18320357696751574,nan,50,0.4881464999925811
sun3d-hotel_umd-maryland_hotel1,14,0,point_to_plane,0.1438228946292365,1.6714026273758722,0.036068696240208704,0.0406714081830684,0.06300468831239205,0.06300468831239205,0.02121650417538123,12,0.1235826000047382
sun3d-hotel_umd-maryland_hotel1,14,0,point_to_point,0.1438228946292365,2.24988027531766,0.02800851992246007,0.048392717597573826,0.06567077706979227,0.0656684918153542,nan,21,0.13005160001921467
sun3d-hotel_umd-maryland_hotel1,24,0,point_to_plane,0.2420106621165118,0.9822737132031545,0.05566402740728717,0.05654083102764524,0.07537592224638855,0.07537592224638855,0.024161629461595325,9,0.11215900001116097
sun3d-hotel_umd-maryland_hotel1,24,0,point_to_point,0.2420106621165118,3.5708230993495236,0.10827745985232289,0.1640945010812431,0.08067858693961107,0.08066931684369483,nan,33,0.24209879999398254
sun3d-hotel_umd-maryland_hotel1,25,0,point_to_plane,0.1509269048621503,0.4345944657444956,0.06416001550772799,0.06958101148691725,0.11180304993379274,0.11180304993379274,0.026262333638361335,50,0.4098130000056699
sun3d-hotel_umd-maryland_hotel1,25,0,point_to_point,0.1509269048621503,9.11132511159052,0.07612609547365412,0.21471941490692195,0.11432380288015637,0.11431230020548779,nan,18,0.13404450000962242
sun3d-hotel_umd-maryland_hotel1,26,0,point_to_plane,0.2495285275357391,0.6133361771696769,0.0732711438573367,0.08846386625677789,0.2913876031529545,0.2913876031529545,0.026459017400974255,12,0.15192049997858703
sun3d-hotel_umd-maryland_hotel1,26,0,point_to_point,0.2495285275357391,44.42785793689959,0.7997357667553587,1.0689147953838503,0.19930931210008132,0.1993291133796129,nan,50,0.5181785000022501
sun3d-hotel_umd-maryland_hotel1,2,1,point_to_plane,0.2624484260730525,3.1398901818915648,0.1561621932260745,0.07023203414318772,0.3888787850596175,0.3888787850596175,0.019908523511677656,15,0.23708089999854565
sun3d-hotel_umd-maryland_hotel1,2,1,point_to_point,0.2624484260730525,36.080309435126175,0.5155817971858014,1.0557740481031914,0.22406758384647518,0.22413194243311857,nan,50,0.7273837999964599
sun3d-hotel_umd-maryland_hotel1,14,1,point_to_plane,0.12862966699357722,3.647416898478654,0.0937313690576795,0.07320592593204873,0.24636962397795178,0.24636962397795178,0.025822177114165554,18,0.13504899997496977
sun3d-hotel_umd-maryland_hotel1,14,1,point_to_point,0.12862966699357722,31.056830185534977,0.45342764583798856,1.017923775278436,0.15922507940739056,0.15918745877020649,nan,50,0.4480995000049006
sun3d-hotel_umd-maryland_hotel1,15,1,point_to_plane,0.15437902314144322,2.5649042312464907,0.08257793682734751,0.03746270558845133,0.058385956936707555,0.058385956936707555,0.018372581024566022,11,0.12450260002515279
sun3d-hotel_umd-maryland_hotel1,15,1,point_to_point,0.15437902314144322,3.2792507354385387,0.11774425057479594,0.0912193298702366,0.06402979192873054,0.06403158798395879,nan,25,0.1813045000017155
sun3d-hotel_umd-maryland_hotel1,16,1,point_to_plane,0.19466404672922447,7.471314397991247,0.3302121625612474,0.17208608970375902,0.32245291122044306,0.32245291122044306,0.028148965449428832,16,0.18306810001377016
sun3d-hotel_umd-maryland_hotel1,16,1,point_to_point,0.19466404672922447,24.842997821593187,0.4493739467663293,1.0616277211689913,0.17273035952220944,0.17320508672617474,nan,50,0.5770617999951355
sun3d-hotel_umd-maryland_hotel1,23,1,point_to_plane,0.25267740486706475,2.3352458965480873,0.15040728829783231,0.09868436308235638,0.1390441889686466,0.1390441889686466,0.025578972064532347,17,0.1774178000050597
sun3d-hotel_umd-maryland_hotel1,23,1,point_to_point,0.25267740486706475,2.284511008955308,0.2687031252680418,0.23866714992545085,0.14544902174778365,0.145452610005941,nan,29,0.24847469999804161
sun3d-hotel_umd-maryland_hotel1,24,1,point_to_plane,0.098212245975658,3.166982582011086,0.09143432797649398,0.06057397874131703,0.28095605536814966,0.28095605536814966,0.03006151648569891,14,0.12477170000784099
sun3d-hotel_umd-maryland_hotel1,24,1,point_to_point,0.098212245975658,40.61797059489319,0.5831125129689001,0.9671692054265706,0.1514893747358891,0.1515162113450917,nan,50,0.4805530000012368
sun3d-hotel_umd-maryland_hotel1,25,1,point_to_plane,0.30352260545047705,1.2573229094667737,0.0414870982273623,0.0275382847079946,0.31252557061042774,0.31252557061042774,0.019076568088233038,10,0.08966830000281334
sun3d-hotel_umd-maryland_hotel1,25,1,point_to_point,0.30352260545047705,49.81797525014345,0.9061798501962202,1.2592996650850874,0.16913727214183166,0.1696022477152289,nan,50,0.5006022999878041
sun3d-hotel_umd-maryland_hotel1,15,2,point_to_plane,0.11491169225475327,0.5065776409814494,0.028932829035851374,0.040735086122112844,0.06933966322687259,0.06933966322687259,0.021245747065152216,18,0.16371589998016134
sun3d-hotel_umd-maryland_hotel1,15,2,point_to_point,0.11491169225475327,3.923416257249341,0.08438886328797746,0.13148121590900244,0.07739646328812246,0.07739665179627526,nan,33,0.2821772000170313
sun3d-hotel_umd-maryland_hotel1,16,2,point_to_plane,0.21076981156770705,2.376021676337188,0.11381817045904556,0.052532648113029705,0.10506803915633993,0.10506803915633993,0.022069053134450664,50,0.5352920000150334
sun3d-hotel_umd-maryland_hotel1,16,2,point_to_point,0.21076981156770705,10.543630490527917,0.1436041271142098,0.32744006062057973,0.1043594637431025,0.10435918349944227,nan,45,0.5113727000134531
sun3d-hotel_umd-maryland_hotel1,23,2,point_to_plane,0.24494232624139323,2.647218705982162,0.12746493220989377,0.07643032257833225,0.2936216485233788,0.2936216485233788,0.02660735649456333,19,0.20621539998683147
sun3d-hotel_umd-maryland_hotel1,23,2,point_to_point,0.24494232624139323,31.641337837799696,1.167390591669965,0.8892746808806018,0.2514058971398453,0.251586883246914,nan,50,0.6018816000141669
sun3d-hotel_umd-maryland_hotel1,4,3,point_to_plane,0.2766125907436655,1.6553287146577003,0.0566215735408197,0.033046631976338725,0.3207331500935329,0.3207331500935329,0.017932742307369652,13,0.18979050000780262
sun3d-hotel_umd-maryland_hotel1,4,3,point_to_point,0.2766125907436655,22.27876721427292,0.24864374244694346,0.8482710132575086,0.18395407534549688,0.18392818333575126,nan,50,0.577435199986212
sun3d-hotel_umd-maryland_hotel1,12,3,point_to_plane,0.08447303182450759,2.3519589792375606,0.058441905136113345,0.03444042083645208,0.06846682242548315,0.06846682242548315,0.028365100432873457,10,0.11609120000503026
sun3d-hotel_umd-maryland_hotel1,12,3,point_to_point,0.08447303182450759,3.3364565237861443,0.10756883790052961,0.07784461133970058,0.07230752148022988,0.07230700201762699,nan,32,0.23926719999872148
sun3d-hotel_umd-maryland_hotel1,16,3,point_to_plane,0.18587693163617464,4.541830714043536,0.15379786390652903,0.08335924411417912,0.3330867383349418,0.3330867383349418,0.032746428006225965,11,0.1427241000055801
sun3d-hotel_umd-maryland_hotel1,16,3,point_to_point,0.18587693163617464,34.887327789059746,0.34411045042105165,1.0804285774862408,0.14150724577816362,0.14151794554854333,nan,37,0.4347142000042368
sun3d-hotel_umd-maryland_hotel1,17,3,point_to_plane,0.17745321488873375,1.1012576962371947,0.03913687894480985,0.035152514814723354,0.15572385872930786,0.15572385872930786,0.023908264880183112,13,0.17789039999479428
sun3d-hotel_umd-maryland_hotel1,17,3,point_to_point,0.17745321488873375,10.119710855701577,0.292328472286463,0.4241118665260424,0.16628317479648622,0.1662903124775599,nan,39,0.4925760999904014
sun3d-hotel_umd-maryland_hotel1,17,4,point_to_plane,0.3146912052511566,1.1031690449050215,0.03597828918461268,0.017351686755419444,0.22445159840294632,0.22445159840294632,0.024720528490299234,10,0.13682230000267737
sun3d-hotel_umd-maryland_hotel1,17,4,point_to_point,0.3146912052511566,20.839366012437655,0.43885402734795076,0.601172067091014,0.18016573059215898,0.18016569107474584,nan,44,0.586155900004087
sun3d-hotel_umd-maryland_hotel1,6,5,point_to_plane,0.15816326360230612,1.5845377225126915,0.11029966181910436,0.06788725637659081,0.5192564707958177,0.5192564707958177,0.012761298942021004,6,0.10882090000086464
sun3d-hotel_umd-maryland_hotel1,6,5,point_to_point,0.15816326360230612,31.46791437703659,0.5865841325105027,1.1498867957216867,0.28579338269072413,0.2857904202904787,nan,50,0.7212086000072304
sun3d-hotel_umd-maryland_hotel1,11,5,point_to_plane,0.2936283193376284,0.6769575027756071,0.0593500192736477,0.05183333184800929,0.3693638252214566,0.3693638252214566,0.024892795733661786,50,0.5804840000055265
sun3d-hotel_umd-maryland_hotel1,11,5,point_to_point,0.2936283193376284,35.745182421574484,1.71743874729984,1.0781072222384125,0.29308926115290707,0.2931045392250005,nan,50,0.6479184000054374
sun3d-hotel_umd-maryland_hotel1,13,5,point_to_plane,0.1566269367373666,1.7305996371857644,0.09489778942666852,0.05497626518256669,0.405556961561842,0.405556961561842,0.021132937566505944,13,0.1536797999870032
sun3d-hotel_umd-maryland_hotel1,13,5,point_to_point,0.1566269367373666,69.07396133488643,2.599770056586695,1.484596976278968,0.2457569148122949,0.24631766279100098,nan,50,0.4741925000271294
sun3d-hotel_umd-maryland_hotel1,17,5,point_to_plane,0.31106050623227216,1.371834628301339,0.17322194913976438,0.15239297459114703,0.6496597269246283,0.6496597269246283,0.020836745344576302,20,0.2688110000162851
sun3d-hotel_umd-maryland_hotel1,17,5,point_to_point,0.31106050623227216,36.25474519250951,2.3782182572336232,1.8925978850199288,0.25098920292282256,0.2511124490514291,nan,50,0.6997896999819204
sun3d-hotel_umd-maryland_hotel1,18,5,point_to_plane,0.20991148672848564,1.632812809787386,0.07042496889679961,0.043258614268541905,0.37075388455013575,0.37075388455013575,0.01424476006833469,13,0.1790305000031367
sun3d-hotel_umd-maryland_hotel1,18,5,point_to_point,0.20991148672848564,39.28965808105265,1.1218302052626434,1.01797549408288,0.24236965508679076,0.24236973336553636,nan,29,0.3536941000202205
sun3d-hotel_umd-maryland_hotel1,22,5,point_to_plane,0.17977992017071898,0.9625829771306451,0.06515675936519649,0.03234952047933863,0.1636290916495733,0.1636290916495733,0.018057912688865658,11,0.13218099999357946
sun3d-hotel_umd-maryland_hotel1,22,5,point_to_point,0.17977992017071898,7.793476463846625,0.36696683826271803,0.2403602666594271,0.17919336595977092,0.17917761284314385,nan,35,0.3455549999780487
sun3d-hotel_umd-maryland_hotel1,32,5,point_to_plane,0.24222052807083516,1.4859840134449391,0.11364481575629924,0.11129253935545287,0.5115569571250222,0.5115569571250222,0.021261173296617013,50,0.553666499996325
sun3d-hotel_umd-maryland_hotel1,32,5,point_to_point,0.24222052807083516,35.528779979982716,1.3875543993374169,1.2357814363699875,0.3028213753822027,0.30640688508222585,nan,50,0.5481733999913558
sun3d-hotel_umd-maryland_hotel1,18,6,point_to_plane,0.32768573660159933,0.8240248291573363,0.04211530890922108,0.023910173633697143,0.09025305941522495,0.09025305941522495,0.013759267068060112,11,0.13659499998902902
sun3d-hotel_umd-maryland_hotel1,18,6,point_to_point,0.32768573660159933,3.8614843568037065,0.219847969678561,0.16412093254627047,0.10115547005145331,0.10115280321538458,nan,32,0.35113160000764765
sun3d-hotel_umd-maryland_hotel1,8,7,point_to_plane,0.2545003436964183,3.3167578235459243,0.20553767877845522,0.08554700227624612,0.9274150767847821,0.9274150767847821,0.020786072841488878,50,1.4470355000230484
sun3d-hotel_umd-maryland_hotel1,8,7,point_to_point,0.2545003436964183,77.52504422512229,1.901707215730175,2.167230677154359,0.30983659484405546,0.31068449865123543,nan,50,1.1862016000086442
sun3d-hotel_umd-maryland_hotel1,19,7,point_to_plane,0.12157211120465798,2.6443596325327032,0.15160496382974184,0.06530273481029042,0.47055236577290144,0.47055236577290144,0.015577485793478566,10,0.14099860002170317
sun3d-hotel_umd-maryland_hotel1,19,7,point_to_point,0.12157211120465798,66.59548218647967,1.2595238049066249,1.2500126152161382,0.22995588685484541,0.23003566363161312,nan,50,0.5190342999994755
sun3d-hotel_umd-maryland_hotel1,9,8,point_to_plane,0.22336217058353766,1.6404491612014926,0.08031578707848014,0.03171857274787454,0.05490337559901171,0.05490337559901171,0.012232534186705292,10,0.1231887000030838
sun3d-hotel_umd-maryland_hotel1,9,8,point_to_point,0.22336217058353766,2.3895481893908808,0.1710182375053119,0.13622992442250587,0.06218421507358464,0.06218784748492374,nan,50,0.4255981000023894
sun3d-hotel_umd-maryland_hotel1,10,9,point_to_plane,0.05303174940667355,1.729390887935287,0.07803583749314438,0.03213629721128247,0.0635318000394006,0.0635318000394006,0.014689442482570429,6,0.06485929997870699
sun3d-hotel_umd-maryland_hotel1,10,9,point_to_point,0.05303174940667355,4.122513829281927,0.15595460755163337,0.07818974801803517,0.06827031562853719,0.06827293266555264,nan,20,0.1281808999774512
sun3d-hotel_umd-maryland_hotel1,25,9,point_to_plane,0.06600675933854339,1.817426836957487,0.1395025460430883,0.11564601026523648,0.5165672114516483,0.5165672114516483,0.025924370757701945,50,0.38438019997556694
sun3d-hotel_umd-maryland_hotel1,25,9,point_to_point,0.06600675933854339,14.776532851318208,1.6238338169947328,1.657753417014934,0.16566876865667968,0.1656614902290043,nan,42,0.3738567999971565
sun3d-hotel_umd-maryland_hotel1,26,9,point_to_plane,0.1238767633982288,1.6152254485597202,0.1691095069195458,0.1205934579221856,0.240462852836736,0.240462852836736,0.024733151631454557,12,0.12695430000894703
sun3d-hotel_umd-maryland_hotel1,26,9,point_to_point,0.1238767633982288,18.839435358611073,0.9596055967845937,1.0101329119890337,0.1748863191537204,0.17485823766937736,nan,50,0.5182460999931209
sun3d-hotel_umd-maryland_hotel1,26,10,point_to_plane,0.1672256378212308,3.9952774521018544,0.4987094905422126,0.38471443654132165,0.18610422583720046,0.18610422583720046,0.040837718127727275,45,0.4646171000204049
sun3d-hotel_umd-maryland_hotel1,26,10,point_to_point,0.1672256378212308,12.197933947726177,1.0102798526658436,0.7295835422525964,0.1597433163825944,0.15974377928564779,nan,36,0.3569788000022527
sun3d-hotel_umd-maryland_hotel1,29,10,point_to_plane,0.34198831914315786,2.0215124127704405,0.8846903540149995,0.8740015880834421,0.3137652022545815,0.3137652022545815,0.05625102805528831,40,0.394365399988601
sun3d-hotel_umd-maryland_hotel1,29,10,point_to_point,0.34198831914315786,8.92639129681185,0.8070158355931604,0.9969726833968704,0.2585505720194882,0.2585490901912142,nan,50,0.5047369000094477
sun3d-hotel_umd-maryland_hotel1,13,11,point_to_plane,0.1614569485067688,2.701873315830694,0.12508509450807587,0.059244971423530315,0.12787081320332852,0.12787081320332852,0.015174261861688697,11,0.09272329998202622
sun3d-hotel_umd-maryland_hotel1,13,11,point_to_point,0.1614569485067688,1.70876869736776,0.18904222441462618,0.22250826112096656,0.1407438171033136,0.14074105437515944,nan,25,0.20511479998822324
sun3d-hotel_umd-maryland_hotel1,16,12,point_to_plane,0.2818839397701005,2.8975422469425576,0.13653249951037835,0.08564741320459424,0.2950685605799816,0.2950685605799816,0.02804468359230858,50,0.5430323999898974
sun3d-hotel_umd-maryland_hotel1,16,12,point_to_point,0.2818839397701005,32.82162692635441,0.3760540611785703,1.0076473295480464,0.14500761202109044,0.1450134129293646,nan,41,0.4591700999881141
sun3d-hotel_umd-maryland_hotel1,17,12,point_to_plane,0.24943529632424935,1.5354048745220357,0.09096982904077111,0.045491144250758,0.26405297912742,0.26405297912742,0.028177401850474935,23,0.26153429999249056
sun3d-hotel_umd-maryland_hotel1,17,12,point_to_point,0.24943529632424935,39.82505960315378,0.32076450372041365,0.8245313562515337,0.24094152803703647,0.24090162245262747,nan,50,0.6582267000048887
sun3d-hotel_umd-maryland_hotel1,18,13,point_to_plane,0.2732431192580517,1.1797248991012756,0.04654277999785419,0.042476314070827616,0.5207421121359224,0.5207421121359224,0.01675766658783827,14,0.16183310002088547
sun3d-hotel_umd-maryland_hotel1,18,13,point_to_point,0.2732431192580517,27.040405074829298,1.649272373191412,1.3891648872642142,0.20890689455389083,0.2089048042385143,nan,39,0.4646771000116132
sun3d-hotel_umd-maryland_hotel1,22,13,point_to_plane,0.27231161226356293,0.605248847120413,0.029813030969882755,0.0384036577314527,0.27307516058799747,0.27307516058799747,0.020853641584832043,50,0.48628469998948276
sun3d-hotel_umd-maryland_hotel1,22,13,point_to_point,0.27231161226356293,30.32147353742391,1.4428388776812857,0.8527724204411596,0.18831857527020873,0.1883205844564775,nan,43,0.46557700002449565
sun3d-hotel_umd-maryland_hotel1,27,13,point_to_plane,0.22794815296462548,1.6726279993871085,0.06733413832637153,0.03016095393710653,0.2608037492524798,0.2608037492524798,0.02060402679051591,11,0.1272383999894373
sun3d-hotel_umd-maryland_hotel1,27,13,point_to_point,0.22794815296462548,1.972017889271717,0.8256653316181412,0.7917221514405618,0.13281361521387236,0.13281548260816387,nan,36,0.30028030002722517
sun3d-hotel_umd-maryland_hotel1,29,13,point_to_plane,0.2273974568996134,1.524283931979934,0.05411036801445213,0.03423629386343964,0.2511190341913312,0.2511190341913312,0.01965021012302716,50,0.45124130000476725
sun3d-hotel_umd-maryland_hotel1,29,13,point_to_point,0.2273974568996134,5.30954873214567,0.6975108543588323,0.7818635436442424,0.1873334973161527,0.18736940096576418,nan,50,0.4474818000162486
sun3d-hotel_umd-maryland_hotel1,32,13,point_to_plane,0.2029079103245909,1.487736156257939,0.0838523813829772,0.04292619629116365,0.15368133790074584,0.15368133790074584,0.022597467072528177,50,0.4389021999959368
sun3d-hotel_umd-maryland_hotel1,32,13,point_to_point,0.2029079103245909,5.745864319552019,0.2193254039010004,0.12854862878856654,0.16751833258200663,0.16750624879268844,nan,50,0.45597100001759827
sun3d-hotel_umd-maryland_hotel1,15,14,point_to_plane,0.19935672920330189,1.1884378324292422,0.062148060457193316,0.03605520811066528,0.38547382758276666,0.38547382758276666,0.024227777775983242,12,0.10066269998787902
sun3d-hotel_umd-maryland_hotel1,15,14,point_to_point,0.19935672920330189,35.69056489438786,0.42094124075259365,1.0699607538783973,0.18614451301268412,0.18613614817715424,nan,45,0.4201837999862619
sun3d-hotel_umd-maryland_hotel1,23,14,point_to_plane,0.20103330765591748,1.4024718686727728,0.10050240335360645,0.0952028176457595,0.3977409122386177,0.3977409122386177,0.027847839280723007,14,0.12220019998494536
sun3d-hotel_umd-maryland_hotel1,23,14,point_to_point,0.20103330765591748,39.60261189702088,0.9044798448483216,1.2696259965939305,0.22235435055517586,0.22237749452908265,nan,21,0.21274140002788045
sun3d-hotel_umd-maryland_hotel1,24,14,point_to_plane,0.22033549509096345,1.2747208484412875,0.053402098204006695,0.06020487855998297,0.12661162705703774,0.12661162705703774,0.024043388567511193,13,0.10691179998684675
sun3d-hotel_umd-maryland_hotel1,24,14,point_to_point,0.22033549509096345,13.834368300491276,0.12726663061997875,0.33088977801996144,0.11980856616932971,0.1198033614892272,nan,31,0.256225799996173
sun3d-hotel_umd-maryland_hotel1,25,14,point_to_plane,0.17076293197907827,1.4480413805111234,0.05043411358178323,0.07310261136643849,0.10391427333068341,0.10391427333068341,0.024770071174772108,9,0.07443269999930635
sun3d-hotel_umd-maryland_hotel1,25,14,point_to_point,0.17076293197907827,14.041774260410364,0.047467825293058694,0.27576085472534867,0.09903942186833038,0.09903851751169467,nan,39,0.2833816999918781
sun3d-hotel_umd-maryland_hotel1,26,14,point_to_plane,0.2664779552262705,0.5763415527404386,0.14919012888643854,0.1352903089317512,0.2957226700797975,0.2957226700797975,0.02435469935922111,15,0.1475880999932997
sun3d-hotel_umd-maryland_hotel1,26,14,point_to_point,0.2664779552262705,29.74654199918654,0.8263845599500045,0.9005914321264453,0.2219265239184553,0.22191966694594725,nan,50,0.5433746000053361
sun3d-hotel_umd-maryland_hotel1,16,15,point_to_plane,0.17596612847098742,2.9714152811809615,0.12205132137938045,0.06811158242323351,0.2429217908049861,0.2429217908049861,0.01971582187494955,14,0.14957879998837598
sun3d-hotel_umd-maryland_hotel1,16,15,point_to_point,0.17596612847098742,21.73128443514642,0.12645866857016794,0.8427082840655152,0.1534727761608891,0.15345283603625293,nan,50,0.5503997000050731
sun3d-hotel_umd-maryland_hotel1,23,15,point_to_plane,0.29154557593269215,1.606082575064721,0.09179606023997754,0.06709915736707343,0.27349260806651543,0.27349260806651543,0.021880447331337736,20,0.204790400021011
sun3d-hotel_umd-maryland_hotel1,23,15,point_to_point,0.29154557593269215,33.59137377576067,1.2239347346356142,0.6955384968415936,0.28069487849453767,0.2814604461129102,nan,50,0.6219393000064883
sun3d-hotel_umd-maryland_hotel1,17,16,point_to_plane,0.16128842114244424,3.9419066485155065,0.2190945781384049,0.09808058818244121,0.4617091031383752,0.4617091031383752,0.02549794509515684,13,0.1671228999912273
sun3d-hotel_umd-maryland_hotel1,17,16,point_to_point,0.16128842114244424,65.69955193453254,1.3184751927136857,1.8728724143493152,0.16900634411297763,0.16900427797671366,nan,50,0.7649955000088084
sun3d-hotel_umd-maryland_hotel1,23,16,point_to_plane,0.11259597204483969,3.370179249511078,0.19820155452992325,0.09970635388207812,0.34348897744889,0.34348897744889,0.02479097665521527,12,0.13548399999854155
sun3d-hotel_umd-maryland_hotel1,23,16,point_to_point,0.11259597204483969,31.04414169650158,0.8186438475042209,1.1294438615012514,0.23481157386274193,0.23480677313275072,nan,50,0.6350853999902029
sun3d-hotel_umd-maryland_hotel1,22,18,point_to_plane,0.3754239475826009,1.8517266595990847,0.1581018066233548,0.08136057369931517,0.0775291826210327,0.0775291826210327,0.01925095578705659,13,0.14839109999593347
sun3d-hotel_umd-maryland_hotel1,22,18,point_to_point,0.3754239475826009,4.7170115461871776,0.42900858559773236,0.25452048567545976,0.0830516365848787,0.0830526057151877,nan,37,0.378465599991614
sun3d-hotel_umd-maryland_hotel1,21,19,point_to_plane,0.20191321173025617,1.3962456784676243,0.04953343102809051,0.025059187708218553,0.0739382467206417,0.0739382467206417,0.01096849102408446,50,0.28496230000746436
sun3d-hotel_umd-maryland_hotel1,21,19,point_to_point,0.20191321173025617,11.714948844655682,0.21795850544962275,0.2288779723465376,0.08352398710367151,0.08352944704248266,nan,25,0.1323495999968145
sun3d-hotel_umd-maryland_hotel1,31,19,point_to_plane,0.34160246772491526,3.7508897045217044,0.09122216261082147,0.07956745493491786,0.16743929212150296,0.16743929212150296,0.027522153150150372,6,0.07489910000003874
sun3d-hotel_umd-maryland_hotel1,31,19,point_to_point,0.34160246772491526,16.928116324198694,0.47673652751719164,0.34930699353003425,0.1665833650074928,0.16658019870072138,nan,33,0.27550800002063625
sun3d-hotel_umd-maryland_hotel1,21,20,point_to_plane,0.2613035892123189,2.848323369556975,0.07687338342209742,0.03960995855413519,0.35332288407001283,0.35332288407001283,0.019798017028584927,50,0.27056960001937114
sun3d-hotel_umd-maryland_hotel1,21,20,point_to_point,0.2613035892123189,20.22717070890844,0.3565765131787115,0.46876271105281037,0.2897031888843407,0.28970365887542465,nan,14,0.06915359999402426
sun3d-hotel_umd-maryland_hotel1,30,20,point_to_plane,0.22664820814900485,1.8896958754102036,0.05578825065618357,0.04466133919402602,0.6019540791888646,0.6019540791888646,0.02092010982167664,50,0.2880604999954812
sun3d-hotel_umd-maryland_hotel1,30,20,point_to_point,0.22664820814900485,76.51282040118393,2.0735088436164273,1.4628662382934368,0.2070327504892736,0.20703352268585115,nan,47,0.27013310001348145
sun3d-hotel_umd-maryland_hotel1,31,20,point_to_plane,0.11058806077638894,2.2743388156247044,0.06122807347501872,0.04584860992256232,0.5469834622516839,0.5469834622516839,0.025535156138143108,10,0.08674689999315888
sun3d-hotel_umd-maryland_hotel1,31,20,point_to_point,0.11058806077638894,79.99160111216365,2.646595661587849,1.3857822767727916,0.3321745968452895,0.3321761666786546,nan,31,0.26082429999951273
sun3d-hotel_umd-maryland_hotel1,30,21,point_to_plane,0.14670888621271547,3.2212127185821195,0.05576094884602465,0.08375046922428943,0.19522726960500275,0.19522726960500275,0.01815152352122883,8,0.04794189997483045
sun3d-hotel_umd-maryland_hotel1,30,21,point_to_point,0.14670888621271547,11.0183104303545,0.6126631597550359,0.34501015058952034,0.17345359930899978,0.17345401002228567,nan,45,0.2711575000139419
sun3d-hotel_umd-maryland_hotel1,31,21,point_to_plane,0.357676200115405,3.030973079165987,0.04656170932983032,0.06013827644707043,0.12718055957587998,0.12718055957587998,0.02573504707278177,10,0.08096980000846088
sun3d-hotel_umd-maryland_hotel1,31,21,point_to_point,0.357676200115405,10.518911416610502,0.34228601791872737,0.18088874576877773,0.12987071634424427,0.12987442027408813,nan,18,0.1281036000000313
sun3d-hotel_umd-maryland_hotel1,25,24,point_to_plane,0.05342708092945815,0.27159710777077406,0.01962175260127896,0.018419421058785967,0.11652814870113572,0.11652814870113572,0.0178946480086844,13,0.10171809999155812
sun3d-hotel_umd-maryland_hotel1,25,24,point_to_point,0.05342708092945815,14.466110104169507,0.10442310628734627,0.29093781109080274,0.11289580506529809,0.11289307551427867,nan,50,0.4066624999977648
sun3d-hotel_umd-maryland_hotel1,26,24,point_to_plane,0.23235802186712973,0.8275209874109658,0.058804643545454234,0.05955738265190223,0.3615236275463562,0.3615236275463562,0.018918714070454826,11,0.11393530000350438
sun3d-hotel_umd-maryland_hotel1,26,24,point_to_point,0.23235802186712973,48.75368417214244,0.8494469881946908,1.3449333039165778,0.18902154821858083,0.18993828814008643,nan,50,0.5948483999818563
sun3d-hotel_umd-maryland_hotel1,26,25,point_to_plane,0.16252141270238,1.5395637963862505,0.02895568635145894,0.03864119887816621,0.15531921970651616,0.15531921970651616,0.02046812997601527,13,0.13190549999126233
sun3d-hotel_umd-maryland_hotel1,26,25,point_to_point,0.16252141270238,15.443685186229992,0.6320285488399663,0.4199824216887146,0.16717761012187188,0.16715621345459172,nan,50,0.5415812999999616
sun3d-hotel_umd-maryland_hotel1,29,25,point_to_plane,0.08893093364218117,1.4486438662344456,0.06887983976184651,0.07125084474605427,0.5753275781975515,0.5753275781975515,0.014988595743400399,50,0.514058800006751
sun3d-hotel_umd-maryland_hotel1,29,25,point_to_point,0.08893093364218117,46.65008191468564,2.309471486360736,1.6656543799121495,0.19876151952241833,0.20065792200575028,nan,50,0.5801769999961834
sun3d-hotel_umd-maryland_hotel1,29,26,point_to_plane,0.10743030342847242,1.6646681597165618,0.07999408141415021,0.03533408245042628,0.222598838983414,0.222598838983414,0.01186287044914351,8,0.0785436000151094
sun3d-hotel_umd-maryland_hotel1,29,26,point_to_point,0.10743030342847242,32.943750609534405,1.6205795069674884,0.8741843661596226,0.17821030440333677,0.17816990748139563,nan,45,0.4630343999888282
sun3d-hotel_umd-maryland_hotel1,28,27,point_to_plane,0.18867283048379097,0.5878857753655563,0.02981169162159583,0.017748238279213537,0.213363160856034,0.213363160856034,0.015129419678630983,7,0.08523939998121932
sun3d-hotel_umd-maryland_hotel1,28,27,point_to_point,0.18867283048379097,37.16394411917301,0.22061685017785837,0.8142752815781044,0.21011212828580533,0.20991508950431642,nan,50,0.4960694999899715
sun3d-hotel_umd-maryland_hotel1,29,27,point_to_plane,0.03916353919425331,1.170744197310525,0.04475170745909226,0.028717723121557976,0.20968310714134905,0.20968310714134905,0.016751845491297428,6,0.05738889999338426
sun3d-hotel_umd-maryland_hotel1,29,27,point_to_point,0.03916353919425331,8.855198568415998,0.9442693358869562,0.6360380293411244,0.1745096497873611,0.1746097532309496,nan,50,0.5213436000049114
sun3d-hotel_umd-maryland_hotel1,32,27,point_to_plane,0.24198225007863788,0.9424734332956748,0.05842523074202884,0.0455571601910689,0.17388130577935437,0.17388130577935437,0.010204728505148251,8,0.07493789997533895
sun3d-hotel_umd-maryland_hotel1,32,27,point_to_point,0.24198225007863788,11.252583585004087,0.7676655080927788,0.7377641641672685,0.1275412091804475,0.12755734678515826,nan,50,0.44445829998585396
sun3d-hotel_umd-maryland_hotel1,29,28,point_to_plane,0.1519358180760549,3.0489510442252366,0.19185172748331997,0.10311231313878987,0.5706420804659277,0.5706420804659277,0.024822904104453286,12,0.13771949999500066
sun3d-hotel_umd-maryland_hotel1,29,28,point_to_point,0.1519358180760549,36.191925118742056,0.4680280516932815,1.4150145336325504,0.23339547356283566,0.23343325975375356,nan,50,0.5375273000099696
sun3d-hotel_umd-maryland_hotel1,32,28,point_to_plane,0.29156365014431707,0.7765529030340617,0.029359096688238728,0.02359164833019855,0.3185997693364175,0.3185997693364175,0.014561237599356472,9,0.09943670002394356
sun3d-hotel_umd-maryland_hotel1,32,28,point_to_point,0.29156365014431707,48.7775117957306,1.2781775837271487,1.1094578234930792,0.1890768242437721,0.18914803362177332,nan,50,0.5526024000137113
sun3d-hotel_umd-maryland_hotel1,32,29,point_to_plane,0.2965216881355052,0.7203288402487062,0.04536028064515475,0.023092271658084657,0.3288492091319255,0.3288492091319255,0.014454412362103286,9,0.1000857999897562
sun3d-hotel_umd-maryland_hotel1,32,29,point_to_point,0.2965216881355052,19.273161747093237,1.247094616830144,1.0676244199011886,0.23444723729010652,0.23446027123906701,nan,50,0.5612385999993421
sun3d-hotel_umd-maryland_hotel1,31,30,point_to_plane,0.2201833134370412,0.3222890866157525,0.012639522923471397,0.007651262729302571,0.2386501948115783,0.2386501948115783,0.013623636313633163,6,0.055793299979995936
sun3d-hotel_umd-maryland_hotel1,31,30,point_to_point,0.2201833134370412,24.660589823086674,0.46853265382003234,0.6231595690626589,0.21826356542629224,0.21828598204976724,nan,50,0.4999460000253748
sun3d-hotel_umd-maryland_hotel1,35,33,point_to_plane,0.2781041755133005,0.5969761271454803,0.01612327023690714,0.012384461260981387,0.05479127843249144,0.05479127843249144,0.009810638545404801,10,0.0577532000024803
sun3d-hotel_umd-maryland_hotel1,35,33,point_to_point,0.2781041755133005,5.312773194976069,0.06905015652536153,0.14461150083526048,0.06557545517728194,0.0655921011012106,nan,33,0.11773580001317896
sun3d-hotel_umd-maryland_hotel1,37,36,point_to_plane,0.2424648261792766,0.3621833932437649,0.019959463970570763,0.022600043749086328,0.12992672633183325,0.12992672633183325,0.01100138170956481,9,0.07687049999367446
sun3d-hotel_umd-maryland_hotel1,37,36,point_to_point,0.2424648261792766,12.316647379743628,0.3023134593178759,0.26560797300303746,0.13793135462120668,0.13791977262878458,nan,50,0.35425629999372177
sun3d-hotel_umd-maryland_hotel1,39,38,point_to_plane,0.28335647595812746,1.1321235529441307,0.036216735363127826,0.029737973946623322,0.23393461692658798,0.23393461692658798,0.013506083009034766,7,0.05230700000538491
sun3d-hotel_umd-maryland_hotel1,39,38,point_to_point,0.28335647595812746,47.58634900029274,1.0176822552259603,0.6771570757185018,0.1921464941669995,0.19220495918950153,nan,50,0.2597058000101242
sun3d-hotel_umd-maryland_hotel1,40,38,point_to_plane,0.2502339638827711,2.058136239951525,0.04960485916960662,0.04584066971410194,0.35884335783894844,0.35884335783894844,0.01646520687588458,11,0.06722120000631548
sun3d-hotel_umd-maryland_hotel1,40,38,point_to_point,0.2502339638827711,22.00526891378785,1.2019888293652394,0.6949305437477331,0.19638505645526858,0.19633690687477182,nan,50,0.23429520000354387
sun3d-hotel_umd-maryland_hotel1,41,38,point_to_plane,0.24756620066168947,2.158953840956207,0.04943005234329184,0.028630559844672183,0.08120086869994295,0.08120086869994295,0.009575091611365369,50,0.18242620001547039
sun3d-hotel_umd-maryland_hotel1,41,38,point_to_point,0.24756620066168947,8.188615963101505,0.1361902697437759,0.20745086272586005,0.08154124021901905,0.08152477860943864,nan,36,0.10082310001598671
sun3d-hotel_umd-maryland_hotel1,56,38,point_to_plane,0.17749547997538273,2.2708897462899285,0.12057773274391625,0.06686624452837357,0.5864408384815641,0.5864408384815641,0.02006377296206693,50,0.46144910002476536
sun3d-hotel_umd-maryland_hotel1,56,38,point_to_point,0.17749547997538273,108.3965246906546,3.0806941662092195,1.422751466538195,0.3887856220217146,0.3931948577598872,nan,50,0.48871919998782687
sun3d-hotel_umd-maryland_hotel1,40,39,point_to_plane,0.23520880548625125,0.31159530123212975,0.005222083783506707,0.004598594318492424,0.045520330650371574,0.045520330650371574,0.008138647251917458,13,0.05758449999848381
sun3d-hotel_umd-maryland_hotel1,40,39,point_to_point,0.23520880548625125,1.2733868594390407,0.15097789057845723,0.13651222180789194,0.04993354237317375,0.049925812143092836,nan,23,0.09247159998631105
sun3d-hotel_umd-maryland_hotel1,41,39,point_to_plane,0.21983564957072096,1.2352467880713345,0.04585378891596188,0.0342617047563829,0.1990069393868083,0.1990069393868083,0.012281707171460649,12,0.044493099994724616
sun3d-hotel_umd-maryland_hotel1,41,39,point_to_point,0.21983564957072096,43.56481849436314,0.24801354943016704,0.6380560037677437,0.12611815413673885,0.12610432021129334,nan,50,0.19223909999709576
sun3d-hotel_umd-maryland_hotel1,56,39,point_to_plane,0.2028828922404631,0.8055255072925445,0.060178947385803754,0.03545587067023133,0.4003725856981736,0.4003725856981736,0.021097711048383056,9,0.09953300000051968
sun3d-hotel_umd-maryland_hotel1,56,39,point_to_point,0.2028828922404631,37.51006516116986,1.6546861544274534,0.8414252487413392,0.3512487323388371,0.35127732808674605,nan,24,0.27395610001985915
sun3d-hotel_umd-maryland_hotel1,56,40,point_to_plane,0.27131651685999875,2.210678414583746,0.03718954180301896,0.042893054484796564,0.3918674999337731,0.3918674999337731,0.02810023831293685,15,0.1503192999807652
sun3d-hotel_umd-maryland_hotel1,56,40,point_to_point,0.27131651685999875,39.66168949438281,1.6305482927197257,0.8195708376939477,0.3181504536095663,0.3181405382311835,nan,33,0.3280015000200365
sun3d-hotel_umd-maryland_hotel1,56,41,point_to_plane,0.13154306897153978,2.152948380055034,0.14251331639274806,0.09090299280708307,0.6589968466664773,0.6589968466664773,0.028991857181819347,50,0.3884535999968648
sun3d-hotel_umd-maryland_hotel1,56,41,point_to_point,0.13154306897153978,49.465825216552616,3.0350957920556,1.198284305657859,0.3943582612696137,0.39437238460965923,nan,50,0.4759431999991648
sun3d-hotel_umd-maryland_hotel1,43,42,point_to_plane,0.20513389692982847,2.2129496092227257,0.05032193184570478,0.041350322245552164,0.176848898671613,0.176848898671613,0.016846335981714703,10,0.11357340001268312
sun3d-hotel_umd-maryland_hotel1,43,42,point_to_point,0.20513389692982847,25.119053677632998,0.5379044897035155,0.41586356093205384,0.1744708888925254,0.17446533393354835,nan,29,0.2256203999859281
sun3d-hotel_umd-maryland_hotel1,44,43,point_to_plane,0.24289814416417638,2.3786219422807733,0.08345842329221316,0.042004754876241,0.3663706088147591,0.3663706088147591,0.01695885071220901,11,0.10237539999070577
sun3d-hotel_umd-maryland_hotel1,44,43,point_to_point,0.24289814416417638,24.280418780299634,0.3831123975340413,0.9165054926822607,0.15710616022049123,0.15706062848385277,nan,50,0.29218310001306236
sun3d-hotel_umd-maryland_hotel1,48,44,point_to_plane,0.31451422565253984,1.8526879467892636,0.017218908790729154,0.04103119355879858,0.02673288945535397,0.02673288945535397,0.011853184239557833,14,0.07974129999638535
sun3d-hotel_umd-maryland_hotel1,48,44,point_to_point,0.31451422565253984,2.956872408783697,0.016709110885452575,0.05895568077209914,0.024376235431821203,0.024376984808447376,nan,22,0.07310030001099221
sun3d-hotel_umd-maryland_hotel1,47,45,point_to_plane,0.21978398369811203,1.466924278567761,0.04519713952242458,0.02653337653632845,0.036288295726102725,0.036288295726102725,0.015278775850007887,12,0.05116599999018945
sun3d-hotel_umd-maryland_hotel1,47,45,point_to_point,0.21978398369811203,2.146116393225503,0.04823566980435486,0.03661209143063765,0.036700938743381796,0.036701592007038944,nan,23,0.07236690001445822
sun3d-hotel_umd-maryland_hotel1,47,46,point_to_plane,0.1960427569102461,4.07815400100749,0.04347212709456616,0.0753903899810349,0.6962048858509446,0.6962048858509446,0.007266118111412842,50,0.15350660000694916
sun3d-hotel_umd-maryland_hotel1,47,46,point_to_point,0.1960427569102461,86.13270279329232,1.0250267712866128,1.4057726735874843,0.23235940216500636,0.23237274190301677,nan,50,0.12416119998670183
sun3d-hotel_umd-maryland_hotel1,56,46,point_to_plane,0.31684783589231563,6.100962713220033,0.12044923405197772,0.15036666086984457,1.1141790888353984,1.1141790888353984,0.015771995484643097,13,0.12219990001176484
sun3d-hotel_umd-maryland_hotel1,56,46,point_to_point,0.31684783589231563,128.69591395070836,2.9856470034145697,1.7773498931522576,0.43782210969568586,0.43782244362891287,nan,30,0.22189889999572188
sun3d-hotel_umd-maryland_hotel1,50,49,point_to_plane,0.250583023555426,2.658398056490982,0.09359177935990692,0.06356088598893635,0.3407583907561015,0.3407583907561015,0.014910380518572535,13,0.06767170000239275
sun3d-hotel_umd-maryland_hotel1,50,49,point_to_point,0.250583023555426,46.041119662491276,0.38962665764354343,0.8623891003162759,0.21416603254263636,0.21414797463583274,nan,50,0.23273550000158139
sun3d-hotel_umd-maryland_hotel1,51,49,point_to_plane,0.2289754102891871,1.2743849914865728,0.027117618791141787,0.019876945761901212,0.15409218946559827,0.15409218946559827,0.008668905956324819,8,0.04063550001592375
sun3d-hotel_umd-maryland_hotel1,51,49,point_to_point,0.2289754102891871,22.141087030540767,0.15954313513995033,0.4290758540227704,0.1215895993517625,0.1215093178228112,nan,50,0.1741250999912154
sun3d-hotel_umd-maryland_hotel1,52,49,point_to_plane,0.12767654182716506,0.8439133465373483,0.023064559839230704,0.03471002280668657,0.3614297053716575,0.3614297053716575,0.006331850944224209,50,0.20853920001536608
sun3d-hotel_umd-maryland_hotel1,52,49,point_to_point,0.12767654182716506,58.29444810251281,0.5354063569648453,1.0581487377351004,0.09912115598057285,0.09940446740070844,nan,50,0.1675962999870535
sun3d-hotel_umd-maryland_hotel1,53,49,point_to_plane,0.17186103025226335,5.469670757619965,0.08906326916112345,0.12938280162990698,0.2248329986233297,0.2248329986233297,0.0383147144526577,50,0.21891510000568815
sun3d-hotel_umd-maryland_hotel1,53,49,point_to_point,0.17186103025226335,49.85203502579392,0.581906670386203,0.8109236234429315,0.14830945493936448,0.14838107598135222,nan,50,0.19466290000127628
sun3d-hotel_umd-maryland_hotel1,55,49,point_to_plane,0.30102729102301895,10.698404665365736,0.20039974219270393,0.2724735189326533,0.7372592624033355,0.7372592624033355,0.03636264764793287,50,0.32184800002141856
sun3d-hotel_umd-maryland_hotel1,55,49,point_to_point,0.30102729102301895,32.29388112620007,1.8645179566088768,1.383243046166529,0.3086990282733269,0.3086990584291748,nan,39,0.23512379999738187
sun3d-hotel_umd-maryland_hotel1,51,50,point_to_plane,0.15448558590425698,4.636029327697618,0.07730536827624354,0.0775045503163551,0.10455816376642085,0.10455816376642085,0.024508058617957608,11,0.04284700000425801
sun3d-hotel_umd-maryland_hotel1,51,50,point_to_point,0.15448558590425698,19.531429311994202,0.21042409125864564,0.28698293040465506,0.11989472619340505,0.11986099528345127,nan,50,0.1796467000094708
sun3d-hotel_umd-maryland_hotel1,52,50,point_to_plane,0.2555321028320915,5.094531990692224,0.19693520034026799,0.26440349059755125,0.17947616858452228,0.17947616858452228,0.045996560933100235,50,0.18083369999658316
sun3d-hotel_umd-maryland_hotel1,52,50,point_to_point,0.2555321028320915,47.76874120228628,0.5806930502301024,0.7500523522998783,0.1471346598322761,0.1479107828718842,nan,50,0.1961991999996826
sun3d-hotel_umd-maryland_hotel1,53,50,point_to_plane,0.19850419641426256,1.81835887964026,0.052062792253499225,0.044221199597144926,0.1774930467065587,0.1774930467065587,0.014319214413046137,50,0.16946209999150597
sun3d-hotel_umd-maryland_hotel1,53,50,point_to_point,0.19850419641426256,27.69469630979785,0.5334682054333992,0.31875470890866336,0.14211008037418146,0.14209380450199086,nan,19,0.06749560000025667
sun3d-hotel_umd-maryland_hotel1,54,50,point_to_plane,0.33025018379951726,3.1778371266787726,0.07950069126829183,0.05989310442259177,0.357379428584653,0.357379428584653,0.01442595740944963,19,0.11974140000529587
sun3d-hotel_umd-maryland_hotel1,54,50,point_to_point,0.33025018379951726,43.88913010107107,0.9778457529218064,1.0887640972372494,0.23718712553465912,0.23715381783375622,nan,50,0.2394276999984868
sun3d-hotel_umd-maryland_hotel1,52,51,point_to_plane,0.164818860618243,6.201914862349525,0.24123123507955427,0.3178919197051162,0.07575071841976432,0.07575071841976432,0.040371858647773914,41,0.1218726999941282
sun3d-hotel_umd-maryland_hotel1,52,51,point_to_point,0.164818860618243,8.80751764594285,0.3535476202026135,0.4130547069812589,0.0746796033454187,0.07466215218200727,nan,50,0.13810370001010597
sun3d-hotel_umd-maryland_hotel1,53,51,point_to_plane,0.19692690712626362,2.8366379069645613,0.1027710777839835,0.052398934527673593,0.3133065416368391,0.3133065416368391,0.026500268190196626,11,0.040359699982218444
sun3d-hotel_umd-maryland_hotel1,53,51,point_to_point,0.19692690712626362,42.76821010176119,0.5430148702726887,0.7909812527486211,0.1563114665162649,0.15629127423664385,nan,29,0.09997229999862611
sun3d-hotel_umd-maryland_hotel1,54,51,point_to_plane,0.2755261602642842,6.4263645670162965,0.23096654007943493,0.16941551154279647,0.5803264679236123,0.5803264679236123,0.03823958872009621,33,0.1498522000038065
sun3d-hotel_umd-maryland_hotel1,54,51,point_to_point,0.2755261602642842,9.171876310041629,1.1129113320880721,1.2983023951580916,0.3018792046042795,0.3018844683122342,nan,50,0.2190847999881953
sun3d-hotel_umd-maryland_hotel1,54,53,point_to_plane,0.22500737066045629,4.431304223775985,0.1887512415702653,0.10545288050663258,0.4866243290213308,0.4866243290213308,0.01822672148583086,13,0.05971000000135973
sun3d-hotel_umd-maryland_hotel1,54,53,point_to_point,0.22500737066045629,6.883168171431113,0.9288826607813607,0.8574922638130852,0.3019646734929391,0.3019639221327352,nan,28,0.1384824000124354
sun3d-hotel_umd-maryland_hotel1,55,53,point_to_plane,0.33357122704383585,1.19822020486094,0.014080442882155044,0.027414907651786877,0.2662082672191266,0.2662082672191266,0.014078611401562127,15,0.07403550000162795
sun3d-hotel_umd-maryland_hotel1,55,53,point_to_point,0.33357122704383585,65.91660333394705,0.6644081325802836,1.0396289097182145,0.2614361455136304,0.26160938911515896,nan,50,0.2980393999896478
sun3d-hotel_umd-maryland_hotel3,1,0,point_to_plane,0.1866945074266036,1.7745538070583449,0.05619808951251125,0.034629369560366045,0.18611560762006768,0.18611560762006768,0.01489306374899436,50,0.5218356999976095
sun3d-hotel_umd-maryland_hotel3,1,0,point_to_point,0.1866945074266036,9.733706408253184,0.8859346533096221,0.8981892665361968,0.11837285953165627,0.11840116537386258,nan,50,0.5658883000141941
sun3d-hotel_umd-maryland_hotel3,12,0,point_to_plane,0.14010708137371472,3.4588827167311025,0.0801033970361579,0.07901477437891917,0.30476079461153255,0.30476079461153255,0.016580433938757605,50,0.6277103000029456
sun3d-hotel_umd-maryland_hotel3,12,0,point_to_point,0.14010708137371472,10.363013537118967,0.6321131550398331,0.9806709694835486,0.14734908087954637,0.1474912921610605,nan,50,0.6901826999965124
sun3d-hotel_umd-maryland_hotel3,3,2,point_to_plane,0.21911792027930865,3.1911902781635835,0.13439240801548713,0.07868227414757788,0.4636995283322716,0.4636995283322716,0.021201836974974624,14,0.19231630000285804
sun3d-hotel_umd-maryland_hotel3,3,2,point_to_point,0.21911792027930865,47.99595839560132,0.5067495979656377,1.44195651446083,0.23118344578795094,0.23267658987672488,nan,50,0.6994330000015907
sun3d-hotel_umd-maryland_hotel3,4,3,point_to_plane,0.254527584419282,3.036497797281835,0.05365143823235959,0.05057367298999979,0.07891078517953826,0.07891078517953826,0.02045173804120304,21,0.22612529998878017
sun3d-hotel_umd-maryland_hotel3,4,3,point_to_point,0.254527584419282,6.147909314911437,0.09521433991387354,0.18310182103477748,0.08617921062452674,0.08617066929503837,nan,37,0.34044580001500435
sun3d-hotel_umd-maryland_hotel3,5,4,point_to_plane,0.2335028081146436,2.405784568807208,0.06367358902248318,0.04690362610911279,0.19621385307049263,0.19621385307049263,0.02673147426530503,15,0.1913518999936059
sun3d-hotel_umd-maryland_hotel3,5,4,point_to_point,0.2335028081146436,27.295846332530456,0.3493900115985785,0.7270407999444609,0.17515822114566051,0.17512945242997388,nan,50,0.518748999980744
sun3d-hotel_umd-maryland_hotel3,6,5,point_to_plane,0.2564478472183157,0.8594060158250239,0.038231297032345464,0.02527944395949255,0.1750970326675066,0.1750970326675066,0.011347417065708451,14,0.15527809999184683
sun3d-hotel_umd-maryland_hotel3,6,5,point_to_point,0.2564478472183157,30.973910158368078,0.5169786671094846,0.5860805984510107,0.16817146635730534,0.16816998415482903,nan,50,0.4460747999837622
sun3d-hotel_umd-maryland_hotel3,7,6,point_to_plane,0.2722688610405623,0.8652215136323307,0.03390358328671479,0.019184286952790376,0.19494656587759956,0.19494656587759956,0.008985767323222298,13,0.10966729998472147
sun3d-hotel_umd-maryland_hotel3,7,6,point_to_point,0.2722688610405623,10.314132787134314,0.9638461496995573,0.752210859554722,0.15008022570756077,0.15003424544186028,nan,41,0.23914379999041557
sun3d-hotel_umd-maryland_hotel3,8,7,point_to_plane,0.24171854198581638,1.7656012677891737,0.1499126801177383,0.09489649205075028,0.4595887679340507,0.4595887679340507,0.015732631188269966,9,0.0853056000196375
sun3d-hotel_umd-maryland_hotel3,8,7,point_to_point,0.24171854198581638,29.043096625894503,1.0285513871680312,1.1986232857810941,0.24552531793173457,0.24553359105105166,nan,50,0.440169599984074
sun3d-hotel_umd-maryland_hotel3,9,8,point_to_plane,0.19179957624150806,2.2997430273387898,0.11716166471773659,0.05025577202836044,0.2697421234458006,0.2697421234458006,0.01570489157759234,9,0.1431559000047855
sun3d-hotel_umd-maryland_hotel3,9,8,point_to_point,0.19179957624150806,7.26552598308692,0.5615380945277266,0.41234318995069574,0.26756994921689153,0.26764049248227223,nan,20,0.24930879997555166
sun3d-hotel_umd-maryland_hotel3,10,8,point_to_plane,0.13155852955241013,4.826828479701303,0.25947050646066877,0.12296635077426112,0.4752106041424244,0.4752106041424244,0.01872356222682483,7,0.11279189999913797
sun3d-hotel_umd-maryland_hotel3,10,8,point_to_point,0.13155852955241013,96.03279849188854,0.5787621531517411,1.6584242035768915,0.16487072746245793,0.16491600195860434,nan,50,0.5114694999938365
sun3d-hotel_umd-maryland_hotel3,15,8,point_to_plane,0.23444820087113047,2.193290537029716,0.08016185236601596,0.03657392032874971,0.19885859096133476,0.19885859096133476,0.01226423510879848,10,0.10516680000000633
sun3d-hotel_umd-maryland_hotel3,15,8,point_to_point,0.23444820087113047,23.873565461307596,0.9329742708192886,0.9567630315855138,0.1779129573410871,0.17791127093080158,nan,50,0.4875936000025831
sun3d-hotel_umd-maryland_hotel3,16,8,point_to_plane,0.4292805630014372,2.999630219386656,0.07136102750124913,0.05704288988720442,0.5741104199463214,0.5741104199463214,0.01256411201165741,17,0.2087718999828212
sun3d-hotel_umd-maryland_hotel3,16,8,point_to_point,0.4292805630014372,46.670287155726655,2.059838354150285,1.6105391287713076,0.22242770812117157,0.2226394854599608,nan,50,0.4928217999986373
sun3d-hotel_umd-maryland_hotel3,14,10,point_to_plane,0.24789591914735928,1.3870339321585647,0.015144982432556508,0.052649890607207775,0.12865994418753113,0.12865994418753113,0.017622132751913596,13,0.13781379998545162
sun3d-hotel_umd-maryland_hotel3,14,10,point_to_point,0.24789591914735928,10.086940821693885,0.21234492957533588,0.2838346388308872,0.15003179899919988,0.1500298461893952,nan,30,0.24614209998981096
sun3d-hotel_umd-maryland_hotel3,15,10,point_to_plane,0.19771503129815046,2.7772266164459487,0.11366643203164162,0.04945873284364748,0.13964952664738906,0.13964952664738906,0.019123487878078476,10,0.07890009999391623
sun3d-hotel_umd-maryland_hotel3,15,10,point_to_point,0.19771503129815046,20.12572349219586,0.4985105192494938,0.33856794480956537,0.17273359343979677,0.17274373919314953,nan,45,0.38650319998851046
sun3d-hotel_umd-maryland_hotel3,16,10,point_to_plane,0.2934938535598028,1.1549063208646897,0.02604288865954797,0.03768772932362511,0.27062057995760463,0.27062057995760463,0.02307397345836432,50,0.39109869999811053
sun3d-hotel_umd-maryland_hotel3,16,10,point_to_point,0.2934938535598028,29.87623013628366,1.4145386157933402,0.8228277512054492,0.16992307564069575,0.16992571667948683,nan,38,0.32203199999639764
sun3d-hotel_umd-maryland_hotel3,12,11,point_to_plane,0.2701644854119905,1.2323815989720757,0.047120669189752475,0.026563815545419655,0.27340540772621613,0.27340540772621613,0.019411247576844332,9,0.15206140000373125
sun3d-hotel_umd-maryland_hotel3,12,11,point_to_point,0.2701644854119905,53.04701929547101,1.1225867478139142,0.9674089329341928,0.18857948240378933,0.18863709046574065,nan,50,0.6918347999744583
sun3d-hotel_umd-maryland_hotel3,13,11,point_to_plane,0.23562481559289672,1.2159690895361877,0.05358815210674212,0.025560928077801366,0.11859309586268652,0.11859309586268652,0.018530952531765964,11,0.1503454000048805
sun3d-hotel_umd-maryland_hotel3,13,11,point_to_point,0.23562481559289672,3.992834804211925,0.32070408473547285,0.19613307470685276,0.1250446466051803,0.12503961266605945,nan,50,0.5270231000031345
sun3d-hotel_umd-maryland_hotel3,13,12,point_to_plane,0.15587791443636748,1.263711672658022,0.06417477979425563,0.025614787528027396,0.14741138921072433,0.14741138921072433,0.016519563690101914,8,0.09475660001044162
sun3d-hotel_umd-maryland_hotel3,13,12,point_to_point,0.15587791443636748,17.08373521909608,0.31313473991829677,0.5104253679764665,0.14864166196082304,0.14860393500135882,nan,50,0.6154326999967452
sun3d-hotel_umd-maryland_hotel3,15,14,point_to_plane,0.23457877652366504,2.5065824059258897,0.07668725132349286,0.07610251886701944,0.31171289499001903,0.31171289499001903,0.020368929819730437,50,0.38476829999126494
sun3d-hotel_umd-maryland_hotel3,15,14,point_to_point,0.23457877652366504,22.682659667189963,0.3684708458840166,0.7597913501195668,0.23352236247019822,0.23352803895350752,nan,33,0.2953165000071749
sun3d-hotel_umd-maryland_hotel3,16,15,point_to_plane,0.16272941212068934,0.3054219146322208,0.010462562870208815,0.014221428971445581,0.17053019860548302,0.17053019860548302,0.016742459426859372,13,0.10219400000642054
sun3d-hotel_umd-maryland_hotel3,16,15,point_to_point,0.16272941212068934,25.030967875470708,0.23981860704116342,0.39515246355710304,0.16918672995553496,0.16913866004512773,nan,14,0.10663009999552742
sun3d-hotel_umd-maryland_hotel3,17,16,point_to_plane,0.07668205013535627,0.7209443809268931,0.01449082896793004,0.023976241939140077,0.2301786295511961,0.2301786295511961,0.012724465049572921,12,0.13182040001265705
sun3d-hotel_umd-maryland_hotel3,17,16,point_to_point,0.07668205013535627,6.807957967949066,0.5385552481310076,0.6154965693468653,0.20321734375631467,0.20321321219551292,nan,46,0.423328600008972
sun3d-hotel_umd-maryland_hotel3,18,17,point_to_plane,0.15339133861997858,3.022188406814494,0.11707028624113434,0.047676048906496155,0.22479546614054344,0.22479546614054344,0.01668244462710713,12,0.10328260000096634
sun3d-hotel_umd-maryland_hotel3,18,17,point_to_point,0.15339133861997858,9.787118408637365,0.7848859286174378,0.4990964551813315,0.15563252930983265,0.15563249320862035,nan,27,0.181433299992932
sun3d-hotel_umd-maryland_hotel3,19,17,point_to_plane,0.2360023861811453,2.289787963846135,0.0293413128583237,0.029123372633474184,0.055381995496425744,0.055381995496425744,0.01395459551928585,14,0.10261309999623336
sun3d-hotel_umd-maryland_hotel3,19,17,point_to_point,0.2360023861811453,4.028683801807224,0.1074261224099344,0.10203768043900284,0.05951915904260611,0.05951972082287753,nan,20,0.09762280000722967
sun3d-hotel_umd-maryland_hotel3,19,18,point_to_plane,0.07463620740756122,1.9124154335497368,0.031128999818359485,0.028076023756230768,0.062197366689616396,0.062197366689616396,0.012793580689322105,11,0.0574237999971956
sun3d-hotel_umd-maryland_hotel3,19,18,point_to_point,0.07463620740756122,6.134954555509284,0.08961991317631825,0.10205030910644064,0.06622861815462228,0.06621098037412192,nan,11,0.05297900000005029
sun3d-hotel_umd-maryland_hotel3,20,19,point_to_plane,0.0983672405222541,1.5509841249894187,0.05649892711785073,0.03680037860841588,0.271109691979062,0.271109691979062,0.009496049403631837,5,0.03751850000116974
sun3d-hotel_umd-maryland_hotel3,20,19,point_to_point,0.0983672405222541,17.409027911849293,1.3259195387149136,1.0012793393483292,0.2303870120594343,0.2303423207367766,nan,50,0.3338819000055082
sun3d-hotel_umd-maryland_hotel3,21,20,point_to_plane,0.29494953511924854,6.343473669517184,0.06899710210079055,0.15423115783373376,0.40215354248327057,0.40215354248327057,0.031067893857600243,35,0.3176097999967169
sun3d-hotel_umd-maryland_hotel3,21,20,point_to_point,0.29494953511924854,16.08571137215289,1.0647993136059872,0.8496748117907313,0.22770935726217797,0.22770917046084868,nan,36,0.3196821000019554
sun3d-hotel_umd-maryland_hotel3,22,21,point_to_plane,0.1518627459959294,2.1922041063377122,0.07809393493007993,0.04156329712110847,0.29543081068695093,0.29543081068695093,0.013361439779631784,8,0.11055260000284761
sun3d-hotel_umd-maryland_hotel3,22,21,point_to_point,0.1518627459959294,65.7536342529498,1.3646505122983161,1.1814294122317752,0.17287526960111912,0.17296277619001746,nan,50,0.5789132000063546
sun3d-hotel_umd-maryland_hotel3,28,21,point_to_plane,0.20159670199928562,2.3472243872090575,0.02522170219778637,0.042891650986889844,0.059033819290445336,0.059033819290445336,0.010474797277463631,8,0.06190860000788234
sun3d-hotel_umd-maryland_hotel3,28,21,point_to_point,0.20159670199928562,21.17461525438289,0.3765152509193776,0.30474141235652563,0.10227066002700742,0.10211041015552706,nan,50,0.2590098999789916
sun3d-hotel_umd-maryland_hotel3,23,22,point_to_plane,0.1581417542822713,0.6671456765986955,0.008717370185098836,0.016868403783662313,0.021621729718007805,0.021621729718007805,0.009035914265276312,13,0.12239890001364984
sun3d-hotel_umd-maryland_hotel3,23,22,point_to_point,0.1581417542822713,0.5183481876709275,0.003510618123146488,0.015908922984585634,0.02164364388794797,0.021644563996424514,nan,33,0.1930997000017669
sun3d-hotel_umd-maryland_hotel3,29,22,point_to_plane,0.1282936432509304,1.2528415131852269,0.03438197695860679,0.049537789619943234,0.025167893986722176,0.025167893986722176,0.01110785410336713,9,0.08271210000384599
sun3d-hotel_umd-maryland_hotel3,29,22,point_to_point,0.1282936432509304,1.6486903424197714,0.05024529960000889,0.06541369358210117,0.02576346559301683,0.02576342467602706,nan,29,0.1431284999998752
sun3d-hotel_umd-maryland_hotel3,28,23,point_to_plane,0.29612330550663485,1.4685949693658833,0.03703614896695095,0.024025695005334784,0.15600058291488347,0.15600058291488347,0.010798865876770786,10,0.04932260001078248
sun3d-hotel_umd-maryland_hotel3,28,23,point_to_point,0.29612330550663485,21.03632865647346,0.20266959798490622,0.5082414614916044,0.13081903854901336,0.13081628050892036,nan,43,0.20661749999271706
sun3d-hotel_umd-maryland_hotel3,29,23,point_to_plane,0.17892472433625098,0.29513251569008897,0.019852909440339933,0.02095138377353888,0.06418059803059421,0.06418059803059421,0.008463069595666914,9,0.042799799994099885
sun3d-hotel_umd-maryland_hotel3,29,23,point_to_point,0.17892472433625098,5.505561156560049,0.11821526641116661,0.18051497675417758,0.06567223988882785,0.06566387035606551,nan,31,0.13300910001271404
sun3d-hotel_umd-maryland_hotel3,30,23,point_to_plane,0.16836301816597116,1.195817464370683,0.030286085185426356,0.05823348133089544,0.19130393236958423,0.19130393236958423,0.017357817777065507,50,0.2525063999928534
sun3d-hotel_umd-maryland_hotel3,30,23,point_to_point,0.16836301816597116,14.596873562816539,0.38540544718480213,0.6774842861207571,0.10040745998906686,0.10040704610384465,nan,39,0.18172999998205341
sun3d-hotel_umd-maryland_hotel3,27,24,point_to_plane,0.17341501396044914,3.133770695799027,0.0486210209348332,0.06639747780865757,0.34933244042749045,0.34933244042749045,0.016427054180332027,11,0.08301530001335777
sun3d-hotel_umd-maryland_hotel3,27,24,point_to_point,0.17341501396044914,26.917214700328373,0.2948987783919794,0.5928886740334611,0.22183599161158313,0.2218334461551705,nan,40,0.2191799999854993
sun3d-hotel_umd-maryland_hotel3,28,24,point_to_plane,0.21865478426395038,1.0376787842306916,0.03806571872830676,0.023796713761504926,0.06879096546956001,0.06879096546956001,0.01520154042367258,14,0.052904499985743314
sun3d-hotel_umd-maryland_hotel3,28,24,point_to_point,0.21865478426395038,4.764970697780475,0.026749980598111175,0.1278458633965763,0.07438275971806987,0.07438119292533908,nan,17,0.06010460000834428
sun3d-hotel_umd-maryland_hotel3,27,25,point_to_plane,0.24167801674587605,5.453605155593465,0.12670223599937455,0.11467464030444785,0.43979966599391296,0.43979966599391296,0.03386907136570871,18,0.11548259999835864
sun3d-hotel_umd-maryland_hotel3,27,25,point_to_point,0.24167801674587605,15.915336238243203,0.48803884368385786,0.64545663047091,0.2828772117326871,0.28287619188116025,nan,21,0.09489889998803847
sun3d-hotel_umd-maryland_hotel3,27,26,point_to_plane,0.25034902264473624,4.591476708963558,0.06569525776958139,0.07172569907469281,0.8531420570742833,0.8531420570742833,0.020043725805427962,50,0.24912610001047142
sun3d-hotel_umd-maryland_hotel3,27,26,point_to_point,0.25034902264473624,54.187493219968694,1.8109177296172794,1.4094484633907385,0.40911132290337504,0.40911152084281616,nan,25,0.10695489999488927
sun3d-hotel_umd-maryland_hotel3,29,28,point_to_plane,0.24749644751321676,0.8851690674530366,0.014812627101649647,0.016727854407450813,0.31465694343533396,0.31465694343533396,0.014839293243573458,50,0.20182359998580068
sun3d-hotel_umd-maryland_hotel3,29,28,point_to_point,0.24749644751321676,49.14553435129374,0.20773509474311502,1.0211238340299023,0.15886494903211176,0.15887575016459726,nan,50,0.2598571999988053
sun3d-hotel_umd-maryland_hotel3,30,28,point_to_plane,0.3453409257044013,5.8924827062169856,0.10122151670748138,0.12908463825291905,0.43708558239896245,0.43708558239896245,0.02369451980548642,11,0.04600820000632666
sun3d-hotel_umd-maryland_hotel3,30,28,point_to_point,0.3453409257044013,11.028568040379124,0.6569363100227519,0.8992975352644528,0.17449583325384274,0.1744883218022387,nan,26,0.1030820999876596
sun3d-hotel_umd-maryland_hotel3,30,29,point_to_plane,0.3716558634408111,3.7260890465929837,0.0723392191481205,0.06691063316384081,0.13993920130847382,0.13993920130847382,0.01347918966220438,18,0.07054649997735396
sun3d-hotel_umd-maryland_hotel3,30,29,point_to_point,0.3716558634408111,19.62166037954337,0.2972837964324486,0.5719637695525066,0.10455921692649038,0.1045646274613768,nan,50,0.20004830000107177
sun3d-hotel_umd-maryland_hotel3,31,30,point_to_plane,0.1957976900015037,2.138248878004865,0.06377840273628768,0.07092088652801018,0.1584630467538791,0.1584630467538791,0.02531738599925528,21,0.12514370001736097
sun3d-hotel_umd-maryland_hotel3,31,30,point_to_point,0.1957976900015037,23.639150122328655,0.3018353350947152,0.35042069666828135,0.1448826588454671,0.1448626873484332,nan,25,0.10454139998182654
sun3d-hotel_umd-maryland_hotel3,32,31,point_to_plane,0.10911314206388191,2.2118382746508862,0.03147461630516174,0.028311179854310267,0.2238994193875484,0.2238994193875484,0.005530710273758666,50,0.21838629999547265
sun3d-hotel_umd-maryland_hotel3,32,31,point_to_point,0.10911314206388191,11.351634635883538,0.40219150312910923,0.55010990211236,0.10538088446677062,0.10539273439318499,nan,19,0.06613859999924898
sun3d-hotel_umd-maryland_hotel3,33,31,point_to_plane,0.24631156755156322,3.159536682724493,0.07334485421177302,0.06238483593662334,0.13942982350610658,0.13942982350610658,0.015782001336067303,9,0.0520503000007011
sun3d-hotel_umd-maryland_hotel3,33,31,point_to_point,0.24631156755156322,10.255939141848684,0.0657086596999546,0.30508814523591743,0.13175353269638063,0.13174243403854316,nan,23,0.11079710000194609
sun3d-hotel_umd-maryland_hotel3,34,31,point_to_plane,0.23939610508680043,2.3116006910351268,0.11578802033529101,0.09583018406856367,0.23229871135735208,0.23229871135735208,0.01725212860353044,10,0.07533919997513294
sun3d-hotel_umd-maryland_hotel3,34,31,point_to_point,0.23939610508680043,69.1022635129237,0.5558225769321525,0.9428978102373038,0.13330151206099083,0.13330388339519153,nan,50,0.25619740001275204
sun3d-hotel_umd-maryland_hotel3,33,32,point_to_plane,0.08360726518562947,2.1297015609419905,0.040777188093383654,0.056934002022829805,0.2468135116578012,0.2468135116578012,0.012727188079949877,9,0.03745020000496879
sun3d-hotel_umd-maryland_hotel3,33,32,point_to_point,0.08360726518562947,26.98894972026454,0.30500348761930585,0.7017155228272628,0.1762526390716036,0.17625380737457122,nan,48,0.21536100000957958
sun3d-hotel_umd-maryland_hotel3,34,32,point_to_plane,0.1290897080677539,15.59072017809252,0.30364709929082234,0.2249060757914047,0.3915529798027485,0.3915529798027485,0.0292566812229284,50,0.21489570001722313
sun3d-hotel_umd-maryland_hotel3,34,32,point_to_point,0.1290897080677539,40.96305276878236,0.3403085872782933,0.8221983490730476,0.2075389352463379,0.20755220359090845,nan,50,0.2612436999916099
sun3d-hotel_umd-maryland_hotel3,35,32,point_to_plane,0.1935180876147267,5.2819387738339225,0.03735646574837009,0.12352818839338574,0.3564892480713642,0.3564892480713642,0.033549366264065114,10,0.057234999985666946
sun3d-hotel_umd-maryland_hotel3,35,32,point_to_point,0.1935180876147267,10.517265745868226,1.0181205525542296,1.125538700549364,0.23854848320568992,0.23856829297289367,nan,50,0.19822419999400154
sun3d-hotel_umd-maryland_hotel3,36,32,point_to_plane,0.2241150419827067,4.542380169371581,0.16762154502784166,0.10702605116306528,0.7548612041596017,0.7548612041596017,0.023310476974998395,50,0.21027319997665472
sun3d-hotel_umd-maryland_hotel3,36,32,point_to_point,0.2241150419827067,67.0815583691164,1.3221633299316218,1.9361625228507626,0.24227092428774752,0.24225141772790215,nan,50,0.20057899999665096
sun3d-hotel_umd-maryland_hotel3,34,33,point_to_plane,0.18165102004365485,1.0697838146679222,0.03647628395995974,0.03518111301653794,0.04720518067789504,0.04720518067789504,0.01408381638407605,8,0.0332351999823004
sun3d-hotel_umd-maryland_hotel3,34,33,point_to_point,0.18165102004365485,2.0124473399995972,0.06508511164557966,0.079409394319072,0.053487305140224595,0.053482573267765385,nan,21,0.07052720000501722
sun3d-hotel_umd-maryland_hotel3,35,33,point_to_plane,0.16277643503042238,3.6667961213736175,0.2791646123440304,0.33810850348227395,0.25862266290967456,0.25862266290967456,0.03489970777609747,18,0.06153370000538416
sun3d-hotel_umd-maryland_hotel3,35,33,point_to_point,0.16277643503042238,52.617632814666756,0.748744711576019,0.9192890667190186,0.2544995315799414,0.25442791307771523,nan,50,0.21494089998304844
sun3d-hotel_umd-maryland_hotel3,36,33,point_to_plane,0.2275097058466484,2.8295022183684417,0.10659646050209845,0.06911757001806042,0.4908472497211173,0.4908472497211173,0.016434671439569684,50,0.19417299999622628
sun3d-hotel_umd-maryland_hotel3,36,33,point_to_point,0.2275097058466484,43.33374435608772,1.1356509267698744,1.2671539659503164,0.2556224979179479,0.25552008202730186,nan,50,0.21159780002199113
sun3d-hotel_umd-maryland_hotel3,35,34,point_to_plane,0.23940804543859415,1.924682850506952,0.03798703775210262,0.06691138549849475,0.20273981189723272,0.20273981189723272,0.013808481202599664,14,0.05264120001811534
sun3d-hotel_umd-maryland_hotel3,35,34,point_to_point,0.23940804543859415,17.30514184139886,0.1960751831325016,0.5384291237487642,0.15185298279651938,0.1518516686719456,nan,44,0.17695379999349825
sun3d-hotel_umd-maryland_hotel3,36,34,point_to_plane,0.17936485077478823,2.663095439543328,0.05203159864267388,0.06044786801008932,0.3057426248914593,0.3057426248914593,0.010817649886296882,11,0.04909620000398718
sun3d-hotel_umd-maryland_hotel3,36,34,point_to_point,0.17936485077478823,58.6476465447124,1.639468702301438,1.1482342243746038,0.22023155760101096,0.22025941832560286,nan,50,0.2334606999938842
sun3d-hotel_umd-maryland_hotel3,36,35,point_to_plane,0.17587800165637252,6.8288708865933385,0.17439382960593083,0.16381095818333483,0.09883668375623547,0.09883668375623547,0.03898690923182275,18,0.06957479999982752
sun3d-hotel_umd-maryland_hotel3,36,35,point_to_point,0.17587800165637252,7.772341241925135,0.05276465160385764,0.14146593607249783,0.09772754017494864,0.09772734673512325,nan,42,0.14155220001703128
sun3d-mit_76_studyroom-76-1studyroom2,1,0,point_to_plane,0.2155311948593266,1.374256497238202,0.06570041481160736,0.027340598474423144,0.035994435396074796,0.035994435396074796,0.012088009910459059,11,0.07933680000132881
sun3d-mit_76_studyroom-76-1studyroom2,1,0,point_to_point,0.2155311948593266,2.396064780846264,0.04779994075683854,0.05426662699119714,0.03586193932121766,0.035801074082214536,nan,14,0.057663299987325445
sun3d-mit_76_studyroom-76-1studyroom2,2,0,point_to_plane,0.22696237003191364,5.751423179409256,0.23133365046412946,0.10726081486585538,0.31546096472799173,0.31546096472799173,0.013749628151846474,11,0.0996134000015445
sun3d-mit_76_studyroom-76-1studyroom2,2,0,point_to_point,0.22696237003191364,17.995470746692945,0.9060201842164726,0.7235682080985175,0.18627896414437792,0.18627969260733643,nan,50,0.27417950000381097
sun3d-mit_76_studyroom-76-1studyroom2,5,0,point_to_plane,0.16119880955305893,4.447215012897293,0.1952502403638769,0.1495849190393487,1.1519042096099048,1.1519042096099048,0.015907639971564698,12,0.16409860001294874
sun3d-mit_76_studyroom-76-1studyroom2,5,0,point_to_point,0.16119880955305893,94.97299366573536,4.18337349677559,2.6085307868173677,0.2685094158248159,0.268507215101713,nan,50,0.3970358000078704
sun3d-mit_76_studyroom-76-1studyroom2,6,0,point_to_plane,0.2693935927537117,5.119712004022616,0.21860696930661475,0.11246264272581137,0.5897926227648359,0.5897926227648359,0.013737976682372765,11,0.12747849998413585
sun3d-mit_76_studyroom-76-1studyroom2,6,0,point_to_point,0.2693935927537117,58.531158572543276,2.1975051260772953,1.315535145135974,0.25074308182242716,0.25073231509860266,nan,47,0.32060639999690466
sun3d-mit_76_studyroom-76-1studyroom2,7,0,point_to_plane,0.21516359151431871,7.369740557742599,0.27600796240047953,0.19543315250185278,0.7756592619186915,0.7756592619186915,0.013536281862146966,20,0.2194524999940768
sun3d-mit_76_studyroom-76-1studyroom2,7,0,point_to_point,0.21516359151431871,87.88456540290103,3.730473311874677,2.0308342789891243,0.17447900030942293,0.1745910846956483,nan,50,0.35853189998306334
sun3d-mit_76_studyroom-76-1studyroom2,34,0,point_to_plane,0.27551888132476543,3.330415515624232,0.04418464329366578,0.11494842825541254,0.44667759127611906,0.44667759127611906,0.015889963519935265,8,0.09925489997840486
sun3d-mit_76_studyroom-76-1studyroom2,34,0,point_to_point,0.27551888132476543,19.59306331633104,0.13726154837781662,0.9311666740444874,0.22191195141275316,0.22191554349104528,nan,30,0.23870989997521974
sun3d-mit_76_studyroom-76-1studyroom2,35,0,point_to_plane,0.21225084204431194,4.327812122757381,0.115963526948681,0.08432512975494881,0.14450330753972504,0.14450330753972504,0.01725583876888106,14,0.11039770001661964
sun3d-mit_76_studyroom-76-1studyroom2,35,0,point_to_point,0.21225084204431194,43.55801491839191,1.600908800907675,0.810550376273351,0.15150635114338018,0.1514989066810152,nan,27,0.1398273000086192
sun3d-mit_76_studyroom-76-1studyroom2,36,0,point_to_plane,0.18062289559548017,4.546459271829047,0.21114342200613187,0.11176894546820516,0.32091026753156776,0.32091026753156776,0.01829725539759245,50,0.30239090000395663
sun3d-mit_76_studyroom-76-1studyroom2,36,0,point_to_point,0.18062289559548017,31.81517984208647,1.610452487172232,1.012562574139739,0.18132885892234887,0.18132855738799525,nan,45,0.2749154000193812
sun3d-mit_76_studyroom-76-1studyroom2,37,0,point_to_plane,0.18272308378894445,4.636787695441671,0.19652083569947967,0.12362178943282472,0.48269212504232983,0.48269212504232983,0.019121427094651346,50,0.36530810000840575
sun3d-mit_76_studyroom-76-1studyroom2,37,0,point_to_point,0.18272308378894445,58.26916364633664,3.033626252102504,1.6103732939988238,0.19227108377533758,0.19232310496608482,nan,50,0.38279569998849183
sun3d-mit_76_studyroom-76-1studyroom2,38,0,point_to_plane,0.22884157205998115,11.168086524993916,0.5140111483367016,0.3461651614296831,0.6948217902127463,0.6948217902127463,0.026681111813411502,5,0.10440200002631173
sun3d-mit_76_studyroom-76-1studyroom2,38,0,point_to_point,0.22884157205998115,43.649141408309454,1.671188461587907,1.6276366551735395,0.26597284057511333,0.26597212981523305,nan,33,0.3554720999964047
sun3d-mit_76_studyroom-76-1studyroom2,45,0,point_to_plane,0.2576185008126707,5.391068971230243,0.2250209554959918,0.1608961966322993,1.050174498788343,1.050174498788343,0.019863722365547863,50,0.6622232000227086
sun3d-mit_76_studyroom-76-1studyroom2,45,0,point_to_point,0.2576185008126707,72.97877367006707,1.9981260211108618,2.192580131211321,0.24521552017792433,0.2452212685728105,nan,50,0.5223087000194937
sun3d-mit_76_studyroom-76-1studyroom2,46,0,point_to_plane,0.25283362645547713,4.704850489161461,0.17140975791935584,0.11437486871888251,0.7263373545736003,0.7263373545736003,0.01692182401117463,15,0.2190153000119608
sun3d-mit_76_studyroom-76-1studyroom2,46,0,point_to_point,0.25283362645547713,40.35769667159616,1.4682878515981137,1.4467016225262743,0.28451690734409735,0.2845248515556838,nan,50,0.5061759000236634
sun3d-mit_76_studyroom-76-1studyroom2,47,0,point_to_plane,0.17592279612917558,3.517222147899838,0.13621752654448224,0.0829389590992039,0.5602181345520884,0.5602181345520884,0.016916611186619804,12,0.16464799997629598
sun3d-mit_76_studyroom-76-1studyroom2,47,0,point_to_point,0.17592279612917558,29.684593412959472,1.1333744730192865,1.066560161941234,0.28383145863828285,0.2838241055900308,nan,44,0.44313740002689883
sun3d-mit_76_studyroom-76-1studyroom2,48,0,point_to_plane,0.30447229228524486,3.1676332598564936,0.13610781006848985,0.06825016797707967,0.42159371641803844,0.42159371641803844,0.016812257593457863,12,0.14979880000464618
sun3d-mit_76_studyroom-76-1studyroom2,48,0,point_to_point,0.30447229228524486,7.747235797621838,0.6484704292429734,0.7967883821462922,0.2488947274609752,0.24893112255946334,nan,50,0.430938099976629
sun3d-mit_76_studyroom-76-1studyroom2,49,0,point_to_plane,0.22466361449726566,4.463993482983908,0.15785965904796928,0.09496042892315623,0.4192025512185781,0.4192025512185781,0.013283785693812755,50,0.36934740000288
sun3d-mit_76_studyroom-76-1studyroom2,49,0,point_to_point,0.22466361449726566,17.257780890499163,0.6278334582752272,0.7850945711523419,0.19909234837889755,0.19909391113278496,nan,42,0.2607660999929067
sun3d-mit_76_studyroom-76-1studyroom2,2,1,point_to_plane,0.2769218765776258,2.9589705885145876,0.1012872499320566,0.06370551207295999,0.24805467314566854,0.24805467314566854,0.012035081875616081,13,0.0700080000096932
sun3d-mit_76_studyroom-76-1studyroom2,2,1,point_to_point,0.2769218765776258,21.925812210236113,0.5690167539357477,0.5184252749537416,0.16185272898192005,0.16186942504593224,nan,19,0.09405439998954535
sun3d-mit_76_studyroom-76-1studyroom2,3,1,point_to_plane,0.1320157291385771,2.7608541896999568,0.119584854363452,0.08264056878682431,0.9268686130956194,0.9268686130956194,0.014014353004884223,16,0.1521552000194788
sun3d-mit_76_studyroom-76-1studyroom2,3,1,point_to_point,0.1320157291385771,59.25373114506001,2.0591676190349504,1.8760112171474648,0.2684584929123845,0.2684770550125574,nan,50,0.38921889997436665
sun3d-mit_76_studyroom-76-1studyroom2,5,1,point_to_plane,0.19548842910000658,2.391459822389519,0.08916532893379728,0.06768171799241501,0.971766935559742,0.971766935559742,0.014558143223669833,14,0.09749489999376237
sun3d-mit_76_studyroom-76-1studyroom2,5,1,point_to_point,0.19548842910000658,159.85003867129558,5.521288608944033,2.6086122736799857,0.2990726683787772,0.3000222437310883,nan,50,0.40385740000056103
sun3d-mit_76_studyroom-76-1studyroom2,6,1,point_to_plane,0.06451287807456171,3.1318380658122114,0.12444998022731442,0.062677187319704,0.5023234458276853,0.5023234458276853,0.012232718680314666,8,0.053714899986516684
sun3d-mit_76_studyroom-76-1studyroom2,6,1,point_to_point,0.06451287807456171,59.64575044457841,2.055093921125101,1.197835148537914,0.2385260657252842,0.23843930104978567,nan,12,0.07564250001451
sun3d-mit_76_studyroom-76-1studyroom2,7,1,point_to_plane,0.2471009307210432,4.791653816434309,0.3908525324214972,0.30222015070800634,0.5801573631720561,0.5801573631720561,0.02363165629354899,50,0.36758769999141805
sun3d-mit_76_studyroom-76-1studyroom2,7,1,point_to_point,0.2471009307210432,70.56576287066352,2.4317668662023637,1.4824585140154023,0.24950612925556812,0.24951582256095053,nan,50,0.334448000008706
sun3d-mit_76_studyroom-76-1studyroom2,34,1,point_to_plane,0.26963989762664964,4.259111532979029,0.1406381949748913,0.07413544327962478,0.5594531893857064,0.5594531893857064,0.02210891869485537,20,0.163868800009368
sun3d-mit_76_studyroom-76-1studyroom2,34,1,point_to_point,0.26963989762664964,49.69487247069643,1.1464155986712101,1.2256164573716137,0.2192027967590339,0.22032158364761747,nan,50,0.4230239999887999
sun3d-mit_76_studyroom-76-1studyroom2,35,1,point_to_plane,0.11831468071209039,2.8883264053418225,0.07306283778851104,0.056244799936420856,0.1547304921015675,0.1547304921015675,0.021580271003440687,14,0.0750873000069987
sun3d-mit_76_studyroom-76-1studyroom2,35,1,point_to_point,0.11831468071209039,37.7539209064614,1.2160365719044508,0.6663259366886666,0.1452538493967467,0.14525314161482458,nan,50,0.25428379999357276
sun3d-mit_76_studyroom-76-1studyroom2,36,1,point_to_plane,0.22324501902268903,2.895186209695833,0.09873006821999007,0.0739741772287442,0.29111543223454395,0.29111543223454395,0.018025994485468214,11,0.0616071000113152
sun3d-mit_76_studyroom-76-1studyroom2,36,1,point_to_point,0.22324501902268903,28.535412289254694,1.2675137889181363,0.8610373515392559,0.1867606030683707,0.1867310184289677,nan,25,0.14186299999710172
sun3d-mit_76_studyroom-76-1studyroom2,37,1,point_to_plane,0.17742055814485783,2.4203812705154575,0.06202792924077756,0.05857513581524061,0.44937812677530825,0.44937812677530825,0.01764889386508989,13,0.08617180000874214
sun3d-mit_76_studyroom-76-1studyroom2,37,1,point_to_point,0.17742055814485783,35.1756447440977,1.5654203860881715,1.175264062017524,0.24564673829812797,0.24564376888575024,nan,50,0.3680418999865651
sun3d-mit_76_studyroom-76-1studyroom2,38,1,point_to_plane,0.22958451092941698,7.0529566083017885,0.3043592165151027,0.21256304461026895,0.6337899012623471,0.6337899012623471,0.024697311200708415,14,0.1470610999967903
sun3d-mit_76_studyroom-76-1studyroom2,38,1,point_to_point,0.22958451092941698,44.214133596901924,1.4723110934787815,1.5514615973874897,0.27014195641748745,0.2701440549680674,nan,50,0.5237111000169534
sun3d-mit_76_studyroom-76-1studyroom2,45,1,point_to_plane,0.24578946055325893,4.2762863068952655,0.15798519208206613,0.08237079393952007,0.9984269110716129,0.9984269110716129,0.01731963010382831,15,0.16887619998306036
sun3d-mit_76_studyroom-76-1studyroom2,45,1,point_to_point,0.24578946055325893,74.56150123170804,2.030485487896025,2.129626250436301,0.23965123056543147,0.23964880035327762,nan,39,0.3943098000017926
sun3d-mit_76_studyroom-76-1studyroom2,46,1,point_to_plane,0.23439939578383506,2.8386742254153896,0.1352113112436529,0.11003016416697461,0.6724928858270898,0.6724928858270898,0.021015545910371122,50,0.5043371999927331
sun3d-mit_76_studyroom-76-1studyroom2,46,1,point_to_point,0.23439939578383506,41.03735047512892,1.4107998664973802,1.3369517177787822,0.27616847313525433,0.2761711801094261,nan,27,0.2695518999826163
sun3d-mit_76_studyroom-76-1studyroom2,47,1,point_to_plane,0.22260243872173271,3.738481270075983,0.15680429766151965,0.10761770249359924,0.5024237258514376,0.5024237258514376,0.025094189224030138,11,0.10543999998481013
sun3d-mit_76_studyroom-76-1studyroom2,47,1,point_to_point,0.22260243872173271,28.96815808200314,1.1817082320155088,0.9561713091980941,0.2581575534552159,0.2581576066884962,nan,49,0.46207380000851117
sun3d-mit_76_studyroom-76-1studyroom2,48,1,point_to_plane,0.25643441264634054,3.2314470890161298,0.1444828044475788,0.07704389239870518,0.37300616114137,0.37300616114137,0.024502823934895442,13,0.10416589997475967
sun3d-mit_76_studyroom-76-1studyroom2,48,1,point_to_point,0.25643441264634054,22.348194875234718,1.004148748341229,0.7584355318817682,0.22720040716720682,0.2271884927497668,nan,32,0.25978870000108145
sun3d-mit_76_studyroom-76-1studyroom2,49,1,point_to_plane,0.3640325622890534,2.8515267241913027,0.13142954932176884,0.07991202589449475,0.37515823900690737,0.37515823900690737,0.01991913744828141,15,0.1022825000109151
sun3d-mit_76_studyroom-76-1studyroom2,49,1,point_to_point,0.3640325622890534,20.790669420479468,0.754256552707596,0.7404020765698565,0.19088273942259754,0.1908818157000621,nan,50,0.309603400004562
sun3d-mit_76_studyroom-76-1studyroom2,3,2,point_to_plane,0.2649404758406161,2.9725945592611716,0.1521063548738787,0.09161520234666222,0.42807132555962735,0.42807132555962735,0.015984947019119233,15,0.11599510000087321
sun3d-mit_76_studyroom-76-1studyroom2,3,2,point_to_point,0.2649404758406161,40.51983361050197,1.0832911372973082,1.1646631788156525,0.17488352520263167,0.1748881943227466,nan,44,0.33833999998751096
sun3d-mit_76_studyroom-76-1studyroom2,5,2,point_to_plane,0.18996318621659367,1.2832173848382618,0.06355332881476028,0.0629371748106657,0.5398263830960457,0.5398263830960457,0.011264101926770765,13,0.10590139997657388
sun3d-mit_76_studyroom-76-1studyroom2,5,2,point_to_point,0.18996318621659367,45.00358656289415,1.1475929234449724,1.3794311693195023,0.1922090275235883,0.19227995812373622,nan,50,0.3954331999993883
sun3d-mit_76_studyroom-76-1studyroom2,6,2,point_to_plane,0.2094252798975809,0.3173110172218419,0.018749127852292494,0.018276666944243593,0.1381091192787119,0.1381091192787119,0.01145644749111554,13,0.07731640001293272
sun3d-mit_76_studyroom-76-1studyroom2,6,2,point_to_point,0.2094252798975809,14.936901239886309,0.39866225246443604,0.3905804816843816,0.09053656939987406,0.09053196226336858,nan,50,0.2600715000007767
sun3d-mit_76_studyroom-76-1studyroom2,7,2,point_to_plane,0.25741430312397046,1.0615346467962834,0.05822665318483717,0.019473407891485797,0.14954523869207678,0.14954523869207678,0.01625019589440798,9,0.05927349999547005
sun3d-mit_76_studyroom-76-1studyroom2,7,2,point_to_point,0.25741430312397046,8.586953894971789,0.19462622447641173,0.27711311137446837,0.1162525643606519,0.11625267604335546,nan,23,0.131064699991839
sun3d-mit_76_studyroom-76-1studyroom2,8,2,point_to_plane,0.17564203885960483,9.72464076865955,0.20673446591470832,0.2814179201620184,0.41081085821992835,0.41081085821992835,0.030256780653936832,19,0.17259880001074634
sun3d-mit_76_studyroom-76-1studyroom2,8,2,point_to_point,0.17564203885960483,42.57755484200382,2.6688096377567816,1.1549527905558754,0.22456862797682284,0.2245697056720347,nan,25,0.1519302999950014
sun3d-mit_76_studyroom-76-1studyroom2,35,2,point_to_plane,0.14069566143896448,5.065346676355331,0.1295162723483539,0.09756167234465497,0.23569209353953527,0.23569209353953527,0.02227926048632589,10,0.062214900011895224
sun3d-mit_76_studyroom-76-1studyroom2,35,2,point_to_point,0.14069566143896448,47.981241923253485,1.2037589342639479,1.029358853873938,0.22505103510265237,0.22511427995223704,nan,50,0.3383210000174586
sun3d-mit_76_studyroom-76-1studyroom2,36,2,point_to_plane,0.14660416480404384,3.547541365809026,0.09728465601520407,0.08261118598986349,0.32364276378441753,0.32364276378441753,0.017877643237138665,50,0.3401016999850981
sun3d-mit_76_studyroom-76-1studyroom2,36,2,point_to_point,0.14660416480404384,42.700918888758416,1.336023195257849,0.9847110598436877,0.13200901789232486,0.1320158621852864,nan,50,0.3174020999867935
sun3d-mit_76_studyroom-76-1studyroom2,37,2,point_to_plane,0.17750628171785227,2.149278830113081,0.053648224740695576,0.05504655838600271,0.3906777010434823,0.3906777010434823,0.019313019522891613,50,0.38614590000361204
sun3d-mit_76_studyroom-76-1studyroom2,37,2,point_to_point,0.17750628171785227,39.86288050301749,1.4010309943831285,1.0535221093543756,0.16278362437648217,0.16272921097027632,nan,20,0.16792000000714324
sun3d-mit_76_studyroom-76-1studyroom2,38,2,point_to_plane,0.1630403316465777,3.605468356292972,0.15773922176102279,0.10968146050463452,0.321192960236911,0.321192960236911,0.025785891918118347,15,0.14380739998887293
sun3d-mit_76_studyroom-76-1studyroom2,38,2,point_to_point,0.1630403316465777,37.391737382199764,1.0984720041613414,1.092961889746258,0.18136751049999175,0.18141208041981374,nan,50,0.55909409999731
sun3d-mit_76_studyroom-76-1studyroom2,45,2,point_to_plane,0.3022233385040707,6.330123612514017,0.2596217816052791,0.16867435709703277,0.3120501002061749,0.3120501002061749,0.02345228082633452,18,0.15485700001590885
sun3d-mit_76_studyroom-76-1studyroom2,45,2,point_to_point,0.3022233385040707,16.378121160476784,0.3785251328411671,0.5399414893264833,0.24820308248583353,0.24816996577200087,nan,21,0.18503620001138188
sun3d-mit_76_studyroom-76-1studyroom2,46,2,point_to_plane,0.36768562468201543,2.133197035205485,0.10005705046691375,0.06700328479299324,0.18580349525621676,0.18580349525621676,0.020400688113869418,50,0.43854360000113957
sun3d-mit_76_studyroom-76-1studyroom2,46,2,point_to_point,0.36768562468201543,5.137967137064645,0.10207284854675792,0.22558666090425095,0.18386491486934126,0.1831759289741567,nan,11,0.0946929000201635
sun3d-mit_76_studyroom-76-1studyroom2,47,2,point_to_plane,0.2067674025715312,0.6228040404514187,0.04733496447980483,0.04330894088814823,0.1624349999441038,0.1624349999441038,0.0182152618309671,10,0.09548320001340471
sun3d-mit_76_studyroom-76-1studyroom2,47,2,point_to_point,0.2067674025715312,23.47062987919309,0.8365099499140171,0.5331645676363216,0.15814486639506092,0.15810469751064468,nan,50,0.4895644999924116
sun3d-mit_76_studyroom-76-1studyroom2,48,2,point_to_plane,0.25400345688436415,1.6091056013331235,0.04104860118927507,0.037197447466447306,0.14166105365640855,0.14166105365640855,0.016173158929042763,50,0.373234800004866
sun3d-mit_76_studyroom-76-1studyroom2,48,2,point_to_point,0.25400345688436415,9.459513734847105,0.4504884165745384,0.2642050910627334,0.14046770944072262,0.1404591290676021,nan,30,0.23341069999150932
sun3d-mit_76_studyroom-76-1studyroom2,49,2,point_to_plane,0.2132075783042599,0.9575968741125422,0.030918106601299105,0.021302140178008817,0.08305053441878887,0.08305053441878887,0.016904637961751682,15,0.09446749999187887
sun3d-mit_76_studyroom-76-1studyroom2,49,2,point_to_point,0.2132075783042599,4.120773482998786,0.15306505492602354,0.10913172108162725,0.08883938959791236,0.08883349308342312,nan,16,0.09502509998856112
sun3d-mit_76_studyroom-76-1studyroom2,4,3,point_to_plane,0.16801852861234698,0.9738448520159282,0.08115841407776213,0.045185632131649646,0.23220774302628958,0.23220774302628958,0.017260941608776312,11,0.10183400000096299
sun3d-mit_76_studyroom-76-1studyroom2,4,3,point_to_point,0.16801852861234698,35.27532896608195,0.9373383321806513,1.1017635852055625,0.11508426585209838,0.11509010028577388,nan,50,0.30697930001770146
sun3d-mit_76_studyroom-76-1studyroom2,5,3,point_to_plane,0.16840857047681237,0.9905984807030793,0.06382584730169426,0.027978864316197775,0.08683055170462821,0.08683055170462821,0.014402497197216983,11,0.07551359999342822
sun3d-mit_76_studyroom-76-1studyroom2,5,3,point_to_point,0.16840857047681237,4.734353177710442,0.12983613499307803,0.186479629069087,0.08155794932388385,0.08155812193249787,nan,32,0.19781859999056906
sun3d-mit_76_studyroom-76-1studyroom2,6,3,point_to_plane,0.18426046113731984,1.6163186622864452,0.08813664795401002,0.03300134365975952,0.13480498260869594,0.13480498260869594,0.021312660995479373,13,0.08029309997800738
sun3d-mit_76_studyroom-76-1studyroom2,6,3,point_to_point,0.18426046113731984,17.343671474135512,0.4075517612148659,0.5313009612563401,0.07658296277167968,0.07657786972847257,nan,50,0.2779974000004586
sun3d-mit_76_studyroom-76-1studyroom2,7,3,point_to_plane,0.25615598293433345,1.5593205625732538,0.08948865012776053,0.03598530203288202,0.23685043418686708,0.23685043418686708,0.022113953715217224,14,0.09505060000810772
sun3d-mit_76_studyroom-76-1studyroom2,7,3,point_to_point,0.25615598293433345,23.050532043760487,0.4581107250627038,0.7702059817116326,0.10563552850126963,0.10564730620606001,nan,50,0.32485979999182746
sun3d-mit_76_studyroom-76-1studyroom2,38,3,point_to_plane,0.31945115269309593,3.918172914113205,0.1524044130342197,0.11236625905668284,0.4415945498002104,0.4415945498002104,0.02915979018182234,19,0.1742824999964796
sun3d-mit_76_studyroom-76-1studyroom2,38,3,point_to_point,0.31945115269309593,29.70751182841765,1.3924533659998202,1.6156085614981144,0.19731833483654487,0.197501151587874,nan,50,0.524511600000551
sun3d-mit_76_studyroom-76-1studyroom2,39,3,point_to_plane,0.25422875685472796,0.6323710160786787,0.059940958738501415,0.038930492448820554,0.48921296714311513,0.48921296714311513,0.017819401026935827,20,0.21435540000675246
sun3d-mit_76_studyroom-76-1studyroom2,39,3,point_to_point,0.25422875685472796,44.53491622197797,0.9897239301671142,1.4261783845573979,0.17019484173472368,0.17050156953049325,nan,50,0.4765571000170894
sun3d-mit_76_studyroom-76-1studyroom2,43,3,point_to_plane,0.1436530500676304,1.5489583304529164,0.11437752383490259,0.09795083394267237,0.35040156087664664,0.35040156087664664,0.01747133105140661,10,0.12651269999332726
sun3d-mit_76_studyroom-76-1studyroom2,43,3,point_to_point,0.1436530500676304,51.66617381852781,1.158239942437022,1.5233855174926327,0.13415981988081596,0.13464094750243183,nan,50,0.4106541999790352
sun3d-mit_76_studyroom-76-1studyroom2,45,3,point_to_plane,0.13859773243353576,1.822364315143281,0.08117815257418463,0.02661110384005372,0.34575444040651965,0.34575444040651965,0.024467664081052696,10,0.08862859997316264
sun3d-mit_76_studyroom-76-1studyroom2,45,3,point_to_point,0.13859773243353576,17.71262291348222,0.6340538166881309,0.9405310141513966,0.16604702716582723,0.16613851320882103,nan,50,0.47717779999948107
sun3d-mit_76_studyroom-76-1studyroom2,46,3,point_to_plane,0.3085679795896802,1.6831308497088242,0.019981139759698126,0.05504650551658951,0.255903315618342,0.255903315618342,0.02239873148126209,11,0.10129389999201521
sun3d-mit_76_studyroom-76-1studyroom2,46,3,point_to_point,0.3085679795896802,31.170097258829248,0.5702149090003643,0.9490094935668639,0.1418114249099208,0.1418500182476918,nan,50,0.46959870000137016
sun3d-mit_76_studyroom-76-1studyroom2,47,3,point_to_plane,0.14937794775053856,0.38721783457653924,0.028562902593827176,0.02265856510258309,0.1850871516318413,0.1850871516318413,0.02017180863408212,11,0.09828219999326393
sun3d-mit_76_studyroom-76-1studyroom2,47,3,point_to_point,0.14937794775053856,27.705436732886913,0.5852321497725019,0.6921116672961596,0.16011659611834753,0.16030311568913116,nan,50,0.4250733000226319
sun3d-mit_76_studyroom-76-1studyroom2,48,3,point_to_plane,0.2746016301381601,1.2629096354871245,0.0688352487187871,0.032433509608971345,0.17739985230444782,0.17739985230444782,0.019184050481971766,15,0.11999889998696744
sun3d-mit_76_studyroom-76-1studyroom2,48,3,point_to_point,0.2746016301381601,29.00110816443304,0.801167035913218,0.6956953754176384,0.146023480686943,0.14607001075716478,nan,50,0.36955760000273585
sun3d-mit_76_studyroom-76-1studyroom2,5,4,point_to_plane,0.17866916264911117,1.6936489867644957,0.22293556337126852,0.30300197547090996,0.20686814656709726,0.20686814656709726,0.022834347483650673,32,0.2110108999768272
sun3d-mit_76_studyroom-76-1studyroom2,5,4,point_to_point,0.17866916264911117,20.137109926238054,0.24269636567357517,0.9603195769079823,0.16263743752045903,0.16264530692686793,nan,40,0.26952930001425557
sun3d-mit_76_studyroom-76-1studyroom2,39,4,point_to_plane,0.23702105010245428,1.2426164198783718,0.43264484565799954,0.44512265374819315,0.4913602536841688,0.4913602536841688,0.019801513304834324,50,0.41545259999111295
sun3d-mit_76_studyroom-76-1studyroom2,39,4,point_to_point,0.23702105010245428,18.950773184769552,1.544755349689883,1.6526140774855091,0.20847015366120814,0.20847079606783336,nan,38,0.37285340001108125
sun3d-mit_76_studyroom-76-1studyroom2,40,4,point_to_plane,0.22664195657314737,1.097261104456255,0.023978747073578784,0.021295029135518024,0.23960708934959365,0.23960708934959365,0.013509708257928242,13,0.12617919998592697
sun3d-mit_76_studyroom-76-1studyroom2,40,4,point_to_point,0.22664195657314737,27.560912344083157,0.37671186388666544,0.779154302458902,0.13546014828355843,0.1354628980354826,nan,50,0.33889519999502227
sun3d-mit_76_studyroom-76-1studyroom2,41,4,point_to_plane,0.2389908184087828,2.8419172431475364,0.10324095346730211,0.0626838144180112,0.2692865907806707,0.2692865907806707,0.024294813774309525,9,0.11516720001236536
sun3d-mit_76_studyroom-76-1studyroom2,41,4,point_to_point,0.2389908184087828,29.453115088353037,0.3609535798769355,0.6486055999739774,0.2571852031567599,0.25735647478780843,nan,50,0.42500280000967905
sun3d-mit_76_studyroom-76-1studyroom2,42,4,point_to_plane,0.22902028421748072,1.6367137223046957,0.09526271696862705,0.05528501586678248,0.30662549520879717,0.30662549520879717,0.02494976496586513,10,0.13666770001873374
sun3d-mit_76_studyroom-76-1studyroom2,42,4,point_to_point,0.22902028421748072,21.218281688467464,0.39919974989319074,0.658400493025254,0.2525746654516472,0.25273069101446555,nan,50,0.5304597999784164
sun3d-mit_76_studyroom-76-1studyroom2,43,4,point_to_plane,0.28754645070154283,4.155554595728339,0.17012797258191154,0.06319175343362068,0.3062223365021138,0.3062223365021138,0.021867756838489807,50,0.41675890001351945
sun3d-mit_76_studyroom-76-1studyroom2,43,4,point_to_point,0.28754645070154283,45.86887050839891,1.0547647487853613,1.100582933262546,0.16389426702674406,0.16410804824349642,nan,50,0.428835499973502
sun3d-mit_76_studyroom-76-1studyroom2,45,4,point_to_plane,0.38461489606201743,0.7450430316591777,0.9740143587742328,0.952277459380207,0.4032924994198905,0.4032924994198905,0.02002640329889927,24,0.21603409998351708
sun3d-mit_76_studyroom-76-1studyroom2,45,4,point_to_point,0.38461489606201743,30.68780024620609,1.2504646255376988,2.1071055020148615,0.22845566534422332,0.22856302521501473,nan,50,0.48218369999085553
sun3d-mit_76_studyroom-76-1studyroom2,46,4,point_to_plane,0.4526667810615837,2.792185015275992,0.8483531281359549,0.7723010394926361,0.34587197310533446,0.34587197310533446,0.018557808222109055,16,0.15356730000348762
sun3d-mit_76_studyroom-76-1studyroom2,46,4,point_to_point,0.4526667810615837,66.60697887207523,2.7571595655238834,1.8543844539945025,0.21616056334791314,0.2161507489641565,nan,50,0.4817226000013761
sun3d-mit_76_studyroom-76-1studyroom2,47,4,point_to_plane,0.11468791839086061,3.1998028415492694,0.8065208322435886,0.7222389822121402,0.33089517459449813,0.33089517459449813,0.017844839069429505,18,0.16440950002288446
sun3d-mit_76_studyroom-76-1studyroom2,47,4,point_to_point,0.11468791839086061,82.92852491978475,2.8910828085743745,1.8453863778042068,0.19113941137848262,0.19158617895899954,nan,50,0.4766566999896895
sun3d-mit_76_studyroom-76-1studyroom2,48,4,point_to_plane,0.21435794390225493,1.1160561959559934,1.127939394918975,1.1120509389133642,0.4144762790176027,0.4144762790176027,0.014686056819300016,50,0.4136896999843884
sun3d-mit_76_studyroom-76-1studyroom2,48,4,point_to_point,0.21435794390225493,96.35858177049857,3.4181483230736527,1.978415318468087,0.17468177082040204,0.17480952370851044,nan,50,0.4085096000053454
sun3d-mit_76_studyroom-76-1studyroom2,6,5,point_to_plane,0.1525853975895095,1.7056141121233646,0.06006422968958024,0.03978295419198961,0.17795814361239515,0.17795814361239515,0.012553871748489785,13,0.08373710000887513
sun3d-mit_76_studyroom-76-1studyroom2,6,5,point_to_point,0.1525853975895095,28.92439292053968,0.6962308447988379,0.8651831313304502,0.10058187427398874,0.10065757390234992,nan,50,0.307319900020957
sun3d-mit_76_studyroom-76-1studyroom2,7,5,point_to_plane,0.11365434869513778,1.4490498522535238,0.04497627841503806,0.038759843202868294,0.31658769528537095,0.31658769528537095,0.014919953966165338,50,0.35874429999967106
sun3d-mit_76_studyroom-76-1studyroom2,7,5,point_to_point,0.11365434869513778,34.915379936008755,0.7052065167205578,1.1560758870675354,0.12466552426224174,0.12473542042339111,nan,50,0.3680220000096597
sun3d-mit_76_studyroom-76-1studyroom2,38,5,point_to_plane,0.24180843212705566,2.43640748594667,0.05258561318303364,0.07570573309459425,0.44761110429514306,0.44761110429514306,0.021212952143281023,50,0.45156350001343526
sun3d-mit_76_studyroom-76-1studyroom2,38,5,point_to_point,0.24180843212705566,22.23312428021221,0.7925216381335307,1.14945749546719,0.22252350560127707,0.22247999601691526,nan,16,0.15717960000620224
sun3d-mit_76_studyroom-76-1studyroom2,39,5,point_to_plane,0.2264657443189178,0.315884219707497,0.0356322378869166,0.025953497323401558,0.5132630751477357,0.5132630751477357,0.014853277815241669,12,0.12050350001663901
sun3d-mit_76_studyroom-76-1studyroom2,39,5,point_to_point,0.2264657443189178,48.08522693003775,1.379033341630131,1.366820474213187,0.1845959860703015,0.1846514349741463,nan,50,0.47514959998079576
sun3d-mit_76_studyroom-76-1studyroom2,43,5,point_to_plane,0.5052226152693693,4.0733016292033675,1.1184008687243843,0.9855932574397013,0.35248110797819227,0.35248110797819227,0.042404143908085556,50,0.4371871000039391
sun3d-mit_76_studyroom-76-1studyroom2,43,5,point_to_point,0.5052226152693693,45.02473906328984,0.9304549299140514,1.2972530559321036,0.1642023063025138,0.16446245738362064,nan,50,0.4105633999861311
sun3d-mit_76_studyroom-76-1studyroom2,45,5,point_to_plane,0.2965214271897893,0.7365506005085164,0.034060673869644786,0.03738482540114252,0.4653025951757565,0.4653025951757565,0.01883111558292087,14,0.13175550001324154
sun3d-mit_76_studyroom-76-1studyroom2,45,5,point_to_point,0.2965214271897893,46.04588701265997,0.8363127534769195,1.276649443227047,0.18934337117608135,0.18934187114702286,nan,32,0.31385180001962
sun3d-mit_76_studyroom-76-1studyroom2,46,5,point_to_plane,0.4233521948404355,5.700021162031269,0.5751933810131611,0.7266325654284651,0.3268893663938611,0.3268893663938611,0.059057278515253664,8,0.09336270001949742
sun3d-mit_76_studyroom-76-1studyroom2,46,5,point_to_point,0.4233521948404355,33.38948182225455,0.7952195020083929,0.8994988171035253,0.20172485939242474,0.20205890508452334,nan,50,0.47095349998562597
sun3d-mit_76_studyroom-76-1studyroom2,47,5,point_to_plane,0.24086572821230628,1.868625458668498,0.03338374150795308,0.050678214826287205,0.17368795765202677,0.17368795765202677,0.015873878136690455,50,0.41939139997703023
sun3d-mit_76_studyroom-76-1studyroom2,47,5,point_to_point,0.24086572821230628,21.579380743475834,0.6162322602966536,0.47285730217536087,0.1622562390928532,0.1622472165844943,nan,50,0.41834839998045936
sun3d-mit_76_studyroom-76-1studyroom2,48,5,point_to_plane,0.1766718647131446,2.9885619437988553,0.09489764145518513,0.06197860873890865,0.1468933278763579,0.1468933278763579,0.014997067463604564,50,0.36563670000759885
sun3d-mit_76_studyroom-76-1studyroom2,48,5,point_to_point,0.1766718647131446,20.54520726970215,0.6745091896701862,0.4434280892984038,0.1427868951889828,0.14279072215565627,nan,50,0.3651419000234455
sun3d-mit_76_studyroom-76-1studyroom2,49,5,point_to_plane,0.25316577465477835,2.0831343294303615,0.06858504758685863,0.0428858702464956,0.17398919315911887,0.17398919315911887,0.01568973144061487,18,0.1132348999963142
sun3d-mit_76_studyroom-76-1studyroom2,49,5,point_to_point,0.25316577465477835,19.171618312705277,0.4337654839215676,0.5484555566150905,0.1319281241050381,0.13194858723213873,nan,50,0.3113555000163615
sun3d-mit_76_studyroom-76-1studyroom2,7,6,point_to_plane,0.26904479622862254,2.7548996400015158,0.0853972113681755,0.09533148704458155,0.05240868451310613,0.05240868451310613,0.020896713202883065,12,0.07390940000186674
sun3d-mit_76_studyroom-76-1studyroom2,7,6,point_to_point,0.26904479622862254,5.685469976640233,0.1565214680802022,0.17045129839586176,0.05107291997584185,0.05107562727196856,nan,32,0.169836299988674
sun3d-mit_76_studyroom-76-1studyroom2,35,6,point_to_plane,0.07487471111706846,5.247549869621774,0.13766699177463138,0.0961507592614078,0.25264541438059646,0.25264541438059646,0.01886307479147079,15,0.08386380001320504
sun3d-mit_76_studyroom-76-1studyroom2,35,6,point_to_point,0.07487471111706846,34.76478055514651,0.85148535242306,0.8656589099942269,0.25293659973194615,0.2528113856802642,nan,50,0.3137998000020161
sun3d-mit_76_studyroom-76-1studyroom2,36,6,point_to_plane,0.18341603267304993,4.130973123141774,0.11150174485469722,0.09342080473877416,0.3597486585884165,0.3597486585884165,0.015871394280286253,10,0.06599590001860633
sun3d-mit_76_studyroom-76-1studyroom2,36,6,point_to_point,0.18341603267304993,52.62610134533383,1.561557343908106,1.1999222918636785,0.14336373203071404,0.1433833351154113,nan,50,0.30582249999861233
sun3d-mit_76_studyroom-76-1studyroom2,37,6,point_to_plane,0.13469384393258918,2.3834100333961,0.04539578394582992,0.0637673728565572,0.45343665680685924,0.45343665680685924,0.018507812672698472,12,0.09535310001228936
sun3d-mit_76_studyroom-76-1studyroom2,37,6,point_to_point,0.13469384393258918,51.90885873328565,1.662944079167945,1.2939292946495577,0.15199708433811265,0.15199849944876617,nan,50,0.3739268000063021
sun3d-mit_76_studyroom-76-1studyroom2,38,6,point_to_plane,0.28438505743096204,2.0119875552275244,0.09732997029198494,0.06957649449868657,0.3916749955505016,0.3916749955505016,0.021874813607815687,13,0.13157870000577532
sun3d-mit_76_studyroom-76-1studyroom2,38,6,point_to_point,0.28438505743096204,40.38550973986875,1.266299057493588,1.1102433271626113,0.18676240586168635,0.18676427527151737,nan,50,0.4981040999991819
sun3d-mit_76_studyroom-76-1studyroom2,39,6,point_to_plane,0.16484682577687967,2.5960414950751414,0.12861022296480212,0.06217549709220489,0.5400008064763395,0.5400008064763395,0.019483154544057083,23,0.2218789999897126
sun3d-mit_76_studyroom-76-1studyroom2,39,6,point_to_point,0.16484682577687967,74.6807433061503,1.5512932977510319,1.8297592770112954,0.20422706695130563,0.20422326406923577,nan,32,0.3165212000021711
sun3d-mit_76_studyroom-76-1studyroom2,44,6,point_to_plane,0.2256709204747653,2.934680986167863,0.4574272522613816,0.5591041322437603,0.458822625508353,0.458822625508353,0.03072170795021375,45,0.3966853999882005
sun3d-mit_76_studyroom-76-1studyroom2,44,6,point_to_point,0.2256709204747653,44.46745224484116,0.6607228488711581,1.1539985067631515,0.22196020068995334,0.2223756360094226,nan,50,0.44159480000962503
sun3d-mit_76_studyroom-76-1studyroom2,45,6,point_to_plane,0.3909588692519226,2.659654513275154,0.02735265697513434,0.11518474911447404,0.2303252599483389,0.2303252599483389,0.024596543455830847,50,0.4312291000096593
sun3d-mit_76_studyroom-76-1studyroom2,45,6,point_to_point,0.3909588692519226,12.331852988597811,0.33070396436009497,0.46654312862848885,0.16456221070944546,0.16456441998362392,nan,43,0.3786911999923177
sun3d-mit_76_studyroom-76-1studyroom2,46,6,point_to_plane,0.2277480261173907,2.1977691919199125,0.09912266803292422,0.06770917883278914,0.15040499756112802,0.15040499756112802,0.019243968905809584,50,0.4108968999935314
sun3d-mit_76_studyroom-76-1studyroom2,46,6,point_to_point,0.2277480261173907,16.098089009907987,0.492728874961444,0.4020764964968992,0.13342824278098456,0.13332943576638437,nan,50,0.40097300001070835
sun3d-mit_76_studyroom-76-1studyroom2,47,6,point_to_plane,0.26015800127401456,1.365663583572714,0.07589888163367951,0.06064053592947283,0.16061967656488785,0.16061967656488785,0.018972479203546933,16,0.14506710000569
sun3d-mit_76_studyroom-76-1studyroom2,47,6,point_to_point,0.26015800127401456,26.457327190639187,0.905895137798339,0.5346730649218567,0.16274483551727925,0.1627189573274234,nan,50,0.4305525000090711
sun3d-mit_76_studyroom-76-1studyroom2,48,6,point_to_plane,0.2165268473292323,1.047791199610771,0.05558627552444688,0.05331585374642138,0.1432008156135964,0.1432008156135964,0.01763667885975384,50,0.36282830001437105
sun3d-mit_76_studyroom-76-1studyroom2,48,6,point_to_point,0.2165268473292323,14.774294338217368,0.6949750091103643,0.31535715142460663,0.1432932103392147,0.14329284026821862,nan,50,0.3640241999819409
sun3d-mit_76_studyroom-76-1studyroom2,49,6,point_to_plane,0.17716910448052067,3.0726726577587824,0.08834760400740722,0.09883237493409767,0.10169091823143903,0.10169091823143903,0.019441264264667368,11,0.07099879998713732
sun3d-mit_76_studyroom-76-1studyroom2,49,6,point_to_point,0.17716910448052067,19.215359533724886,0.5563363486661091,0.41579890137317876,0.09058977315675602,0.09059305560224365,nan,50,0.2845521999988705
sun3d-mit_76_studyroom-76-1studyroom2,37,7,point_to_plane,0.10835118665345911,2.905717456750175,0.09334824971117733,0.06282794188561734,0.3624035732061315,0.3624035732061315,0.019645472535701397,17,0.12795329999062233
sun3d-mit_76_studyroom-76-1studyroom2,37,7,point_to_point,0.10835118665345911,48.57598940459651,1.5475983039092638,1.0572820142765706,0.16750991649456587,0.16749114700481682,nan,50,0.40169570001307875
sun3d-mit_76_studyroom-76-1studyroom2,38,7,point_to_plane,0.1692040939312239,2.2894207608486368,0.051435703772214944,0.06855963632450472,0.28469079435364686,0.28469079435364686,0.022793746685036358,12,0.12446670001372695
sun3d-mit_76_studyroom-76-1studyroom2,38,7,point_to_point,0.1692040939312239,23.242664365353935,0.9689054273395378,0.6997273663179301,0.19527430296358367,0.19526359086917625,nan,21,0.21102789998985827
sun3d-mit_76_studyroom-76-1studyroom2,39,7,point_to_plane,0.21518398912757522,2.255742544594551,0.05015193378712286,0.07341834485072882,0.41308051963848963,0.41308051963848963,0.019890098794460992,18,0.1728000000002794
sun3d-mit_76_studyroom-76-1studyroom2,39,7,point_to_point,0.21518398912757522,71.9258715684693,1.6449639931200437,1.6324546055566704,0.2562232034191548,0.2562570753453895,nan,50,0.5281854000058956
sun3d-mit_76_studyroom-76-1studyroom2,44,7,point_to_plane,0.25966336702766507,4.947816687713728,0.08696080599019286,0.1884976122887477,0.2134323188301471,0.2134323188301471,0.024733943951079605,27,0.22738330002175644
sun3d-mit_76_studyroom-76-1studyroom2,44,7,point_to_point,0.25966336702766507,18.349653513087247,0.46396874310927244,0.4022300892078661,0.21439401209023357,0.21440730059620203,nan,31,0.2627789000107441
sun3d-mit_76_studyroom-76-1studyroom2,45,7,point_to_plane,0.31195680805155485,2.8668566952565064,0.043301483036440304,0.09946371375710994,0.12071636653289398,0.12071636653289398,0.022004749134494916,19,0.16604750000988133
sun3d-mit_76_studyroom-76-1studyroom2,45,7,point_to_point,0.31195680805155485,4.954525923613721,0.19484142636224477,0.17197694293033325,0.11329688595256428,0.11329827841530034,nan,34,0.2698849999869708
sun3d-mit_76_studyroom-76-1studyroom2,46,7,point_to_plane,0.22862039592025868,0.868954658320927,0.026264934211575223,0.04105850898872844,0.14561555274341229,0.14561555274341229,0.019679621922001265,16,0.14826459999312647
sun3d-mit_76_studyroom-76-1studyroom2,46,7,point_to_point,0.22862039592025868,19.632821095690893,0.6305577527285384,0.36391623663714723,0.14616229264874267,0.14607367513034358,nan,50,0.4562218000064604
sun3d-mit_76_studyroom-76-1studyroom2,47,7,point_to_plane,0.36507816811589355,2.1784656243668357,0.04379229802746749,0.05979339417893175,0.2308092751006147,0.2308092751006147,0.02091620061676515,50,0.47118370002135634
sun3d-mit_76_studyroom-76-1studyroom2,47,7,point_to_point,0.36507816811589355,37.35298655731899,0.841869093536845,0.6657583123484261,0.19937354115449912,0.19937861754244351,nan,47,0.49034359998768196
sun3d-mit_76_studyroom-76-1studyroom2,48,7,point_to_plane,0.17048439622676595,2.00519285840758,0.05601952807169759,0.0417785529794726,0.25430116474100767,0.25430116474100767,0.01637137020943497,14,0.12215149999246933
sun3d-mit_76_studyroom-76-1studyroom2,48,7,point_to_point,0.17048439622676595,23.06816514094783,0.952406626439277,0.5667297685701254,0.1954858537197455,0.1954880932750417,nan,41,0.3499977999890689
sun3d-mit_76_studyroom-76-1studyroom2,49,7,point_to_plane,0.23875560676282453,1.3254726593124955,0.04780161928182151,0.03939091576756041,0.12933890872416545,0.12933890872416545,0.01696594605054454,11,0.07536039999104105
sun3d-mit_76_studyroom-76-1studyroom2,49,7,point_to_point,0.23875560676282453,22.554184803769356,0.6569925868544365,0.38749190377319337,0.12405417681625118,0.12405813120897342,nan,31,0.2046810000028927
sun3d-mit_76_studyroom-76-1studyroom2,37,8,point_to_plane,0.33026815040432744,6.698794707164401,0.29957988465563745,0.21935207646791977,0.19938193571874518,0.19938193571874518,0.043386712040452274,45,0.34191550000105053
sun3d-mit_76_studyroom-76-1studyroom2,37,8,point_to_point,0.33026815040432744,32.850638827375086,0.9428431196225245,0.5978248441825376,0.17766256058459082,0.17774584033901808,nan,50,0.4014663000125438
sun3d-mit_76_studyroom-76-1studyroom2,38,8,point_to_plane,0.17876471116703002,1.478494926245265,0.02250447316009497,0.053608775969063556,0.19446085772197377,0.19446085772197377,0.030287483407040714,50,0.47376409999560565
sun3d-mit_76_studyroom-76-1studyroom2,38,8,point_to_point,0.17876471116703002,11.439229661803921,0.1786090204957401,0.2358378367273747,0.20267270122518277,0.20264523166482162,nan,50,0.5057202999887522
sun3d-mit_76_studyroom-76-1studyroom2,39,8,point_to_plane,0.21905129364508374,2.0418364590409173,0.09630785995064645,0.05570550009016808,0.4907602727519405,0.4907602727519405,0.024786552394403357,15,0.16103770001791418
sun3d-mit_76_studyroom-76-1studyroom2,39,8,point_to_point,0.21905129364508374,54.988537350499115,1.5711716318558708,1.6356668124829208,0.2864745095888271,0.2864869232784409,nan,50,0.569863799988525
sun3d-mit_76_studyroom-76-1studyroom2,44,8,point_to_plane,0.31069945105796,3.1036521978523974,0.1977534239118123,0.09653581064495358,0.44446836900945935,0.44446836900945935,0.025472520818042327,20,0.1817016999993939
sun3d-mit_76_studyroom-76-1studyroom2,44,8,point_to_point,0.31069945105796,14.491615524565816,0.5888231086026359,0.9408621384149426,0.27046585431073894,0.27037177441774796,nan,10,0.09649260001606308
sun3d-mit_76_studyroom-76-1studyroom2,45,8,point_to_plane,0.2340610396073996,3.265663679549843,0.053454609690563114,0.1073621830798327,0.26389008935238667,0.26389008935238667,0.027673243644321766,21,0.17681020000600256
sun3d-mit_76_studyroom-76-1studyroom2,45,8,point_to_point,0.2340610396073996,16.665731102262082,0.6493144525275735,0.6260551846969342,0.17397090426554607,0.17397006238364673,nan,27,0.2253664000018034
sun3d-mit_76_studyroom-76-1studyroom2,46,8,point_to_plane,0.11935563900869098,3.092872356637589,0.05279257915406274,0.08115208265791973,0.2778712894741677,0.2778712894741677,0.024987301352908463,27,0.24523329999647103
sun3d-mit_76_studyroom-76-1studyroom2,46,8,point_to_point,0.11935563900869098,12.195869505557312,0.3622994382641339,0.6380340331930044,0.17956310271049739,0.17956380183706047,nan,47,0.4547786999901291
sun3d-mit_76_studyroom-76-1studyroom2,47,8,point_to_plane,0.12554895819319511,4.151515064036446,0.05153489968392756,0.08156718631324786,0.4293512986290183,0.4293512986290183,0.026151145174667358,10,0.10292000000481494
sun3d-mit_76_studyroom-76-1studyroom2,47,8,point_to_point,0.12554895819319511,17.01142675314517,0.5251241016762086,0.7767546113248158,0.23911975340347183,0.23911984084989815,nan,30,0.3041779999912251
sun3d-mit_76_studyroom-76-1studyroom2,48,8,point_to_plane,0.17739575061137103,8.16015783453041,0.21072726591548724,0.15403822658093347,0.4484865628333263,0.4484865628333263,0.026838138974690968,14,0.12451920000603423
sun3d-mit_76_studyroom-76-1studyroom2,48,8,point_to_point,0.17739575061137103,14.12179736867706,0.7189187497469951,0.8240505697690077,0.24912794249236642,0.24912806351524902,nan,50,0.4495253000059165
sun3d-mit_76_studyroom-76-1studyroom2,49,8,point_to_plane,0.1370306715921613,2.721500626777074,0.049498926269346724,0.05013800922858035,0.21736071422055578,0.21736071422055578,0.02193563417653803,11,0.07308040000498295
sun3d-mit_76_studyroom-76-1studyroom2,49,8,point_to_point,0.1370306715921613,11.102441640258915,0.32056207187077185,0.4783098429326232,0.15893398351708996,0.1589210812891749,nan,50,0.32911339998827316
sun3d-mit_76_studyroom-76-1studyroom2,50,8,point_to_plane,0.27839685662205876,0.9251417718778782,0.014016128776248221,0.044118830421823456,0.04425753415997836,0.04425753415997836,0.018188718167217146,15,0.10889450000831857
sun3d-mit_76_studyroom-76-1studyroom2,50,8,point_to_point,0.27839685662205876,3.351270871785475,0.09800006027833473,0.10872553641524009,0.04119995734232463,0.04120051536251135,nan,25,0.10969909999403171
sun3d-mit_76_studyroom-76-1studyroom2,51,8,point_to_plane,0.13714295544432925,3.2553787612614573,0.08220075108431464,0.10832966129911793,0.13279314206333034,0.13279314206333034,0.038153444480455996,11,0.12100300000747666
sun3d-mit_76_studyroom-76-1studyroom2,51,8,point_to_point,0.13714295544432925,6.387250008675244,0.20298076150381936,0.16941709659775,0.13156969829213916,0.13156998019663985,nan,26,0.1960770000005141
sun3d-mit_76_studyroom-76-1studyroom2,10,9,point_to_plane,0.15772752869492648,1.5757512718536373,0.05465561085189418,0.07170862830970638,0.16074942123840863,0.16074942123840863,0.020197866277914332,16,0.1910351999977138
sun3d-mit_76_studyroom-76-1studyroom2,10,9,point_to_point,0.15772752869492648,9.770265017563275,0.3043417650233401,0.4487629512138891,0.11197894381244688,0.11198418191321834,nan,28,0.28138480000779964
sun3d-mit_76_studyroom-76-1studyroom2,51,9,point_to_plane,0.14949359698812753,0.6305190606721961,0.02765212193676234,0.029930561294197622,0.04369886446479698,0.04369886446479698,0.020809091387589483,11,0.09314310000627302
sun3d-mit_76_studyroom-76-1studyroom2,51,9,point_to_point,0.14949359698812753,0.7985068041331849,0.04894479129542146,0.06932892252044745,0.04362356137151792,0.04362695631187067,nan,50,0.36024160002125427
sun3d-mit_76_studyroom-76-1studyroom2,52,9,point_to_plane,0.24986211833715116,0.5442383931778055,0.03884676150250942,0.029580184423785846,0.048996830821646034,0.048996830821646034,0.016575315634016815,13,0.14791520001017489
sun3d-mit_76_studyroom-76-1studyroom2,52,9,point_to_point,0.24986211833715116,1.9833955251621047,0.14260553533672973,0.07916798069747863,0.05291951241928124,0.052922028536517784,nan,24,0.19108390001929365
sun3d-mit_76_studyroom-76-1studyroom2,53,9,point_to_plane,0.2969889421407439,1.4052630200552967,0.05471900931761161,0.06333182406910969,0.12404005876724766,0.12404005876724766,0.022623070899989793,13,0.152094200020656
sun3d-mit_76_studyroom-76-1studyroom2,53,9,point_to_point,0.2969889421407439,3.4040367556543636,0.24084619118987183,0.28237861724127084,0.11324381936537325,0.11324385050251949,nan,41,0.39051470000413246
sun3d-mit_76_studyroom-76-1studyroom2,11,10,point_to_plane,0.16615532006983938,0.8556843540386128,0.027923182654156487,0.020822426365671234,0.12325928407385969,0.12325928407385969,0.01498408573219077,10,0.1310735000006389
sun3d-mit_76_studyroom-76-1studyroom2,11,10,point_to_point,0.16615532006983938,11.498461879942848,0.29375553008297606,0.3794109955572073,0.08339342857214382,0.0833938501992044,nan,50,0.44788819999666885
sun3d-mit_76_studyroom-76-1studyroom2,51,10,point_to_plane,0.17409236782020285,1.0162584504169265,0.0515621091117466,0.043651987754077914,0.23311953080097278,0.23311953080097278,0.025508396558834134,50,0.4588847999984864
sun3d-mit_76_studyroom-76-1studyroom2,51,10,point_to_point,0.17409236782020285,29.58551460958459,1.3607698282125869,0.770342211175421,0.13787057017237658,0.13788822030330036,nan,50,0.480407600000035
sun3d-mit_76_studyroom-76-1studyroom2,52,10,point_to_plane,0.2148933224546818,0.6898622238544347,0.031164879279344197,0.02126006992309602,0.10738839627551137,0.10738839627551137,0.014902541688111472,13,0.13117849998525344
sun3d-mit_76_studyroom-76-1studyroom2,52,10,point_to_point,0.2148933224546818,17.04511254327073,0.7202000267619353,0.4474030343905877,0.10755751547856146,0.1075448999951509,nan,50,0.5044058999919798
sun3d-mit_76_studyroom-76-1studyroom2,53,10,point_to_plane,0.1830080541244587,1.277392666521343,0.036218626730983396,0.02845573859759452,0.06736138204750941,0.06736138204750941,0.014933627945700582,11,0.10361479999846779
sun3d-mit_76_studyroom-76-1studyroom2,53,10,point_to_point,0.1830080541244587,8.485654820579816,0.24727422956658293,0.2542229192451792,0.06250026343096647,0.0624950748537172,nan,40,0.35904509999090806
sun3d-mit_76_studyroom-76-1studyroom2,54,10,point_to_plane,0.25915366964198,0.8044149298672308,0.014457889336484174,0.036033030573955835,0.19526894524525412,0.19526894524525412,0.015698315739866846,16,0.17782339997938834
sun3d-mit_76_studyroom-76-1studyroom2,54,10,point_to_point,0.25915366964198,18.720095410491094,0.3255077782520904,0.5881335859941523,0.15995745789458757,0.1599477320560074,nan,50,0.4754587000061292
sun3d-mit_76_studyroom-76-1studyroom2,12,11,point_to_plane,0.20295627637166422,2.188439638120879,0.07792569746447268,0.04673016567813594,0.2443444423754029,0.2443444423754029,0.016426674841431912,50,0.46655379998264834
sun3d-mit_76_studyroom-76-1studyroom2,12,11,point_to_point,0.20295627637166422,40.19364226525856,1.2181041863909419,0.8505389147260042,0.18969319772719717,0.18983180906609595,nan,50,0.4494453999795951
sun3d-mit_76_studyroom-76-1studyroom2,52,11,point_to_plane,0.3194883709288512,2.948646733341704,0.06242794925684508,0.08139612917810836,0.29412715034362774,0.29412715034362774,0.02463598913622527,25,0.2744961999997031
sun3d-mit_76_studyroom-76-1studyroom2,52,11,point_to_point,0.3194883709288512,34.75048467218554,1.4605575410086271,0.9986691121730485,0.1801064754771138,0.18009253533529074,nan,43,0.469047499995213
sun3d-mit_76_studyroom-76-1studyroom2,53,11,point_to_plane,0.10134905313645313,1.9179732074641804,0.04927394390140247,0.051704247101998564,0.19576732264495114,0.19576732264495114,0.021266900629718172,15,0.14902599999913946
sun3d-mit_76_studyroom-76-1studyroom2,53,11,point_to_point,0.10134905313645313,10.864147030933179,0.2499895128825748,0.5367659540211093,0.10980195055607038,0.10979465869502737,nan,31,0.29416230000788346
sun3d-mit_76_studyroom-76-1studyroom2,54,11,point_to_plane,0.20686824182200983,1.3363001599039974,0.05669948461982833,0.040647853019034764,0.08565222589035999,0.08565222589035999,0.01653572363310697,16,0.1261436000058893
sun3d-mit_76_studyroom-76-1studyroom2,54,11,point_to_point,0.20686824182200983,9.013705518282556,0.2974356782384151,0.2412442083126729,0.10243970745887096,0.10243304465928874,nan,50,0.3868151000060607
sun3d-mit_76_studyroom-76-1studyroom2,55,11,point_to_plane,0.2225446891295463,2.9333729607348826,0.11600477869317438,0.05979589364169214,0.17304485144199666,0.17304485144199666,0.017300421385588825,17,0.1864754999987781
sun3d-mit_76_studyroom-76-1studyroom2,55,11,point_to_point,0.2225446891295463,10.163429630433363,0.6571189947266403,0.29148777573270246,0.18908691469301875,0.18908860519893586,nan,46,0.438264700002037
sun3d-mit_76_studyroom-76-1studyroom2,52,12,point_to_plane,0.14117184492053153,2.7549360505713594,0.12889272965489684,0.06389468481669656,0.7693471729084618,0.7693471729084618,0.02356585236351531,14,0.22609199999715202
sun3d-mit_76_studyroom-76-1studyroom2,52,12,point_to_point,0.14117184492053153,41.298965013579696,1.3340632819448344,1.4740958758898655,0.1786257209960388,0.1786369478960671,nan,35,0.372542600001907
sun3d-mit_76_studyroom-76-1studyroom2,54,12,point_to_plane,0.16844587521680546,1.1637433356855105,0.02034424218204142,0.03827465992578206,0.47693085898817494,0.47693085898817494,0.012405055157944581,16,0.18063089999486692
sun3d-mit_76_studyroom-76-1studyroom2,54,12,point_to_point,0.16844587521680546,28.351107603835526,0.9240835081220549,0.8836509037357683,0.1509052687602177,0.15090572277175102,nan,42,0.34791449998738244
sun3d-mit_76_studyroom-76-1studyroom2,55,12,point_to_plane,0.23791291185923805,1.3699589406019377,0.03613162336874298,0.050347417330018636,0.09504905999022216,0.09504905999022216,0.019129512972177666,16,0.14284970000153407
sun3d-mit_76_studyroom-76-1studyroom2,55,12,point_to_point,0.23791291185923805,8.046813527015996,0.2607262549270675,0.27284036443698595,0.061921693262463065,0.06192145108107785,nan,40,0.31619579999824055
sun3d-mit_76_studyroom-76-1studyroom2,56,12,point_to_plane,0.2586022708072341,1.2059352759171407,0.04915481892599121,0.03966637956944168,0.1838742923098387,0.1838742923098387,0.017479296784102143,19,0.19546889999764971
sun3d-mit_76_studyroom-76-1studyroom2,56,12,point_to_point,0.2586022708072341,5.866071340284242,0.7554053160582054,0.5453785998994312,0.1469054747723553,0.1468965466822455,nan,18,0.15087849998963065
sun3d-mit_76_studyroom-76-1studyroom2,14,13,point_to_plane,0.2237566876076812,12.349861265148133,0.35350972548826537,0.3270559688966141,0.1875679616314174,0.1875679616314174,0.019227564418231622,30,0.20363879998330958
sun3d-mit_76_studyroom-76-1studyroom2,14,13,point_to_point,0.2237566876076812,24.26737950737445,0.7700831151392292,0.6436548754728422,0.18452627035215616,0.18450370608845465,nan,50,0.23345389997120947
sun3d-mit_76_studyroom-76-1studyroom2,15,13,point_to_plane,0.17606479696962676,0.49218020418765857,0.02785793378046685,0.034004716749276125,0.6540782296061229,0.6540782296061229,0.02569226534297387,50,0.5143779999925755
sun3d-mit_76_studyroom-76-1studyroom2,15,13,point_to_point,0.17606479696962676,40.24546660818456,1.7818541641907268,1.3107877761405817,0.39508264833854856,0.3950828467178712,nan,42,0.35430939999059774
sun3d-mit_76_studyroom-76-1studyroom2,54,13,point_to_plane,0.21827666083080682,12.908844746563839,0.7666544820711058,0.4120267065816273,1.116848305731251,1.116848305731251,0.01847891211689628,50,0.44354600002407096
sun3d-mit_76_studyroom-76-1studyroom2,54,13,point_to_point,0.21827666083080682,79.66025896707517,3.718253291683248,2.385863047056541,0.3081312610020556,0.30813091786887353,nan,25,0.2124803000187967
sun3d-mit_76_studyroom-76-1studyroom2,55,13,point_to_plane,0.21213836307539252,1.0718539616426412,0.07126877656623365,0.04471954694072518,0.6075790396973425,0.6075790396973425,0.01923189228961016,11,0.10784199999761768
sun3d-mit_76_studyroom-76-1studyroom2,55,13,point_to_point,0.21213836307539252,38.78502450934129,2.0358618511499955,1.5912007585907941,0.34709127354887254,0.3470636284359519,nan,50,0.5261908999818843
sun3d-mit_76_studyroom-76-1studyroom2,56,13,point_to_plane,0.1596913570180909,0.5032886369140783,0.010476670585867485,0.020256786088299325,0.17800849086990236,0.17800849086990236,0.014442045063848654,12,0.1000915999757126
sun3d-mit_76_studyroom-76-1studyroom2,56,13,point_to_point,0.1596913570180909,9.46301255838121,0.6673191681701608,0.30689512966324534,0.17210976543977544,0.17210491397204164,nan,31,0.23756380000850186
sun3d-mit_76_studyroom-76-1studyroom2,57,13,point_to_plane,0.280500738779188,2.139121370623796,0.07601268481484723,0.056428828496831944,0.3915380755863534,0.3915380755863534,0.024227046260635255,18,0.1956369999970775
sun3d-mit_76_studyroom-76-1studyroom2,57,13,point_to_point,0.280500738779188,29.877778429725534,0.8464429117372647,0.7415075853803148,0.3221354664817358,0.3221296223811029,nan,28,0.2458895999880042
sun3d-mit_76_studyroom-76-1studyroom2,15,14,point_to_plane,0.2910157702617383,1.0035135816885818,0.035732978483106144,0.05634675254045955,0.3857190641519906,0.3857190641519906,0.014222410826021123,14,0.10587939998367801
sun3d-mit_76_studyroom-76-1studyroom2,15,14,point_to_point,0.2910157702617383,37.30036130671406,1.1072420069932223,0.8892439795102991,0.29271679719870425,0.29273449639744414,nan,17,0.12089170000399463
sun3d-mit_76_studyroom-76-1studyroom2,18,14,point_to_plane,0.29940304222283615,13.427482787493188,0.40061888189756967,0.31748209390969606,0.6095796745450245,0.6095796745450245,0.023803895548591924,14,0.14820319999125786
sun3d-mit_76_studyroom-76-1studyroom2,18,14,point_to_point,0.29940304222283615,58.49536464672626,3.272556782355544,1.8388497889826987,0.2949625260768266,0.2960225450583542,nan,50,0.4395195000106469
sun3d-mit_76_studyroom-76-1studyroom2,56,14,point_to_plane,0.14928252747829643,2.1289307261427837,0.1140339633768091,0.0532302349859914,0.21528177823829006,0.21528177823829006,0.016247925980594168,50,0.3415990000066813
sun3d-mit_76_studyroom-76-1studyroom2,56,14,point_to_point,0.14928252747829643,16.55765960917592,0.43455618081951936,0.45657813941791087,0.17916779311146444,0.17916677471691472,nan,50,0.34966869998606853
sun3d-mit_76_studyroom-76-1studyroom2,57,14,point_to_plane,0.2743894923358838,0.7797748246025913,0.03763322068178542,0.02694368308034855,0.2146031666873516,0.2146031666873516,0.014300030672476448,13,0.09011089999694377
sun3d-mit_76_studyroom-76-1studyroom2,57,14,point_to_point,0.2743894923358838,14.120578184924552,0.5604772889649706,0.645605562809694,0.212505224586181,0.21247902340829292,nan,50,0.3544152000104077
sun3d-mit_76_studyroom-76-1studyroom2,18,15,point_to_plane,0.22597823364124908,0.7996131090382648,0.05981056596316723,0.07976691859650255,0.4537429978694114,0.4537429978694114,0.020137366430989286,27,0.2500759999966249
sun3d-mit_76_studyroom-76-1studyroom2,18,15,point_to_point,0.22597823364124908,15.043080946815744,1.3995940523933985,1.2579249770956926,0.26299195455368296,0.2628834019748813,nan,50,0.5237562999827787
sun3d-mit_76_studyroom-76-1studyroom2,56,15,point_to_plane,0.07672086486801193,1.9904213913107665,0.07903422180116339,0.0482809376312977,0.3577530750005525,0.3577530750005525,0.02128827705569514,12,0.1030116000038106
sun3d-mit_76_studyroom-76-1studyroom2,56,15,point_to_point,0.07672086486801193,6.89191490767396,0.5713951872714691,0.7277334519280803,0.23161573275584954,0.23161441954179546,nan,36,0.2963707000017166
sun3d-mit_76_studyroom-76-1studyroom2,57,15,point_to_plane,0.21366781981042451,2.57813611145012,0.1082140966422387,0.04859661830374615,0.16802793669855817,0.16802793669855817,0.01833510856369605,11,0.08189259999198839
sun3d-mit_76_studyroom-76-1studyroom2,57,15,point_to_point,0.21366781981042451,14.98235928535158,0.45846125916905367,0.45415398626536396,0.10451436327703059,0.10451606159857123,nan,44,0.2859959999914281
sun3d-mit_76_studyroom-76-1studyroom2,62,15,point_to_plane,0.16294908215206372,1.6040689180399723,0.039936733686635084,0.02975019129659862,0.3255925289031269,0.3255925289031269,0.027858086554313276,12,0.1481467999983579
sun3d-mit_76_studyroom-76-1studyroom2,62,15,point_to_point,0.16294908215206372,39.888763431288396,1.0373409256506874,0.9318673345932007,0.215324690582478,0.21532361189910915,nan,50,0.5075559000251815
sun3d-mit_76_studyroom-76-1studyroom2,17,16,point_to_plane,0.2203004793592362,1.6258509229817182,0.11273185468858507,0.060159038152102294,0.13618151641841503,0.13618151641841503,0.01909868596179161,8,0.0443059999961406
sun3d-mit_76_studyroom-76-1studyroom2,17,16,point_to_point,0.2203004793592362,3.4811621095335954,0.13780221903425882,0.12731511971782564,0.1438870786761003,0.14388724933863412,nan,31,0.1215321000199765
sun3d-mit_76_studyroom-76-1studyroom2,61,16,point_to_plane,0.22528052320553318,3.2287386087826175,0.07945998380460642,0.09603064008054739,0.35075567489877674,0.35075567489877674,0.03290182292570381,13,0.1496460000053048
sun3d-mit_76_studyroom-76-1studyroom2,61,16,point_to_point,0.22528052320553318,41.578410079331654,0.19494470344606715,0.7911477388550717,0.2520555797943833,0.25204318205224235,nan,36,0.25830889999633655
sun3d-mit_76_studyroom-76-1studyroom2,18,17,point_to_plane,0.13772256293668708,4.057790355184047,0.1616567476287045,0.10025665157957739,0.3857082320118056,0.3857082320118056,0.026516011206501534,9,0.07475949998479337
sun3d-mit_76_studyroom-76-1studyroom2,18,17,point_to_point,0.13772256293668708,20.103542537220935,0.5528821661916675,0.5338063673407992,0.3250387246017027,0.3250388443103523,nan,25,0.19445019998238422
sun3d-mit_76_studyroom-76-1studyroom2,19,17,point_to_plane,0.1784177338240516,5.142481523186576,0.2315863599201653,0.11031525958898336,0.5516211843607328,0.5516211843607328,0.026359839169653534,13,0.15420129999984056
sun3d-mit_76_studyroom-76-1studyroom2,19,17,point_to_point,0.1784177338240516,55.97710974985585,3.0227893043110425,1.2031428235841586,0.33042183608623826,0.3304259646857358,nan,35,0.32169680000515655
sun3d-mit_76_studyroom-76-1studyroom2,64,17,point_to_plane,0.2640142525799742,4.23441637467028,0.13571078943730058,0.07696035618245044,0.43726727818897215,0.43726727818897215,0.03441226629047157,50,0.5651780999905895
sun3d-mit_76_studyroom-76-1studyroom2,64,17,point_to_point,0.2640142525799742,44.74501920121673,1.9550281347604646,0.8311587660904917,0.3049761437006572,0.3049724779882488,nan,18,0.1982062000024598
sun3d-mit_76_studyroom-76-1studyroom2,19,18,point_to_plane,0.07487940384457895,1.3423971953069325,0.05286528363295013,0.04319590978224335,0.16011696015307542,0.16011696015307542,0.013302522996505552,11,0.10109860001830384
sun3d-mit_76_studyroom-76-1studyroom2,19,18,point_to_point,0.07487940384457895,14.553824180554388,0.42255433814906235,0.4014619922794682,0.16842757621895507,0.16842815942643835,nan,36,0.3402367999951821
sun3d-mit_76_studyroom-76-1studyroom2,20,18,point_to_plane,0.3308688147683304,2.5335785053078723,0.3284550815520958,0.3585302104301381,0.4789310459636648,0.4789310459636648,0.05941846949530018,28,0.3637503999925684
sun3d-mit_76_studyroom-76-1studyroom2,20,18,point_to_point,0.3308688147683304,19.380749345698444,0.5508621464496268,1.115864699837316,0.24510245549074647,0.24510168488153658,nan,40,0.4007596999872476
sun3d-mit_76_studyroom-76-1studyroom2,62,18,point_to_plane,0.4399402627502833,1.3696267406318021,0.11550471727020421,0.060141897013470974,0.21999202877774526,0.21999202877774526,0.02080526043942846,20,0.1964649000146892
sun3d-mit_76_studyroom-76-1studyroom2,62,18,point_to_point,0.4399402627502833,12.671260504583916,0.8728116383168244,0.6556322583113011,0.16660714671558108,0.16658364384362526,nan,50,0.5211363999987952
sun3d-mit_76_studyroom-76-1studyroom2,63,18,point_to_plane,0.24820527398714518,0.6400518648051263,0.040603563394663866,0.052695928643850955,0.13856105840105484,0.13856105840105484,0.023354861781754676,17,0.1800572999927681
sun3d-mit_76_studyroom-76-1studyroom2,63,18,point_to_point,0.24820527398714518,10.206304078528554,0.6751096242501822,0.3683337169349183,0.13560897269136613,0.13560376892614434,nan,50,0.4248854999896139
sun3d-mit_76_studyroom-76-1studyroom2,64,18,point_to_plane,0.34643144004177107,1.8347817951748173,0.03457641283063231,0.061396018101215706,0.14686421649299525,0.14686421649299525,0.023626873889968026,14,0.1520565999962855
sun3d-mit_76_studyroom-76-1studyroom2,64,18,point_to_point,0.34643144004177107,10.383761240044347,0.2895692432175647,0.259735650198203,0.1594875909760838,0.1595039301478692,nan,44,0.4528771999757737
sun3d-mit_76_studyroom-76-1studyroom2,20,19,point_to_plane,0.2909535767054612,0.42018883314418515,0.045734137219921187,0.03603223152011804,0.19806324779189288,0.19806324779189288,0.01579480893553878,16,0.15157700001145713
sun3d-mit_76_studyroom-76-1studyroom2,20,19,point_to_point,0.2909535767054612,11.93126186499554,0.3683558323629945,0.8222620446497078,0.1665940999910132,0.1666039926212996,nan,39,0.39077960001304746
sun3d-mit_76_studyroom-76-1studyroom2,21,19,point_to_plane,0.1850794200787494,4.7863348920721105,0.3048275741601349,0.13329641426067704,0.2941081103585325,0.2941081103585325,0.022679612160066632,12,0.1392645000014454
sun3d-mit_76_studyroom-76-1studyroom2,21,19,point_to_point,0.1850794200787494,16.19747555674489,0.26251080410946426,0.9322150194127046,0.16197624733520574,0.16197610255401004,nan,50,0.4270824000122957
sun3d-mit_76_studyroom-76-1studyroom2,64,19,point_to_plane,0.19694862806073796,1.0770985880754453,0.07572947237042321,0.09097701099665237,0.11543395331358833,0.11543395331358833,0.02882934438908267,50,0.5577838000026532
sun3d-mit_76_studyroom-76-1studyroom2,64,19,point_to_point,0.19694862806073796,6.70635530549588,0.20934072890651137,0.22523269077972863,0.11934930592608599,0.11934966425910366,nan,40,0.4205415000033099
sun3d-mit_76_studyroom-76-1studyroom2,65,19,point_to_plane,0.18544189121025068,2.7500717448223067,0.12404508684529933,0.07785153551507902,0.2012694219692807,0.2012694219692807,0.02880745250227952,20,0.26329360000090674
sun3d-mit_76_studyroom-76-1studyroom2,65,19,point_to_point,0.18544189121025068,23.646761273910457,0.8313181481368033,0.8546509351113214,0.17154266608982288,0.1716027624326115,nan,50,0.5834079000051133
sun3d-mit_76_studyroom-76-1studyroom2,21,20,point_to_plane,0.22860690866435868,0.7341543735293761,0.014503460228532718,0.02063330082420233,0.05160404957715117,0.05160404957715117,0.014520845300778898,14,0.10245079998276196
sun3d-mit_76_studyroom-76-1studyroom2,21,20,point_to_point,0.22860690866435868,0.7601908592765632,0.08677745213065259,0.06885260965040388,0.0529738520854944,0.052973897766121936,nan,47,0.3112670000118669
sun3d-mit_76_studyroom-76-1studyroom2,22,20,point_to_plane,0.28372715430013234,1.519983505895372,0.07295969847779374,0.05178946036093328,0.12237206161518276,0.12237206161518276,0.02091178290612162,11,0.10693530002026819
sun3d-mit_76_studyroom-76-1studyroom2,22,20,point_to_point,0.28372715430013234,8.558897435823086,0.15227301344764524,0.30162807149448845,0.14052747395866658,0.14047670008937743,nan,50,0.3192943000176456
sun3d-mit_76_studyroom-76-1studyroom2,23,20,point_to_plane,0.19890092357678854,1.8583719266136083,0.10770516428018134,0.043462124035621254,0.30991931044391846,0.30991931044391846,0.029866622811996656,15,0.16641890001483262
sun3d-mit_76_studyroom-76-1studyroom2,23,20,point_to_point,0.19890092357678854,3.8934841528536075,1.0947721160434483,1.070830471591973,0.09036680132900825,0.09036608218434312,nan,33,0.27869010000722483
sun3d-mit_76_studyroom-76-1studyroom2,34,20,point_to_plane,0.11747405826292807,0.23384340489803815,0.07517305035187137,0.0793359600760561,0.12951801432761462,0.12951801432761462,0.029416491412280525,14,0.11957529999199323
sun3d-mit_76_studyroom-76-1studyroom2,34,20,point_to_point,0.11747405826292807,3.6671196815884928,0.24101683876584143,0.15957251281564647,0.13613530928567383,0.1361363887257435,nan,44,0.36006839998299256
sun3d-mit_76_studyroom-76-1studyroom2,64,20,point_to_plane,0.18763720637519107,3.306588123906528,0.17386578970473834,0.08365058082361529,0.17514973480259272,0.17514973480259272,0.026627590436696415,50,0.5154769000073429
sun3d-mit_76_studyroom-76-1studyroom2,64,20,point_to_point,0.18763720637519107,4.969213530473675,0.46264338645632774,0.49226893126087257,0.16717900247175363,0.16715650768371626,nan,50,0.5538401000085287
sun3d-mit_76_studyroom-76-1studyroom2,65,20,point_to_plane,0.21290950280566365,1.5812261077127403,0.09798615459458246,0.042518702285372294,0.1627922374594973,0.1627922374594973,0.026207615262582133,12,0.12630990002071485
sun3d-mit_76_studyroom-76-1studyroom2,65,20,point_to_point,0.21290950280566365,4.982335179168314,0.36268327805104417,0.21667770474053089,0.15399742662504787,0.1539996334447896,nan,31,0.31483489999664016
sun3d-mit_76_studyroom-76-1studyroom2,22,21,point_to_plane,0.08688159862596187,0.6342869760107733,0.02714993514304464,0.010994991531731727,0.055550318837837745,0.055550318837837745,0.013015199162258899,11,0.06452949999948032
sun3d-mit_76_studyroom-76-1studyroom2,22,21,point_to_point,0.08688159862596187,2.803561963759324,0.07254473361286884,0.08036234213403758,0.06168994641230604,0.06168892820054577,nan,20,0.10365799997816794
sun3d-mit_76_studyroom-76-1studyroom2,23,21,point_to_plane,0.3126032277501411,4.130192891927116,0.24335459907251974,0.07076836868073058,0.23996363792379574,0.23996363792379574,0.02944217817025929,30,0.2516475000011269
sun3d-mit_76_studyroom-76-1studyroom2,23,21,point_to_point,0.3126032277501411,4.219147159049224,0.8054831211256048,1.000763681513993,0.09590408769578203,0.0959120897687586,nan,50,0.4320993000001181
sun3d-mit_76_studyroom-76-1studyroom2,24,21,point_to_plane,0.23718461817381753,3.0606801992079893,0.16204293249009105,0.06316595295675691,0.4795991741097729,0.4795991741097729,0.024245381463046667,13,0.1614390999893658
sun3d-mit_76_studyroom-76-1studyroom2,24,21,point_to_point,0.23718461817381753,6.8180060499707675,1.3350616873663619,1.246670339195524,0.13291668365816875,0.1328723927165599,nan,50,0.4859545000072103
sun3d-mit_76_studyroom-76-1studyroom2,34,21,point_to_plane,0.27739993393705636,2.01209912264501,0.07259033381472811,0.048022188779175176,0.1520352331623302,0.1520352331623302,0.03251024620895533,12,0.11703249998390675
sun3d-mit_76_studyroom-76-1studyroom2,34,21,point_to_point,0.27739993393705636,7.218733456059361,0.19450971958250665,0.181861256426102,0.16107623059525789,0.1609079426403604,nan,31,0.27797860000282526
sun3d-mit_76_studyroom-76-1studyroom2,65,21,point_to_plane,0.059895637320877326,0.5623396892988515,0.11558212456338321,0.09764888502847904,0.25868746445267504,0.25868746445267504,0.032454941079249656,10,0.11527909999131225
sun3d-mit_76_studyroom-76-1studyroom2,65,21,point_to_point,0.059895637320877326,7.73244506752526,0.544752535363611,0.5115243675852319,0.21101226554638125,0.2109900288280615,nan,50,0.6030377000279259
sun3d-mit_76_studyroom-76-1studyroom2,23,22,point_to_plane,0.4315765138309591,4.452241604691617,0.14369139158160155,0.36956070327185264,0.12211594509857908,0.12211594509857908,0.037561718082433145,7,0.06337790001998655
sun3d-mit_76_studyroom-76-1studyroom2,23,22,point_to_point,0.4315765138309591,4.242710568199672,0.30977597925997347,0.41398439232416867,0.11831008551260744,0.11831120400688758,nan,33,0.24816529999952763
sun3d-mit_76_studyroom-76-1studyroom2,24,22,point_to_plane,0.15344160420251524,1.2950254122235743,0.05937067662180355,0.03752374419927532,0.3126618954639541,0.3126618954639541,0.02330081371959149,13,0.1159466999815777
sun3d-mit_76_studyroom-76-1studyroom2,24,22,point_to_point,0.15344160420251524,6.0886102431763724,0.7108942062094277,1.0054083331542905,0.14008866817053103,0.14014918174080276,nan,50,0.46700789997703396
sun3d-mit_76_studyroom-76-1studyroom2,33,22,point_to_plane,0.25931080369642784,1.272710927147667,0.08670459416199276,0.09362379399991644,0.40444850703592555,0.40444850703592555,0.0278514334054511,19,0.2705091999960132
sun3d-mit_76_studyroom-76-1studyroom2,33,22,point_to_point,0.25931080369642784,11.845889415816567,0.8256479149399153,0.8893255642808833,0.25746227152253465,0.2574616186826126,nan,29,0.4337344999948982
sun3d-mit_76_studyroom-76-1studyroom2,34,22,point_to_plane,0.1427509211240948,3.353834708556018,0.05414039916023324,0.056514562089707635,0.19959475458306972,0.19959475458306972,0.030259704312123846,8,0.06883350000134669
sun3d-mit_76_studyroom-76-1studyroom2,34,22,point_to_point,0.1427509211240948,2.09617899464055,0.2415772932481236,0.24635467714441645,0.2123476165495316,0.21234754432775005,nan,49,0.3974515000008978
sun3d-mit_76_studyroom-76-1studyroom2,65,22,point_to_plane,0.3997952091747817,2.3984886265628216,0.14124449177849072,0.10534434280592199,0.3469963652223606,0.3469963652223606,0.03598521821043177,50,0.4924843999906443
sun3d-mit_76_studyroom-76-1studyroom2,65,22,point_to_point,0.3997952091747817,28.29627249798947,1.8038728455105908,0.8707828530584517,0.25609223589337443,0.256084475036473,nan,40,0.46633789999759756
sun3d-mit_76_studyroom-76-1studyroom2,24,23,point_to_plane,0.29857382310783187,4.634196159834838,0.2512805471622052,0.13367957202247474,0.12504676426273717,0.12504676426273717,0.019616778409542956,15,0.13581979999435134
sun3d-mit_76_studyroom-76-1studyroom2,24,23,point_to_point,0.29857382310783187,3.8175803445324172,0.15459661026066654,0.2671905048154265,0.13709162229712163,0.1370929989952333,nan,32,0.29138999999850057
sun3d-mit_76_studyroom-76-1studyroom2,33,23,point_to_plane,0.21794380924698342,15.545919518723318,0.7138240824380033,0.4537179671389136,0.2262262814090625,0.2262262814090625,0.03436793155750444,34,0.4465743000037037
sun3d-mit_76_studyroom-76-1studyroom2,33,23,point_to_point,0.21794380924698342,14.468281577996311,0.5630540426853216,0.591582322726151,0.22379928374387995,0.2237961087773773,nan,50,0.6636636000184808
sun3d-mit_76_studyroom-76-1studyroom2,25,24,point_to_plane,0.20021098877109275,1.1542936539559654,0.06944350826651077,0.060527242521218265,0.2585371119139255,0.2585371119139255,0.02091051402840206,13,0.19083259999752045
sun3d-mit_76_studyroom-76-1studyroom2,25,24,point_to_point,0.20021098877109275,17.8332831958352,0.5409121957215528,0.8330451505316114,0.1917273087887465,0.19172531716325608,nan,44,0.6132442999805789
sun3d-mit_76_studyroom-76-1studyroom2,32,24,point_to_plane,0.278607838372067,0.7283223103281768,0.03352364304704151,0.04352102032073764,0.20741522644175306,0.20741522644175306,0.01981869529220827,22,0.2704758000036236
sun3d-mit_76_studyroom-76-1studyroom2,32,24,point_to_point,0.278607838372067,11.075159084454018,0.21864196776569192,0.6267691313985438,0.16071294489606502,0.16070354972455467,nan,45,0.5311208000057377
sun3d-mit_76_studyroom-76-1studyroom2,33,24,point_to_plane,0.2958283672927605,3.077906540574127,0.16655899103194108,0.07548977874569057,0.20752443938113754,0.20752443938113754,0.022488442519234177,13,0.17203639997751452
sun3d-mit_76_studyroom-76-1studyroom2,33,24,point_to_point,0.2958283672927605,7.393134737605231,0.3344842204706938,0.44810859545946735,0.1895238519040369,0.18955283611558385,nan,26,0.3746539000130724
sun3d-mit_76_studyroom-76-1studyroom2,26,25,point_to_plane,0.10492091382275803,0.7276302694284469,0.04034399554132204,0.03162229701171085,0.16947302272500409,0.16947302272500409,0.020032678431406752,11,0.21105429998715408
sun3d-mit_76_studyroom-76-1studyroom2,26,25,point_to_point,0.10492091382275803,14.185877951984613,0.4519149033896296,0.4590270899034564,0.14699072205997005,0.14699539549238133,nan,50,0.8378932999912649
sun3d-mit_76_studyroom-76-1studyroom2,27,25,point_to_plane,0.21589785931730862,0.4358941392342708,0.03178182749642709,0.018687096553620892,0.12106713173375752,0.12106713173375752,0.01823717910397179,11,0.19283159999758936
sun3d-mit_76_studyroom-76-1studyroom2,27,25,point_to_point,0.21589785931730862,7.446778429753114,0.3375676133521872,0.17431098025144795,0.13262286629308528,0.13262149164795883,nan,50,0.6930056000128388
sun3d-mit_76_studyroom-76-1studyroom2,32,25,point_to_plane,0.2815188599383085,0.586287883482583,0.028596465754494566,0.016043984344588452,0.07080015014995991,0.07080015014995991,0.015965588891024632,13,0.15245989998220466
sun3d-mit_76_studyroom-76-1studyroom2,32,25,point_to_point,0.2815188599383085,2.66684795756151,0.09708233570529264,0.07326492146431451,0.07710713027181655,0.07710712547249118,nan,44,0.45079449997865595
sun3d-mit_76_studyroom-76-1studyroom2,33,25,point_to_plane,0.31580442075773923,4.068835012925786,0.2796651543697218,0.38232308085666133,0.3549261887791389,0.3549261887791389,0.05338334755701036,24,0.4199310000112746
sun3d-mit_76_studyroom-76-1studyroom2,33,25,point_to_point,0.31580442075773923,23.551141263174898,0.46749310754734813,0.7815222048149648,0.22634806918374098,0.22629099654172008,nan,50,0.8211582000076305
sun3d-mit_76_studyroom-76-1studyroom2,27,26,point_to_plane,0.20927816556042886,1.3379614247136937,0.07395001954996043,0.03029351493276515,0.10165870983133066,0.10165870983133066,0.013388957933670705,11,0.16030059999320656
sun3d-mit_76_studyroom-76-1studyroom2,27,26,point_to_point,0.20927816556042886,5.206187647265041,0.2079111188638529,0.21260754758718034,0.12303571080649027,0.12303041816354156,nan,50,0.7548817000060808
sun3d-mit_76_studyroom-76-1studyroom2,32,26,point_to_plane,0.16737148195498916,1.1655329558824652,0.05819035585052257,0.031180515284826488,0.10630417860610705,0.10630417860610705,0.01542814823176246,14,0.1770085000025574
sun3d-mit_76_studyroom-76-1studyroom2,32,26,point_to_point,0.16737148195498916,5.886037904582981,0.31707515320104174,0.2907362164059539,0.10453249105390873,0.10453236482772126,nan,50,0.6209656000137329
sun3d-mit_76_studyroom-76-1studyroom2,28,27,point_to_plane,0.23302542145062813,1.2095852545166599,0.07652766564569717,0.040911545346390896,0.08964971741782948,0.08964971741782948,0.013986205507305862,8,0.13169889998971485
sun3d-mit_76_studyroom-76-1studyroom2,28,27,point_to_point,0.23302542145062813,2.098646434049731,0.20810021952600571,0.2514050594340312,0.09456580454100352,0.0945655820650331,nan,45,0.478735599986976
sun3d-mit_76_studyroom-76-1studyroom2,31,27,point_to_plane,0.19023943656551212,0.5903145451606971,0.030610723743512914,0.02302405564684658,0.1454954633747425,0.1454954633747425,0.011294828019311485,8,0.10267389999353327
sun3d-mit_76_studyroom-76-1studyroom2,31,27,point_to_point,0.19023943656551212,2.2727001297815814,0.4950314277529147,0.5029629539075301,0.1053166957034806,0.10531847773901189,nan,50,0.42108279999229126
sun3d-mit_76_studyroom-76-1studyroom2,32,27,point_to_plane,0.17406597136793686,0.47758263593156197,0.030751392081228943,0.01671945058258738,0.03919084320846385,0.03919084320846385,0.011123251686612734,14,0.16622230000211857
sun3d-mit_76_studyroom-76-1studyroom2,32,27,point_to_point,0.17406597136793686,1.9465688108203898,0.10074700597849118,0.07965389670135913,0.04495064630866176,0.044951225736813184,nan,50,0.5283749999944121
sun3d-mit_76_studyroom-76-1studyroom2,33,27,point_to_plane,0.1860870751365763,0.7877868500426134,0.051299333446530856,0.035825154231260536,0.3708257510718103,0.3708257510718103,0.020445382466560736,11,0.16981249998207204
sun3d-mit_76_studyroom-76-1studyroom2,33,27,point_to_point,0.1860870751365763,12.135980145661641,1.0397354651365274,1.2223265613041812,0.13503987761510713,0.13501962192816605,nan,50,0.7868164999817964
sun3d-mit_76_studyroom-76-1studyroom2,29,28,point_to_plane,0.3414109001780942,0.5185137100019346,0.037763727679170626,0.025554030905788828,0.08273924779918028,0.08273924779918028,0.010994924096674229,16,0.17920569999841973
sun3d-mit_76_studyroom-76-1studyroom2,29,28,point_to_point,0.3414109001780942,1.2341486652669174,0.2883233119750046,0.2918478357543847,0.08804081656868633,0.08804484493299428,nan,50,0.43384479999076575
sun3d-mit_76_studyroom-76-1studyroom2,30,28,point_to_plane,0.2185530109414884,0.42062094865342886,0.026115164673743564,0.02306316932165803,0.1288822477391229,0.1288822477391229,0.01148649403633087,11,0.12494579999474809
sun3d-mit_76_studyroom-76-1studyroom2,30,28,point_to_point,0.2185530109414884,5.067127296086698,0.5237313568707471,0.463621971560712,0.11493739674655477,0.11489543761892101,nan,50,0.4070285000198055
sun3d-mit_76_studyroom-76-1studyroom2,31,28,point_to_plane,0.22220734081430787,0.31042919117179885,0.012186879582856835,0.004592770580837725,0.025175328829269702,0.025175328829269702,0.007357305282143608,8,0.06280529999639839
sun3d-mit_76_studyroom-76-1studyroom2,31,28,point_to_point,0.22220734081430787,0.5392197261259073,0.01432525167134378,0.017010143499674224,0.025885295738579114,0.02588153253256214,nan,24,0.16110210001352243
sun3d-mit_76_studyroom-76-1studyroom2,32,28,point_to_plane,0.3774172653089712,2.176774793528274,0.1539116264979897,0.09179225953209007,0.18141569574350666,0.18141569574350666,0.018800309860241858,13,0.16506219998700544
sun3d-mit_76_studyroom-76-1studyroom2,32,28,point_to_point,0.3774172653089712,11.734917827077515,0.1000471314685811,0.4384378042877186,0.1654412634106968,0.16544457470925875,nan,47,0.61507959998562
sun3d-mit_76_studyroom-76-1studyroom2,30,29,point_to_plane,0.13879126637628247,0.2873422870058883,0.010312026861582313,0.012478131197192687,0.022656367973986836,0.022656367973986836,0.007413783090316342,10,0.06215360001078807
sun3d-mit_76_studyroom-76-1studyroom2,30,29,point_to_point,0.13879126637628247,0.2913518793036099,0.015074114170793922,0.020404762351130697,0.02324902552928822,0.0232491887058542,nan,30,0.15472910000244156
sun3d-mit_76_studyroom-76-1studyroom2,31,29,point_to_plane,0.21827175225794893,1.0804634209500585,0.044424658855002123,0.018178479360836206,0.04635258028559904,0.04635258028559904,0.009712167239984542,10,0.06904709999798797
sun3d-mit_76_studyroom-76-1studyroom2,31,29,point_to_point,0.21827175225794893,1.9179573011672115,0.09479493438093183,0.06987129932864454,0.053508710752726,0.05349973810083648,nan,30,0.1878355999942869
sun3d-mit_76_studyroom-76-1studyroom2,32,29,point_to_plane,0.15313540468323666,1.2689220764475355,0.06371976898255909,0.04021479770369167,0.6661190148585797,0.6661190148585797,0.015601970635033388,8,0.11449400000856258
sun3d-mit_76_studyroom-76-1studyroom2,32,29,point_to_point,0.15313540468323666,54.47876199780805,1.298719610802276,1.9541337506986416,0.2108359924133129,0.2106306409219405,nan,50,0.6699055000208318
sun3d-mit_76_studyroom-76-1studyroom2,31,30,point_to_plane,0.22677530753362596,1.0152952115206975,0.044646775600381196,0.021750632497853584,0.17928285075017583,0.17928285075017583,0.011130291267134867,9,0.060521199979120865
sun3d-mit_76_studyroom-76-1studyroom2,31,30,point_to_point,0.22677530753362596,6.349227670628982,0.9125007102554038,0.8327475253782555,0.12026311804306969,0.12025363430950817,nan,50,0.35072059999220073
sun3d-mit_76_studyroom-76-1studyroom2,32,30,point_to_plane,0.30427255133981324,2.3844204335056114,0.0897369825895239,0.0639705887896812,1.0574316856117176,1.0574316856117176,0.011309770232066838,14,0.15578570001525804
sun3d-mit_76_studyroom-76-1studyroom2,32,30,point_to_point,0.30427255133981324,43.01565678965415,1.7519000647496823,2.121040974086512,0.2438668397888948,0.2439744113680068,nan,50,0.5875282000051811
sun3d-mit_76_studyroom-76-1studyroom2,32,31,point_to_plane,0.15349346853858878,0.9224969406303445,0.04412782725890245,0.01996936807696012,0.5980115231010215,0.5980115231010215,0.011866325288456464,10,0.13441110000712797
sun3d-mit_76_studyroom-76-1studyroom2,32,31,point_to_point,0.15349346853858878,45.38288874712235,1.5372071634331548,1.6330860352559138,0.22098110131998122,0.2211198475905078,nan,50,0.6782024999847636
sun3d-mit_76_studyroom-76-1studyroom2,33,32,point_to_plane,0.267722492676451,4.0933495309583625,0.14477855277864402,0.09686322488218045,0.3717677543336591,0.3717677543336591,0.01830848799831028,15,0.20411219997913577
sun3d-mit_76_studyroom-76-1studyroom2,33,32,point_to_point,0.267722492676451,12.184408414733198,0.6754788871566986,1.19891111343188,0.13602080942148745,0.13600153842027995,nan,50,0.6792394999938551
sun3d-mit_76_studyroom-76-1studyroom2,65,33,point_to_plane,0.3773318057880064,4.461666146800772,0.18479688484688914,0.06957369019052459,0.4085144926128131,0.4085144926128131,0.034309008337887296,24,0.27201139999669977
sun3d-mit_76_studyroom-76-1studyroom2,65,33,point_to_point,0.3773318057880064,9.300596942853707,1.2346360328141925,1.1691877024445418,0.11403033017421188,0.11402248170023425,nan,47,0.5239460000011604
sun3d-mit_76_studyroom-76-1studyroom2,35,34,point_to_plane,0.18178171205680033,1.3510726830313493,0.04789953673759959,0.031441378458732454,0.2005097500875613,0.2005097500875613,0.010664644743760943,12,0.07195620000129566
sun3d-mit_76_studyroom-76-1studyroom2,35,34,point_to_point,0.18178171205680033,43.187671902150555,2.4125829852278193,1.2688615780589556,0.20890289675461088,0.20937183033038423,nan,50,0.36408629998913966
sun3d-mit_76_studyroom-76-1studyroom2,36,34,point_to_plane,0.37201743491272055,1.9105976918403262,0.06896560526261168,0.0554326260120212,0.568029460599572,0.568029460599572,0.011395018059394451,14,0.0954941000090912
sun3d-mit_76_studyroom-76-1studyroom2,36,34,point_to_point,0.37201743491272055,43.750162524921436,2.8698408812456644,1.7254351719630672,0.15687648918710728,0.15688883392499756,nan,50,0.39052929999888875
sun3d-mit_76_studyroom-76-1studyroom2,37,34,point_to_plane,0.1178924447854692,2.070694773148047,0.07364671209717903,0.05860831737353872,0.7614260963341744,0.7614260963341744,0.01374147615202081,8,0.06700509999063797
sun3d-mit_76_studyroom-76-1studyroom2,37,34,point_to_point,0.1178924447854692,32.36120280796423,3.1046038700654712,2.243180572948647,0.16467938770614096,0.16618333567088775,nan,50,0.46150490001309663
sun3d-mit_76_studyroom-76-1studyroom2,64,34,point_to_plane,0.2795036006214628,6.507631369336544,0.9572615319519222,1.1146179204713675,0.2053079710123283,0.2053079710123283,0.03175027116586835,39,0.4432207999925595
sun3d-mit_76_studyroom-76-1studyroom2,64,34,point_to_point,0.2795036006214628,33.36977789262967,1.8107293307608496,1.0786659102208678,0.20155831030201599,0.20157177838902127,nan,50,0.5654900999797974
sun3d-mit_76_studyroom-76-1studyroom2,65,34,point_to_plane,0.2736352363955594,11.041334507132685,0.3198795374704865,0.5707718266172288,0.2946347572215665,0.2946347572215665,0.04599747922093852,22,0.24770690000150353
sun3d-mit_76_studyroom-76-1studyroom2,65,34,point_to_point,0.2736352363955594,29.930242556500158,1.4235120644389763,0.9169155671004314,0.2450156933834296,0.2449941979305354,nan,39,0.4502896000049077
sun3d-mit_76_studyroom-76-1studyroom2,36,35,point_to_plane,0.14221365721781445,0.9344258245612874,0.032720785581615446,0.016546283685852026,0.22423363384762388,0.22423363384762388,0.009888446397322819,12,0.0768365999974776
sun3d-mit_76_studyroom-76-1studyroom2,36,35,point_to_point,0.14221365721781445,17.034703054765277,0.3918631301815278,0.587882778454324,0.15038310865610896,0.1503843074404139,nan,45,0.2633812999993097
sun3d-mit_76_studyroom-76-1studyroom2,37,35,point_to_plane,0.3584618605434993,0.8716785751573677,0.03729448697876861,0.020688406498052772,0.37099745442978316,0.37099745442978316,0.011601664712014903,50,0.41816309999558143
sun3d-mit_76_studyroom-76-1studyroom2,37,35,point_to_point,0.3584618605434993,27.993551685635985,0.5676511458803798,0.8828982727296767,0.20285692901546465,0.20287569362434305,nan,21,0.1638797999767121
sun3d-mit_76_studyroom-76-1studyroom2,38,35,point_to_plane,0.28098546999686996,1.7756721007853786,0.0852626296194664,0.054586304670589746,0.5635116813977552,0.5635116813977552,0.014508442497788245,14,0.17909460002556443
sun3d-mit_76_studyroom-76-1studyroom2,38,35,point_to_point,0.28098546999686996,36.13295442276586,0.4029213786444469,1.2373196941090527,0.25141192570394844,0.2514016250365524,nan,27,0.3084845999837853
sun3d-mit_76_studyroom-76-1studyroom2,45,35,point_to_plane,0.13823241300822306,6.059912747023032,0.24471109790701354,0.16558606916643728,0.8768331511844079,0.8768331511844079,0.014069104899863296,50,0.5856377999880351
sun3d-mit_76_studyroom-76-1studyroom2,45,35,point_to_point,0.13823241300822306,74.79491003564054,2.2273685352409944,2.123507591968303,0.23512958889646163,0.23513004866153894,nan,48,0.4931862000084948
sun3d-mit_76_studyroom-76-1studyroom2,46,35,point_to_plane,0.2816030080067954,3.3095878449418676,0.11713890007808292,0.07638684563354406,0.5945854321852359,0.5945854321852359,0.014925994207909996,13,0.15407749998848885
sun3d-mit_76_studyroom-76-1studyroom2,46,35,point_to_point,0.2816030080067954,37.02214504080611,1.0926293720237068,1.3011112603163288,0.26014050509832726,0.2601351723264751,nan,23,0.25698509998619556
sun3d-mit_76_studyroom-76-1studyroom2,47,35,point_to_plane,0.26821139785693315,1.854547127568216,0.06568576317236693,0.04142096330717173,0.4467017976436794,0.4467017976436794,0.015356947498550048,13,0.13011880000703968
sun3d-mit_76_studyroom-76-1studyroom2,47,35,point_to_point,0.26821139785693315,19.75045522155598,0.6184513175265696,0.9238221577414714,0.22411099781315078,0.2241146588202122,nan,32,0.3281178999750409
sun3d-mit_76_studyroom-76-1studyroom2,48,35,point_to_plane,0.2310533556505423,2.1223547937290386,0.08551908118424809,0.04018609817871828,0.32301512847395564,0.32301512847395564,0.015348146882194743,17,0.13357549998909235
sun3d-mit_76_studyroom-76-1studyroom2,48,35,point_to_point,0.2310533556505423,12.522210893996698,0.24783343120294396,0.7343466435052275,0.1864401676485062,0.1864360763420415,nan,42,0.3613119999936316
sun3d-mit_76_studyroom-76-1studyroom2,49,35,point_to_plane,0.2186469292348505,3.103373466728812,0.11481407235769105,0.06227613890025828,0.30782646513271267,0.30782646513271267,0.012234959899211374,12,0.08738090001861565
sun3d-mit_76_studyroom-76-1studyroom2,49,35,point_to_point,0.2186469292348505,18.082695397875284,0.4666659974918952,0.7370006940600157,0.16730597031952205,0.16732784423561678,nan,50,0.3559689999965485
sun3d-mit_76_studyroom-76-1studyroom2,37,36,point_to_plane,0.28417691678655366,0.9179543425800766,0.05271206378712654,0.029235073240319515,0.06368061430331927,0.06368061430331927,0.011519805688063583,10,0.06914760000654496
sun3d-mit_76_studyroom-76-1studyroom2,37,36,point_to_point,0.28417691678655366,3.301164211845622,0.10468275127758503,0.13496887550175304,0.07020482020004577,0.07020486008700598,nan,44,0.2729142000025604
sun3d-mit_76_studyroom-76-1studyroom2,38,36,point_to_plane,0.37753516468544956,3.4099885369135547,0.18794215690318825,0.11232741210882825,0.22873791239535465,0.22873791239535465,0.02304082978509926,19,0.19711670000106096
sun3d-mit_76_studyroom-76-1studyroom2,38,36,point_to_point,0.37753516468544956,12.966352497139697,0.18038993164386044,0.5420715551706975,0.1768918959336027,0.17687576459561108,nan,50,0.5166537000040989
sun3d-mit_76_studyroom-76-1studyroom2,39,36,point_to_plane,0.20297340729884256,1.8986471819022852,0.14829960713176552,0.14605345257297006,0.5189754856819591,0.5189754856819591,0.015287138665094012,11,0.1199336999852676
sun3d-mit_76_studyroom-76-1studyroom2,39,36,point_to_point,0.20297340729884256,56.0167021942644,2.8257115735260325,1.6317134772100104,0.2300127961447404,0.2302595638106021,nan,50,0.5014198999851942
sun3d-mit_76_studyroom-76-1studyroom2,45,36,point_to_plane,0.11575640681243986,13.121151783987095,0.5033714884271661,0.4726107279785383,0.4705418075421737,0.4705418075421737,0.03832355845621296,32,0.32793860000674613
sun3d-mit_76_studyroom-76-1studyroom2,45,36,point_to_point,0.11575640681243986,52.48282120484373,1.9202898489867435,1.4009911794400316,0.19133643937550604,0.19134091423525276,nan,50,0.4715626999968663
sun3d-mit_76_studyroom-76-1studyroom2,46,36,point_to_plane,0.31607065735685175,14.585119325438482,0.36531714705344115,0.4780675247765586,0.22862787523874203,0.22862787523874203,0.03363027993652666,50,0.49054569998406805
sun3d-mit_76_studyroom-76-1studyroom2,46,36,point_to_point,0.31607065735685175,27.656740480905764,0.765248552007948,0.9381578587418994,0.16735155080460487,0.16736753961152925,nan,50,0.4756952000025194
sun3d-mit_76_studyroom-76-1studyroom2,47,36,point_to_plane,0.1823782109325972,3.030609468695036,0.1857182636458519,0.13491566381037007,0.32260991078449064,0.32260991078449064,0.018297824578456908,50,0.45986279999488033
sun3d-mit_76_studyroom-76-1studyroom2,47,36,point_to_point,0.1823782109325972,13.634809122425228,0.4341050042768467,0.7895859437303263,0.16441775656339613,0.16453173566389465,nan,50,0.4751531000074465
sun3d-mit_76_studyroom-76-1studyroom2,48,36,point_to_plane,0.09679895193183467,1.579225262597458,0.1293787672522884,0.09240923695587183,0.2709707012159824,0.2709707012159824,0.017724608325062428,8,0.06799389998195693
sun3d-mit_76_studyroom-76-1studyroom2,48,36,point_to_point,0.09679895193183467,13.391744483556032,0.3857161447236745,0.6842102381916799,0.16305041112344668,0.16306487897284616,nan,50,0.4009854000178166
sun3d-mit_76_studyroom-76-1studyroom2,49,36,point_to_plane,0.09116931842067659,3.470740268761532,0.15352206464793045,0.11728325538909527,0.17457806631278355,0.17457806631278355,0.016383106914433683,9,0.06262280000373721
sun3d-mit_76_studyroom-76-1studyroom2,49,36,point_to_point,0.09116931842067659,16.538884844587276,0.31001030793008943,0.5050246301026374,0.0991803175000786,0.09919985486640732,nan,35,0.22554429998854175
sun3d-mit_76_studyroom-76-1studyroom2,52,36,point_to_plane,0.219587338529118,7.062843352657931,0.23689644197645504,0.16240405378707565,0.6148886951912175,0.6148886951912175,0.02331439212257284,50,0.4411922999715898
sun3d-mit_76_studyroom-76-1studyroom2,52,36,point_to_point,0.219587338529118,72.11558359050969,3.613207979106497,1.9312081222543405,0.21937234443731438,0.21961484859076807,nan,50,0.4866844000061974
sun3d-mit_76_studyroom-76-1studyroom2,38,37,point_to_plane,0.13947740321351235,1.6144002365130645,0.08749666069198858,0.06609371160078037,0.12293927962497997,0.12293927962497997,0.021729778156616315,12,0.12379559999681078
sun3d-mit_76_studyroom-76-1studyroom2,38,37,point_to_point,0.13947740321351235,8.718247420201553,0.27301610467910287,0.3309029134512443,0.11537718734485426,0.11539693224948205,nan,50,0.4757468000170775
sun3d-mit_76_studyroom-76-1studyroom2,39,37,point_to_plane,0.15307649778594157,1.1513539455490978,0.08831707384635433,0.07797592224587863,0.37329877514283133,0.37329877514283133,0.017690542675029872,11,0.11280049997731112
sun3d-mit_76_studyroom-76-1studyroom2,39,37,point_to_point,0.15307649778594157,33.87197760434517,1.5145750796662678,0.9835028855758516,0.24410862486445653,0.24411112170402186,nan,41,0.4270319999777712
sun3d-mit_76_studyroom-76-1studyroom2,45,37,point_to_plane,0.08264186508717378,2.5975898449381334,0.15888806177543213,0.09779585570700514,0.42535563264496556,0.42535563264496556,0.019775912079750546,11,0.10875600000144914
sun3d-mit_76_studyroom-76-1studyroom2,45,37,point_to_point,0.08264186508717378,47.11705666041749,2.007845549423232,1.1867050200207434,0.1614731960484688,0.16150592376871803,nan,50,0.5120060000044759
sun3d-mit_76_studyroom-76-1studyroom2,46,37,point_to_plane,0.19535184464563246,1.8649984355725737,0.12762991132592258,0.08372245409009689,0.2463505901766284,0.2463505901766284,0.018583568721308372,11,0.10912089998601004
sun3d-mit_76_studyroom-76-1studyroom2,46,37,point_to_point,0.19535184464563246,17.86943295682096,0.5546652405456722,0.7092666659295385,0.13344582775338018,0.1334782042301828,nan,50,0.5176738000009209
sun3d-mit_76_studyroom-76-1studyroom2,47,37,point_to_plane,0.21738752293317673,2.1894520135624824,0.14321986904930054,0.09984903053915953,0.24676612709444476,0.24676612709444476,0.017627953754222436,8,0.08172970000305213
sun3d-mit_76_studyroom-76-1studyroom2,47,37,point_to_point,0.21738752293317673,9.11939873460001,0.37054061911120423,0.6646604421694207,0.13119985306852994,0.13118333512042904,nan,34,0.3111508000001777
sun3d-mit_76_studyroom-76-1studyroom2,48,37,point_to_plane,0.14834216163960376,0.9040161569200976,0.05332491967141463,0.05293517565305004,0.2182698855582065,0.2182698855582065,0.01596211409884192,12,0.09927159998915158
sun3d-mit_76_studyroom-76-1studyroom2,48,37,point_to_point,0.14834216163960376,9.478299431525093,0.3354319679123024,0.5816444964264829,0.1430409700993928,0.14307492244851558,nan,35,0.2925395999918692
sun3d-mit_76_studyroom-76-1studyroom2,49,37,point_to_plane,0.21031960763324334,2.2965981760839544,0.09376482208779792,0.07202134537671921,0.10448244063462067,0.10448244063462067,0.014580189595633394,11,0.07660549998399802
sun3d-mit_76_studyroom-76-1studyroom2,49,37,point_to_point,0.21031960763324334,9.61913942159386,0.2157471309903878,0.3327200096492143,0.07340686799984399,0.07339628549715883,nan,50,0.314464199997019
sun3d-mit_76_studyroom-76-1studyroom2,39,38,point_to_plane,0.13011794267919877,1.153930058552331,0.05518937268834375,0.06295798438543082,0.15994357832640063,0.15994357832640063,0.017981990242377698,15,0.16141559998504817
sun3d-mit_76_studyroom-76-1studyroom2,39,38,point_to_point,0.13011794267919877,3.60031381437795,0.3102585931445305,0.3386688197140826,0.14218621405788492,0.14218358609397003,nan,29,0.2889662999950815
sun3d-mit_76_studyroom-76-1studyroom2,44,38,point_to_plane,0.2675743601112351,0.9427574938981297,0.05939305343563069,0.039578099825210857,0.19380303708997224,0.19380303708997224,0.015720291755447473,19,0.17519690000335686
sun3d-mit_76_studyroom-76-1studyroom2,44,38,point_to_point,0.2675743601112351,19.915952859185296,0.8864758972029586,0.7285488927583986,0.11147880787738385,0.11147858621614301,nan,35,0.36203600000590086
sun3d-mit_76_studyroom-76-1studyroom2,45,38,point_to_plane,0.23062496845726754,0.30485000885380104,0.03451481194512774,0.024309512690785393,0.12719137930151747,0.12719137930151747,0.016557549849750313,18,0.1716733000066597
sun3d-mit_76_studyroom-76-1studyroom2,45,38,point_to_point,0.23062496845726754,17.47853481854842,0.6415051971451978,0.4823212134691521,0.1137094484235916,0.11368097080452472,nan,50,0.5318985000194516
sun3d-mit_76_studyroom-76-1studyroom2,46,38,point_to_plane,0.14812992564314853,0.9419386675974499,0.06643956615057872,0.038571102920704745,0.09702678471760091,0.09702678471760091,0.020359220933740357,9,0.09523940001963638
sun3d-mit_76_studyroom-76-1studyroom2,46,38,point_to_point,0.14812992564314853,0.9923696985271034,0.3360820210456197,0.36534533705484284,0.08216348570061403,0.08215637126281217,nan,32,0.30857579997973517
sun3d-mit_76_studyroom-76-1studyroom2,47,38,point_to_plane,0.11126896860528332,0.7720434764076003,0.05900760924324673,0.05119493546162027,0.19837832449616669,0.19837832449616669,0.020880161813014716,14,0.14702510001370683
sun3d-mit_76_studyroom-76-1studyroom2,47,38,point_to_point,0.11126896860528332,6.531001913062636,0.5372049467980368,0.6361738603870978,0.15299601879325692,0.15304919246074664,nan,38,0.4358520000241697
sun3d-mit_76_studyroom-76-1studyroom2,48,38,point_to_plane,0.3076653901075925,1.3737078204883046,0.062178817285207064,0.045765923760936675,0.24932357556145796,0.24932357556145796,0.01914868667910388,21,0.20051590001094155
sun3d-mit_76_studyroom-76-1studyroom2,48,38,point_to_point,0.3076653901075925,9.006012267735162,0.6751731552286641,0.6003642666314722,0.19276880573676172,0.19277718760165377,nan,39,0.4155126000114251
sun3d-mit_76_studyroom-76-1studyroom2,49,38,point_to_plane,0.2530741442170056,1.5553609114434181,0.06296246220069497,0.03864097903931505,0.11143986478175348,0.11143986478175348,0.01736007370277835,15,0.1153047000116203
sun3d-mit_76_studyroom-76-1studyroom2,49,38,point_to_point,0.2530741442170056,4.104187945836844,0.24324104979913347,0.2642669823008241,0.11376059884632145,0.11373941605329554,nan,44,0.34807000000728294
sun3d-mit_76_studyroom-76-1studyroom2,40,39,point_to_plane,0.24962978016886447,1.5129469593252263,0.06839518221886015,0.036544490256557156,0.20068698705800392,0.20068698705800392,0.008687093331180068,50,0.33500710001681
sun3d-mit_76_studyroom-76-1studyroom2,40,39,point_to_point,0.24962978016886447,9.365013844431765,1.1068880291821181,1.1207586466244086,0.08602805624944046,0.08615804364931262,nan,50,0.33868790001724847
sun3d-mit_76_studyroom-76-1studyroom2,43,39,point_to_plane,0.16359526531128793,1.6812710503183423,0.05884588206229611,0.0639559919114249,0.34256692638180836,0.34256692638180836,0.013439025467527158,9,0.08014880001428537
sun3d-mit_76_studyroom-76-1studyroom2,43,39,point_to_point,0.16359526531128793,13.706311354339293,1.3691252538904282,1.3385106042594261,0.1008605270963498,0.1009186465054335,nan,50,0.4691993999877013
sun3d-mit_76_studyroom-76-1studyroom2,44,39,point_to_plane,0.2398148390768871,1.2966033843180977,0.08529454004545058,0.034350477956547165,0.12140196902123909,0.12140196902123909,0.0120739823163174,8,0.07902070001000538
sun3d-mit_76_studyroom-76-1studyroom2,44,39,point_to_point,0.2398148390768871,16.797943575755205,0.35107833757685897,0.41135291858197415,0.12679189298759794,0.1267954037193512,nan,33,0.3342688000120688
sun3d-mit_76_studyroom-76-1studyroom2,45,39,point_to_plane,0.15455081302283516,1.6858231392316978,0.10527739162935115,0.0371561292512291,0.16939753114683687,0.16939753114683687,0.01628102820762143,9,0.09289100000751205
sun3d-mit_76_studyroom-76-1studyroom2,45,39,point_to_point,0.15455081302283516,20.437228990723927,0.22442718001260015,0.4891775972101644,0.18397368233218156,0.18397927758454544,nan,50,0.5474943000008352
sun3d-mit_76_studyroom-76-1studyroom2,46,39,point_to_plane,0.1296902937139451,1.9481473017830653,0.11570820539538453,0.053338736970673775,0.21824059262799406,0.21824059262799406,0.017224453026275437,8,0.08911279999301769
sun3d-mit_76_studyroom-76-1studyroom2,46,39,point_to_point,0.1296902937139451,21.3282614354681,0.5816658037606559,0.7096895771886601,0.1983492902530957,0.1988916318827522,nan,50,0.5978794999828096
sun3d-mit_76_studyroom-76-1studyroom2,47,39,point_to_plane,0.12866935537659993,1.749689969185597,0.09129487467188308,0.054370505907675414,0.3871185539870955,0.3871185539870955,0.01748368749975747,9,0.10581660000025295
sun3d-mit_76_studyroom-76-1studyroom2,47,39,point_to_point,0.12866935537659993,33.73517921963046,0.972979046073368,1.1651109240452573,0.19099572433273723,0.19116869375242443,nan,50,0.5722254000138491
sun3d-mit_76_studyroom-76-1studyroom2,48,39,point_to_plane,0.14465744337034958,2.28354342895936,0.13264599134292474,0.0723165834815863,0.5460161900935534,0.5460161900935534,0.015539727625165669,9,0.10058450000360608
sun3d-mit_76_studyroom-76-1studyroom2,48,39,point_to_point,0.14465744337034958,74.89932057331274,3.023828981662162,1.7239950736872907,0.15238650911787027,0.15309552548380675,nan,50,0.5680042000021785
sun3d-mit_76_studyroom-76-1studyroom2,49,39,point_to_plane,0.14656634473290547,1.7426500067523103,0.11892046501590844,0.05367547610758138,0.36009492934920645,0.36009492934920645,0.013514022268164923,13,0.11159249997581355
sun3d-mit_76_studyroom-76-1studyroom2,49,39,point_to_point,0.14656634473290547,35.68781556911977,1.302027785968004,0.9889467034411715,0.1773636298159218,0.1774108777955356,nan,50,0.43950159999076277
sun3d-mit_76_studyroom-76-1studyroom2,41,40,point_to_plane,0.17661254026459933,0.8073821001455173,0.026906290965335738,0.020470529829475073,0.23973124108143948,0.23973124108143948,0.011003996637975891,6,0.055485099990619346
sun3d-mit_76_studyroom-76-1studyroom2,41,40,point_to_point,0.17661254026459933,26.484340677563356,0.48305235286512743,0.6574716864406175,0.1784721168191141,0.17846632758507774,nan,40,0.3657156999979634
sun3d-mit_76_studyroom-76-1studyroom2,42,40,point_to_plane,0.2399718420511153,0.6627648300241654,0.029882956925950048,0.019858613591192627,0.3982636649285391,0.3982636649285391,0.015512237972365017,12,0.12930180001421832
sun3d-mit_76_studyroom-76-1studyroom2,42,40,point_to_point,0.2399718420511153,33.19859021167731,0.7532612699857658,0.9973677780641355,0.23348939546915515,0.23350206068685214,nan,50,0.5666810999973677
sun3d-mit_76_studyroom-76-1studyroom2,43,40,point_to_plane,0.16103281507356723,1.2898897689243434,0.05506396891455863,0.019881910347174136,0.08848179595709159,0.08848179595709159,0.0124372571643516,50,0.33673219999764115
sun3d-mit_76_studyroom-76-1studyroom2,43,40,point_to_point,0.16103281507356723,6.003148519892296,0.2086770352085008,0.1853567621357911,0.09194799295006285,0.09194572132850518,nan,42,0.2947684999962803
sun3d-mit_76_studyroom-76-1studyroom2,44,40,point_to_plane,0.30812732418465383,1.8644671671368394,0.6457759636629203,0.6104193164204134,0.20508328342046098,0.20508328342046098,0.01668036719774606,19,0.14704169999458827
sun3d-mit_76_studyroom-76-1studyroom2,44,40,point_to_point,0.30812732418465383,5.630804999954723,0.8234281808541644,1.0629028965454692,0.20787145825676592,0.20785247738562596,nan,50,0.44330020001507364
sun3d-mit_76_studyroom-76-1studyroom2,45,40,point_to_plane,0.16804446491452354,2.137104156091084,0.9047717451701973,0.8567296298959377,0.29563447728262,0.29563447728262,0.019890746629975458,22,0.18352729998878203
sun3d-mit_76_studyroom-76-1studyroom2,45,40,point_to_point,0.16804446491452354,22.241584412216774,0.32756673552058035,1.190126528866616,0.31116438620251097,0.31109948621301375,nan,50,0.4664896000176668
sun3d-mit_76_studyroom-76-1studyroom2,46,40,point_to_plane,0.12013426735401798,2.5928274126009896,1.1789022302478902,1.135363635916321,0.3508188325251053,0.3508188325251053,0.021326038956487135,25,0.2489190000051167
sun3d-mit_76_studyroom-76-1studyroom2,46,40,point_to_point,0.12013426735401798,65.40802142375222,1.4159227412161082,1.7759524340440416,0.20049899000826366,0.2005584794747718,nan,50,0.5062012000125833
sun3d-mit_76_studyroom-76-1studyroom2,47,40,point_to_plane,0.2664800573169366,2.4135364261226484,1.096440477750932,1.0806777530330265,0.4953540870114036,0.4953540870114036,0.02495010583177733,32,0.3392965999955777
sun3d-mit_76_studyroom-76-1studyroom2,47,40,point_to_point,0.2664800573169366,84.5999809360458,2.66117594172966,1.9856936337412756,0.1660889602239384,0.16633343989901,nan,50,0.503706500021508
sun3d-mit_76_studyroom-76-1studyroom2,42,41,point_to_plane,0.1015918805793384,0.6356133141985727,0.02398396190491334,0.016127937285069657,0.10882668399723724,0.10882668399723724,0.015302336853260132,50,0.4608244000119157
sun3d-mit_76_studyroom-76-1studyroom2,42,41,point_to_point,0.1015918805793384,7.222273985608532,0.04019425868078772,0.29393432255951757,0.12622229774149987,0.1261902083625425,nan,50,0.529723700019531
sun3d-mit_76_studyroom-76-1studyroom2,43,41,point_to_plane,0.24172881282244596,0.860251029547709,0.07844883736575031,0.06698972328522418,0.12203694764684589,0.12203694764684589,0.0164897611043469,13,0.10392040002625436
sun3d-mit_76_studyroom-76-1studyroom2,43,41,point_to_point,0.24172881282244596,6.0445524459812185,0.4770779893497471,0.41360551405158563,0.10048266754337846,0.10048299930235742,nan,33,0.256977699988056
sun3d-mit_76_studyroom-76-1studyroom2,43,42,point_to_plane,0.3366298860665063,1.128701046680949,0.10106587276126697,0.0579602316215319,0.0584738183737694,0.0584738183737694,0.017807087991865922,19,0.17908089997945353
sun3d-mit_76_studyroom-76-1studyroom2,43,42,point_to_point,0.3366298860665063,4.390583443038469,0.19028486160805422,0.19785574425804348,0.06198304074616528,0.061983595533829844,nan,50,0.4221288000117056
sun3d-mit_76_studyroom-76-1studyroom2,45,44,point_to_plane,0.1434814158777315,0.7903509368427857,0.026163309530527364,0.026498361139066756,0.04948566947707053,0.04948566947707053,0.015633992918192438,12,0.10317269997904077
sun3d-mit_76_studyroom-76-1studyroom2,45,44,point_to_point,0.1434814158777315,1.8063091803288205,0.038318606601485186,0.10074874902237045,0.05240526846053036,0.05240379424642899,nan,21,0.15777310001431033
sun3d-mit_76_studyroom-76-1studyroom2,46,44,point_to_plane,0.15632664691582415,0.4172338583989647,0.02979750817166156,0.023179379155523587,0.1799730392823596,0.1799730392823596,0.017458457225661125,11,0.1105667999945581
sun3d-mit_76_studyroom-76-1studyroom2,46,44,point_to_point,0.15632664691582415,29.598348719231673,0.7735070462576245,0.8610183026857142,0.15596447047338793,0.15607209357540303,nan,50,0.5527727000007872
sun3d-mit_76_studyroom-76-1studyroom2,47,44,point_to_plane,0.18472680676520473,1.0873023087883602,0.07226803116496257,0.04812872228646807,0.34971933853225123,0.34971933853225123,0.020039717476285898,50,0.49733610000112094
sun3d-mit_76_studyroom-76-1studyroom2,47,44,point_to_point,0.18472680676520473,50.00328967377218,1.4615237145447852,1.4271962844644275,0.18033359345869573,0.18071523838706335,nan,50,0.5976225999766029
sun3d-mit_76_studyroom-76-1studyroom2,48,44,point_to_plane,0.3086278595176477,1.8938242970321817,0.09093171188187463,0.04818428787199083,0.4733914769277066,0.4733914769277066,0.020461493654866072,17,0.15788600000087172
sun3d-mit_76_studyroom-76-1studyroom2,48,44,point_to_point,0.3086278595176477,78.62137603945023,3.000290057868548,1.697902149808093,0.1755943264599132,0.1771655335783686,nan,50,0.47028610002598725
sun3d-mit_76_studyroom-76-1studyroom2,49,44,point_to_plane,0.2886032413609536,1.1955805135917437,0.04662959487499123,0.023704070620850677,0.2953995786907209,0.2953995786907209,0.015924657253176096,13,0.09990890001063235
sun3d-mit_76_studyroom-76-1studyroom2,49,44,point_to_point,0.2886032413609536,49.5373570468933,1.7373131370744241,1.2569090603588045,0.15869704172358068,0.1591110399421711,nan,50,0.4214454000175465
sun3d-mit_76_studyroom-76-1studyroom2,50,44,point_to_plane,0.33162483548193633,1.2085601515866622,0.07546629533907377,0.03577415614556113,0.2240787925274936,0.2240787925274936,0.018920492273198433,29,0.16912169998977333
sun3d-mit_76_studyroom-76-1studyroom2,50,44,point_to_point,0.33162483548193633,28.36369704393575,0.37845225957838075,1.1866042800708618,0.1383834715498307,0.1383445406497283,nan,50,0.3081102000141982
sun3d-mit_76_studyroom-76-1studyroom2,46,45,point_to_plane,0.11350963706288382,0.38361243545832013,0.026723076594467925,0.016002440937440625,0.12353567243841967,0.12353567243841967,0.015012179406345192,13,0.13149449997581542
sun3d-mit_76_studyroom-76-1studyroom2,46,45,point_to_point,0.11350963706288382,11.468928314096491,0.4602440067227008,0.33890708248903406,0.12827504232742482,0.1282923937600432,nan,50,0.4947061999992002
sun3d-mit_76_studyroom-76-1studyroom2,47,45,point_to_plane,0.26513494976530083,1.2334522708403777,0.040222676225885066,0.04141102517096498,0.2752998356238287,0.2752998356238287,0.0178858284749543,16,0.1704736999818124
sun3d-mit_76_studyroom-76-1studyroom2,47,45,point_to_point,0.26513494976530083,22.57241921844325,0.926986661007938,0.6146319697189608,0.21195632962976657,0.2118708857090696,nan,50,0.5559957000077702
sun3d-mit_76_studyroom-76-1studyroom2,48,45,point_to_plane,0.1037700170860395,1.1733806372459334,0.04493355243534449,0.04278209446506032,0.35789055033480266,0.35789055033480266,0.018516310035766214,13,0.12174299999605864
sun3d-mit_76_studyroom-76-1studyroom2,48,45,point_to_point,0.1037700170860395,21.503806191670304,1.0820584799743374,0.7163382417253671,0.22723978023882432,0.2272368661605581,nan,22,0.2082959999970626
sun3d-mit_76_studyroom-76-1studyroom2,49,45,point_to_plane,0.17971544081815055,1.2750544517756708,0.07054580687728525,0.02936624033095521,0.1847917476645285,0.1847917476645285,0.01506813878847972,12,0.0907934999850113
sun3d-mit_76_studyroom-76-1studyroom2,49,45,point_to_point,0.17971544081815055,23.493094686518585,0.6777090189194066,0.5079357250592803,0.16053439427531968,0.1606032974957637,nan,50,0.40417759999400005
sun3d-mit_76_studyroom-76-1studyroom2,47,46,point_to_plane,0.24064774618908663,0.9038301379353262,0.020630831154209873,0.027070723906026085,0.06489761610335923,0.06489761610335923,0.011879605998124699,11,0.12126729998271912
sun3d-mit_76_studyroom-76-1studyroom2,47,46,point_to_point,0.24064774618908663,1.261206884795769,0.13917970081126937,0.12405670890688501,0.07079861412604992,0.07079852797620707,nan,37,0.3607073000166565
sun3d-mit_76_studyroom-76-1studyroom2,48,46,point_to_plane,0.29597242554279996,1.1782977900144795,0.04695514692841103,0.028875879253305356,0.09224548566254037,0.09224548566254037,0.01205821362132115,14,0.13309540000045672
sun3d-mit_76_studyroom-76-1studyroom2,48,46,point_to_point,0.29597242554279996,2.547262512143538,0.3043518494303686,0.2570612436685916,0.08395753040101915,0.08395440613627542,nan,37,0.32082910000463016
sun3d-mit_76_studyroom-76-1studyroom2,49,46,point_to_plane,0.1298000470473911,0.9105313658193561,0.043977279439299445,0.02793815710501854,0.044451764728796125,0.044451764728796125,0.010951903874793846,13,0.0934860999986995
sun3d-mit_76_studyroom-76-1studyroom2,49,46,point_to_point,0.1298000470473911,3.753971487243734,0.07103409788074118,0.1579838353216717,0.0502748577800639,0.050277335979341836,nan,33,0.22371009999187663
sun3d-mit_76_studyroom-76-1studyroom2,48,47,point_to_plane,0.1471180518400809,0.4943508601148853,0.031168386604483372,0.013780080866522998,0.03084808859118863,0.03084808859118863,0.009109690332155201,11,0.08978549999301322
sun3d-mit_76_studyroom-76-1studyroom2,48,47,point_to_point,0.1471180518400809,0.6677566176908113,0.04521340744770279,0.061847521850025504,0.03238369072176388,0.032392637134981694,nan,32,0.23230500001227483
sun3d-mit_76_studyroom-76-1studyroom2,49,47,point_to_plane,0.1635572882571541,1.3247292454788688,0.03202381515747185,0.034870288273929066,0.03935801934942813,0.03935801934942813,0.012827823303442204,16,0.11439699999755248
sun3d-mit_76_studyroom-76-1studyroom2,49,47,point_to_point,0.1635572882571541,0.7880197663092022,0.08189897784950767,0.09402536178108732,0.043937636185864694,0.0439391348245039,nan,14,0.0912497999961488
sun3d-mit_76_studyroom-76-1studyroom2,49,48,point_to_plane,0.3498241971759786,0.7623028764284869,0.01909414978976913,0.024135493770604834,0.07956647758770832,0.07956647758770832,0.013209776572234476,16,0.11721549998037517
sun3d-mit_76_studyroom-76-1studyroom2,49,48,point_to_point,0.3498241971759786,8.916330244551224,0.3175659198737997,0.3265101565004468,0.08726065674350159,0.08726196453659667,nan,28,0.21450430000550114
sun3d-mit_76_studyroom-76-1studyroom2,50,49,point_to_plane,0.227457449938407,0.879359023598869,0.021087108187139204,0.017296243798844434,0.3691689228934635,0.3691689228934635,0.014952508273914084,50,0.28725660001509823
sun3d-mit_76_studyroom-76-1studyroom2,50,49,point_to_point,0.227457449938407,44.16193428398356,2.544443795483159,1.0816934307215145,0.24948346986551584,0.2493960688196326,nan,50,0.35561430000234395
sun3d-mit_76_studyroom-76-1studyroom2,51,50,point_to_plane,0.16042203594970134,2.318915808283384,0.0916597034383086,0.07205553841628363,0.20921502361506653,0.20921502361506653,0.03516419166789902,50,0.3813400999933947
sun3d-mit_76_studyroom-76-1studyroom2,51,50,point_to_point,0.16042203594970134,12.656867659896733,0.32394475032505254,0.3962909355994747,0.161017967605852,0.16101850833352674,nan,30,0.21352329998626374
sun3d-mit_76_studyroom-76-1studyroom2,52,51,point_to_plane,0.1732876197603795,1.5730863084777484,0.09470901146637366,0.0812901995289615,0.08210019491956538,0.08210019491956538,0.028940921036010075,25,0.22254139999859035
sun3d-mit_76_studyroom-76-1studyroom2,52,51,point_to_point,0.1732876197603795,3.123493020269768,0.24095254333020555,0.1565519623527926,0.08138518308587732,0.08138646860679122,nan,34,0.28447980000055395
sun3d-mit_76_studyroom-76-1studyroom2,53,51,point_to_plane,0.4166048999047419,2.970245103310309,0.14061990218891804,0.11741614073556211,0.17133057367073629,0.17133057367073629,0.03499398352904624,38,0.35695029998896644
sun3d-mit_76_studyroom-76-1studyroom2,53,51,point_to_point,0.4166048999047419,6.026607875678015,0.3545499717552012,0.4045916062863295,0.13062229961390265,0.13060705469262016,nan,17,0.16146249999292195
sun3d-mit_76_studyroom-76-1studyroom2,53,52,point_to_plane,0.16896963095841652,1.0917730721949401,0.05009136118833671,0.05608985368589381,0.0556615865097788,0.0556615865097788,0.019922202105260012,12,0.10975110001163557
sun3d-mit_76_studyroom-76-1studyroom2,53,52,point_to_point,0.16896963095841652,2.14090960555455,0.09894485556292089,0.14434483421661864,0.0561528369577464,0.0561528067707997,nan,42,0.36197970001376234
sun3d-mit_76_studyroom-76-1studyroom2,54,53,point_to_plane,0.1538048431966587,1.3016651351865183,0.013867107678223517,0.03474886269332928,0.20656767366088097,0.20656767366088097,0.018891967666547348,13,0.12577710000914522
sun3d-mit_76_studyroom-76-1studyroom2,54,53,point_to_point,0.1538048431966587,18.259460043773252,0.2911650981205249,0.6641628290102726,0.1322300582133469,0.1322300051825119,nan,41,0.3655999999900814
sun3d-mit_76_studyroom-76-1studyroom2,55,54,point_to_plane,0.20017162389093657,1.7063823205341124,0.08199320223022806,0.03875532056232911,0.22626470340415195,0.22626470340415195,0.020652157287546883,10,0.1061459000047762
sun3d-mit_76_studyroom-76-1studyroom2,55,54,point_to_point,0.20017162389093657,11.999695227745478,0.632754562410429,0.3050203952563835,0.21175221501425903,0.21175261053427397,nan,20,0.21978610000223853
sun3d-mit_76_studyroom-76-1studyroom2,56,55,point_to_plane,0.2008574326811572,1.1120901565347792,0.010049848750396924,0.027384893158707988,0.1648840325231647,0.1648840325231647,0.011620844066427006,13,0.10034790000645444
sun3d-mit_76_studyroom-76-1studyroom2,56,55,point_to_point,0.2008574326811572,6.13241030021473,0.8755458711506952,0.6909590504430851,0.12718392166261563,0.12717264395158687,nan,48,0.3633776000060607
sun3d-mit_76_studyroom-76-1studyroom2,57,56,point_to_plane,0.26506752320005034,2.6717636920853147,0.04023455410542556,0.0765898571634643,0.22044996492230653,0.22044996492230653,0.019212235421540994,13,0.10153790001641028
sun3d-mit_76_studyroom-76-1studyroom2,57,56,point_to_point,0.26506752320005034,5.261707194639424,0.5988502650936488,0.657662359215823,0.16295889834966834,0.16295961702744077,nan,39,0.2790872000041418
sun3d-mit_76_studyroom-76-1studyroom2,59,58,point_to_plane,0.2255311752325242,1.1872630670718773,0.0465469149884029,0.02188120812590561,0.1169668106830598,0.1169668106830598,0.016765143488144233,13,0.1396709000109695
sun3d-mit_76_studyroom-76-1studyroom2,59,58,point_to_point,0.2255311752325242,16.79985928363777,0.5861222288774482,0.37708594477196333,0.12877848375162193,0.12879906492492385,nan,50,0.44858479997492395
sun3d-mit_76_studyroom-76-1studyroom2,60,58,point_to_plane,0.2955267075462668,1.1735218356513688,0.024468091713187992,0.02175101006028999,0.06621375619828819,0.06621375619828819,0.02309293914941625,14,0.12488479999592528
sun3d-mit_76_studyroom-76-1studyroom2,60,58,point_to_point,0.2955267075462668,5.139326431646018,0.1407761126798073,0.06964544316347526,0.07183345749349405,0.07183614313865476,nan,38,0.24600440001813695
sun3d-mit_76_studyroom-76-1studyroom2,61,58,point_to_plane,0.33528961031806875,0.7097614308390433,0.0199791009901156,0.01954176981664888,0.09684478613151368,0.09684478613151368,0.02868305720978793,15,0.1291239999991376
sun3d-mit_76_studyroom-76-1studyroom2,61,58,point_to_point,0.33528961031806875,4.4024565210278555,0.018348173789023765,0.17041083573961222,0.09749515862053906,0.09749480867421007,nan,45,0.3478799000149593
sun3d-mit_76_studyroom-76-1studyroom2,62,58,point_to_plane,0.2925791905016875,1.2883779203668357,0.030698351564742706,0.03697350037427853,0.34120145689195586,0.34120145689195586,0.027579548749070426,17,0.2101138999860268
sun3d-mit_76_studyroom-76-1studyroom2,62,58,point_to_point,0.2925791905016875,9.883252517767524,0.6428804054387082,0.9880055277655937,0.15424189357593063,0.15425451196732107,nan,50,0.6043094000197016
sun3d-mit_76_studyroom-76-1studyroom2,60,59,point_to_plane,0.3035396896347295,1.0313282014117526,0.03724535664059527,0.016674695423476917,0.038317564843984214,0.038317564843984214,0.0111199329662388,10,0.05978879999020137
sun3d-mit_76_studyroom-76-1studyroom2,60,59,point_to_point,0.3035396896347295,1.6196547008598168,0.03269596201025057,0.06517147506273964,0.04345354587314766,0.04345296923957765,nan,39,0.19184330001007766
sun3d-mit_76_studyroom-76-1studyroom2,61,59,point_to_plane,0.2473255159091982,2.241036541572063,0.0810449236162199,0.055345871662516685,0.10980067747095808,0.10980067747095808,0.0196587549884254,7,0.05114949998096563
sun3d-mit_76_studyroom-76-1studyroom2,61,59,point_to_point,0.2473255159091982,9.28108153650068,0.17290828054268773,0.27877478448571796,0.12927320451583021,0.12926551180568727,nan,50,0.3583298000157811
sun3d-mit_76_studyroom-76-1studyroom2,62,59,point_to_plane,0.3419936594292913,2.2543020131083664,0.08628158046005073,0.06529848270479269,0.39731920861200754,0.39731920861200754,0.01918102479442476,50,0.5375182999996468
sun3d-mit_76_studyroom-76-1studyroom2,62,59,point_to_point,0.3419936594292913,11.025305403065941,1.1577162036348525,1.3528595494186353,0.16948348626032395,0.16948072080419005,nan,50,0.5228096999926493
sun3d-mit_76_studyroom-76-1studyroom2,61,60,point_to_plane,0.1783196992723305,1.0460204161929605,0.07119516405945005,0.04371559780990743,0.07014931080985373,0.07014931080985373,0.011713158163006483,7,0.04821609999635257
sun3d-mit_76_studyroom-76-1studyroom2,61,60,point_to_point,0.1783196992723305,4.860058862607819,0.0538316347148649,0.15399587419810826,0.08370979062095218,0.08371526470747466,nan,42,0.2392219000030309
sun3d-mit_76_studyroom-76-1studyroom2,62,60,point_to_plane,0.21372445374183502,2.335066220735346,0.13017308494859775,0.0618432317409895,0.33237713865863994,0.33237713865863994,0.01532572811889228,7,0.06749050001963042
sun3d-mit_76_studyroom-76-1studyroom2,62,60,point_to_point,0.21372445374183502,17.44908351445023,0.6619273879850587,0.981635786968387,0.174291779143076,0.17431491206049624,nan,21,0.19623719999799505
sun3d-mit_76_studyroom-76-1studyroom2,63,60,point_to_plane,0.19283143460630747,1.908944414370766,0.10122098652879863,0.041283713728187565,0.5052327378085334,0.5052327378085334,0.013635599930194132,9,0.08111279999138787
sun3d-mit_76_studyroom-76-1studyroom2,63,60,point_to_point,0.19283143460630747,26.91911909916799,0.8578777691665501,1.1671861167364193,0.1908259448406059,0.1908260957365525,nan,40,0.34191720001399517
sun3d-mit_76_studyroom-76-1studyroom2,62,61,point_to_plane,0.3270964248888204,1.2018273841787153,0.06327566568789648,0.025633607835235207,0.15313878276084822,0.15313878276084822,0.014055808205121976,11,0.10857679997570813
sun3d-mit_76_studyroom-76-1studyroom2,62,61,point_to_point,0.3270964248888204,6.774434530925691,0.21796239204949633,0.42414170352986486,0.1491680477346648,0.1491610924305882,nan,41,0.400617900013458
sun3d-mit_76_studyroom-76-1studyroom2,63,61,point_to_plane,0.2889284360197723,2.0551344088592485,0.1097966196051119,0.0346103866357793,0.2602606798998653,0.2602606798998653,0.017218811575402265,11,0.0987639999948442
sun3d-mit_76_studyroom-76-1studyroom2,63,61,point_to_point,0.2889284360197723,24.29526723557245,0.654821151421307,0.9986003280280431,0.14447979452625623,0.14446415293453765,nan,50,0.49542289998498745
sun3d-mit_76_studyroom-76-1studyroom2,63,62,point_to_plane,0.304367094514506,1.4808549163843334,0.07765750473618845,0.02688776066686964,0.05495737669195928,0.05495737669195928,0.014544102866519304,12,0.10048409999581054
sun3d-mit_76_studyroom-76-1studyroom2,63,62,point_to_point,0.304367094514506,4.813903903997769,0.23826919583516945,0.10822989241759244,0.06753721703509374,0.06753625369517055,nan,29,0.2332897000014782
sun3d-mit_76_studyroom-76-1studyroom2,64,62,point_to_plane,0.3320254434813454,3.2522999309994622,0.1360838146966327,0.04811684903303247,0.2885317043762386,0.2885317043762386,0.020461808693175144,18,0.2201262000016868
sun3d-mit_76_studyroom-76-1studyroom2,64,62,point_to_point,0.3320254434813454,15.009871046064623,1.578458768203045,1.0864115609551908,0.12744915251676114,0.12753293368944396,nan,50,0.6745845999976154
sun3d-mit_76_studyroom-76-1studyroom2,64,63,point_to_plane,0.19042294101057217,1.4771220002320764,0.05245190356147143,0.026732211500138107,0.14364719017768016,0.14364719017768016,0.01854099332311577,7,0.0724643999710679
sun3d-mit_76_studyroom-76-1studyroom2,64,63,point_to_point,0.19042294101057217,9.13099299120442,0.40596996094580357,0.2873704849647003,0.16761873000947938,0.16760030662873987,nan,50,0.5477072999929078
sun3d-mit_76_studyroom-76-1studyroom2,65,63,point_to_plane,0.20790430357968964,2.5309940986076414,0.08074708862245572,0.05257614015161143,0.3987170609853353,0.3987170609853353,0.03360453953728749,50,0.4622111000062432
sun3d-mit_76_studyroom-76-1studyroom2,65,63,point_to_point,0.20790430357968964,6.885643284290492,1.3095606946887053,1.171952211934814,0.13026589227927735,0.1302175988524206,nan,50,0.5128650999977253
sun3d-mit_76_studyroom-76-1studyroom2,65,64,point_to_plane,0.2157415916898111,1.3125313286835198,0.033851061369359385,0.03531576847472806,0.11687500699637467,0.11687500699637467,0.01917685686450058,14,0.13894009997602552
sun3d-mit_76_studyroom-76-1studyroom2,65,64,point_to_point,0.2157415916898111,6.598475210582287,0.5255037828846824,0.4473069089145535,0.1260997891751887,0.1261053632926167,nan,38,0.41671279998263344
sun3d-mit_lab_hj-lab_hj_tea_nov_2_2012_scan1_erika,1,0,point_to_plane,0.21170279681394813,1.2350454229082146,0.05202365977540887,0.020391010426144586,0.11311721144722985,0.11311721144722985,0.012217757188247474,11,0.08924339999794029
sun3d-mit_lab_hj-lab_hj_tea_nov_2_2012_scan1_erika,1,0,point_to_point,0.21170279681394813,3.277550587770003,0.250800127585319,0.29059288493054214,0.08276645110811695,0.08277071506718148,nan,21,0.09746320001431741
sun3d-mit_lab_hj-lab_hj_tea_nov_2_2012_scan1_erika,6,0,point_to_plane,0.1723307518413075,10.214886670350865,0.06732915937902671,0.30016375445105464,0.7305615154901002,0.7305615154901002,0.0259709281795808,50,0.44453139998950064
sun3d-mit_lab_hj-lab_hj_tea_nov_2_2012_scan1_erika,6,0,point_to_point,0.1723307518413075,17.196313513280035,0.8925391683905979,1.2335729587387414,0.2464247113865761,0.24642333492088556,nan,27,0.2230666000104975
sun3d-mit_lab_hj-lab_hj_tea_nov_2_2012_scan1_erika,8,0,point_to_plane,0.43365422835071143,7.298829835079088,0.20551012592887327,0.3695593462296207,0.38873974766712033,0.38873974766712033,0.02760948105795452,24,0.29530919998069294
sun3d-mit_lab_hj-lab_hj_tea_nov_2_2012_scan1_erika,8,0,point_to_point,0.43365422835071143,15.844497628136658,0.11702193365999956,0.5514963207200659,0.3337896405525492,0.33378353295168084,nan,16,0.17635579998022877
sun3d-mit_lab_hj-lab_hj_tea_nov_2_2012_scan1_erika,9,0,point_to_plane,0.24465068044924856,1.516508740549751,0.10213875646000121,0.05844641918104142,0.20532012041557332,0.20532012041557332,0.025305698810902475,39,0.264064299990423
sun3d-mit_lab_hj-lab_hj_tea_nov_2_2012_scan1_erika,9,0,point_to_point,0.24465068044924856,19.16643587051969,0.6432321396231208,0.3561024314727367,0.18634417667808933,0.18634277392544077,nan,34,0.1799067000101786
sun3d-mit_lab_hj-lab_hj_tea_nov_2_2012_scan1_erika,10,0,point_to_plane,0.2673686590842998,1.8673919185237902,0.1653270303710414,0.14742137683012693,0.18247738202139852,0.18247738202139852,0.02800471819261791,18,0.12921660000574775
sun3d-mit_lab_hj-lab_hj_tea_nov_2_2012_scan1_erika,10,0,point_to_point,0.2673686590842998,18.270322386468237,0.4780111446733705,0.322971737469258,0.16035061885648197,0.16034457578233696,nan,34,0.1649518000194803
sun3d-mit_lab_hj-lab_hj_tea_nov_2_2012_scan1_erika,11,0,point_to_plane,0.1298918442840426,3.11232958643358,1.121022979637126,1.0189103490870695,0.19438945587231746,0.19438945587231746,0.030090411269336623,50,0.42602409998653457
sun3d-mit_lab_hj-lab_hj_tea_nov_2_2012_scan1_erika,11,0,point_to_point,0.1298918442840426,15.952013226980506,1.0506719968909126,0.9202974585107854,0.17628003823171012,0.1762875783407706,nan,29,0.1984814000024926
sun3d-mit_lab_hj-lab_hj_tea_nov_2_2012_scan1_erika,27,0,point_to_plane,0.2303256125253348,2.9152056074930206,0.22036298670991994,0.10716854631032477,0.21259513198110974,0.21259513198110974,0.015935750682525684,19,0.12780580000253394
sun3d-mit_lab_hj-lab_hj_tea_nov_2_2012_scan1_erika,27,0,point_to_point,0.2303256125253348,13.876934973734446,0.49444701452338835,0.6115941333743518,0.20400339173816184,0.20398138553805434,nan,50,0.24465090001467615
sun3d-mit_lab_hj-lab_hj_tea_nov_2_2012_scan1_erika,28,0,point_to_plane,0.17022623449483174,5.5673526675612015,0.20055916433238508,0.13112823861616893,0.49328058156672283,0.49328058156672283,0.019560491220712677,13,0.10575590000371449
sun3d-mit_lab_hj-lab_hj_tea_nov_2_2012_scan1_erika,28,0,point_to_point,0.17022623449483174,63.69272786783432,2.6809211539691398,1.626593830103137,0.28277171129016254,0.28277149391737566,nan,50,0.2822114000155125
sun3d-mit_lab_hj-lab_hj_tea_nov_2_2012_scan1_erika,2,1,point_to_plane,0.22863996252719226,1.5741811848671299,0.06807351025354705,0.028147185441581957,0.5877025452577066,0.5877025452577066,0.010160204538795913,12,0.13019349999376573
sun3d-mit_lab_hj-lab_hj_tea_nov_2_2012_scan1_erika,2,1,point_to_point,0.22863996252719226,24.566312224048513,1.0420814767932403,1.216689230903612,0.30838570091168116,0.3083611202126903,nan,50,0.42608030000701547
sun3d-mit_lab_hj-lab_hj_tea_nov_2_2012_scan1_erika,6,1,point_to_plane,0.22991160857791085,3.04367030025074,0.05061538721612154,0.0915331964642036,0.5009546203931864,0.5009546203931864,0.02017849257561985,50,0.43265319999773055
sun3d-mit_lab_hj-lab_hj_tea_nov_2_2012_scan1_erika,6,1,point_to_point,0.22991160857791085,9.546512313483918,0.801729974350743,0.8995273343884721,0.19814006468007428,0.19812320808414682,nan,43,0.3442833000153769
sun3d-mit_lab_hj-lab_hj_tea_nov_2_2012_scan1_erika,8,1,point_to_plane,0.157488130219018,3.010658068143334,0.20310578053764963,0.10967448178798322,0.2865983543227511,0.2865983543227511,0.02614157827326516,14,0.1486622999946121
sun3d-mit_lab_hj-lab_hj_tea_nov_2_2012_scan1_erika,8,1,point_to_point,0.157488130219018,10.52789407209553,0.26250639955184724,0.26348385362706045,0.28347425012292377,0.2834737806853387,nan,36,0.35312319998047315
sun3d-mit_lab_hj-lab_hj_tea_nov_2_2012_scan1_erika,9,1,point_to_plane,0.1756938271300405,1.0867498430886455,0.03986554886584375,0.0766771036712404,0.2140024352528931,0.2140024352528931,0.025719344936400896,50,0.2836352000012994
sun3d-mit_lab_hj-lab_hj_tea_nov_2_2012_scan1_erika,9,1,point_to_point,0.1756938271300405,8.122500543239227,0.305373228636708,0.33867281838482494,0.1948672236158151,0.19486495926108507,nan,50,0.26997719999053515
sun3d-mit_lab_hj-lab_hj_tea_nov_2_2012_scan1_erika,10,1,point_to_plane,0.22721697455023127,1.4738987831543928,0.1682872204352023,0.1966554236626155,0.2224277679415542,0.2224277679415542,0.028492645392119903,12,0.06687280000187457
sun3d-mit_lab_hj-lab_hj_tea_nov_2_2012_scan1_erika,10,1,point_to_point,0.22721697455023127,14.697958547522953,0.21964726968424123,0.4999218326762736,0.17860240570416872,0.17860021668478454,nan,30,0.15132760000415146
sun3d-mit_lab_hj-lab_hj_tea_nov_2_2012_scan1_erika,27,1,point_to_plane,0.21074101065807,0.6819476510345656,0.09836031909116999,0.07851778524383891,0.234114116353223,0.234114116353223,0.017624275243631183,10,0.05144750000908971
sun3d-mit_lab_hj-lab_hj_tea_nov_2_2012_scan1_erika,27,1,point_to_point,0.21074101065807,12.196197411651498,0.43193850298492287,0.5093547123055234,0.19617603425453042,0.19615622344254316,nan,32,0.16966539999702945
sun3d-mit_lab_hj-lab_hj_tea_nov_2_2012_scan1_erika,28,1,point_to_plane,0.27290126962795486,4.747905550394201,0.23550596963598733,0.10172398664865374,0.3157874607962148,0.3157874607962148,0.016308982256698457,16,0.08995409999624826
sun3d-mit_lab_hj-lab_hj_tea_nov_2_2012_scan1_erika,28,1,point_to_point,0.27290126962795486,74.7257964227442,2.45764205567253,1.8288603399046643,0.2214760209473994,0.22188044154796846,nan,50,0.2923366999893915
sun3d-mit_lab_hj-lab_hj_tea_nov_2_2012_scan1_erika,3,2,point_to_plane,0.1168788618319535,0.5353087410424112,0.023038659211087574,0.032681837114380156,0.10238138292962394,0.10238138292962394,0.014270502211445346,8,0.09426049998728558
sun3d-mit_lab_hj-lab_hj_tea_nov_2_2012_scan1_erika,3,2,point_to_point,0.1168788618319535,4.7907390741483775,0.19480192859440382,0.10761367988801857,0.11122851947709031,0.11123230946428604,nan,50,0.35247319997870363
sun3d-mit_lab_hj-lab_hj_tea_nov_2_2012_scan1_erika,5,2,point_to_plane,0.18985203676945522,3.236514370130907,0.07196816956486009,0.06000162596504561,0.1284106968297926,0.1284106968297926,0.03641309194057908,14,0.15834880000329576
sun3d-mit_lab_hj-lab_hj_tea_nov_2_2012_scan1_erika,5,2,point_to_point,0.18985203676945522,14.364859200296642,0.2650914665886925,0.2879042386450193,0.13109911056145893,0.13109885422205547,nan,50,0.4023104000079911
sun3d-mit_lab_hj-lab_hj_tea_nov_2_2012_scan1_erika,8,2,point_to_plane,0.37288153912365696,3.804357363187817,0.22504672925852037,0.1093019636384891,0.3751695876599747,0.3751695876599747,0.024272489913807264,12,0.15724140001111664
sun3d-mit_lab_hj-lab_hj_tea_nov_2_2012_scan1_erika,8,2,point_to_point,0.37288153912365696,51.1350335152324,1.4556671016334726,1.4350134965398793,0.22462132973838683,0.22676598846796545,nan,50,0.6716994000016712
sun3d-mit_lab_hj-lab_hj_tea_nov_2_2012_scan1_erika,4,3,point_to_plane,0.18776033037376005,1.0864841397727591,0.042790105469413434,0.020830011059809268,0.06699608783036651,0.06699608783036651,0.012926551122606015,13,0.10144530000980012
sun3d-mit_lab_hj-lab_hj_tea_nov_2_2012_scan1_erika,4,3,point_to_point,0.18776033037376005,8.399193129805907,0.17962525691502557,0.1595031491592586,0.07134610946861748,0.07136026387294492,nan,22,0.12244899998768233
sun3d-mit_lab_hj-lab_hj_tea_nov_2_2012_scan1_erika,5,3,point_to_plane,0.2384143280173601,2.2517263160901693,0.1089526790423737,0.06243561691949462,0.12213851413760723,0.12213851413760723,0.02492882033443048,18,0.13334840000607073
sun3d-mit_lab_hj-lab_hj_tea_nov_2_2012_scan1_erika,5,3,point_to_point,0.2384143280173601,18.07746401147297,0.3120985037404606,0.41025810165504,0.1245930522217264,0.12460200782670622,nan,50,0.36276859999634326
sun3d-mit_lab_hj-lab_hj_tea_nov_2_2012_scan1_erika,6,3,point_to_plane,0.14247653657277431,4.297282942902086,0.20749002471992456,0.10493753555898513,0.25131729662461655,0.25131729662461655,0.02726663150999491,50,0.4458935000002384
sun3d-mit_lab_hj-lab_hj_tea_nov_2_2012_scan1_erika,6,3,point_to_point,0.14247653657277431,34.396717042361026,0.6920122548100454,0.8246819632875602,0.1344748861337922,0.13447263581314806,nan,37,0.3349778999981936
sun3d-mit_lab_hj-lab_hj_tea_nov_2_2012_scan1_erika,5,4,point_to_plane,0.24914729200148086,1.90824518400019,0.0674900683532725,0.03874344719527282,0.1033608906966193,0.1033608906966193,0.02012681335200751,11,0.07586810001521371
sun3d-mit_lab_hj-lab_hj_tea_nov_2_2012_scan1_erika,5,4,point_to_point,0.24914729200148086,17.290966596115435,0.23255244981033313,0.3326542444095689,0.11508180311169691,0.11507886214643206,nan,50,0.33842189999995753
sun3d-mit_lab_hj-lab_hj_tea_nov_2_2012_scan1_erika,6,4,point_to_plane,0.16711785645385652,2.8313652155878497,0.12840856974593035,0.06903230861694686,0.292968562391143,0.292968562391143,0.022410884322759183,15,0.12603799998760223
sun3d-mit_lab_hj-lab_hj_tea_nov_2_2012_scan1_erika,6,4,point_to_point,0.16711785645385652,37.53246075558927,0.7212019814273841,0.923928249567925,0.18194036134725924,0.18193625055081322,nan,50,0.4714211999962572
sun3d-mit_lab_hj-lab_hj_tea_nov_2_2012_scan1_erika,7,4,point_to_plane,0.12019194740885508,4.5605946679850495,0.21470692416842854,0.10340355731881386,0.5453280906527127,0.5453280906527127,0.025260058167659204,9,0.12376240000594407
sun3d-mit_lab_hj-lab_hj_tea_nov_2_2012_scan1_erika,7,4,point_to_point,0.12019194740885508,70.8054179626009,2.578788265686542,1.511819566687094,0.3011383559380899,0.3032159842444522,nan,50,0.5521048000082374
sun3d-mit_lab_hj-lab_hj_tea_nov_2_2012_scan1_erika,6,5,point_to_plane,0.25363383879673496,1.8519744505725693,0.07834731196930918,0.0375499450527363,0.08557681911436116,0.08557681911436116,0.01810378376307332,12,0.09882910002488643
sun3d-mit_lab_hj-lab_hj_tea_nov_2_2012_scan1_erika,6,5,point_to_point,0.25363383879673496,4.487455628598308,0.05016078158135025,0.16880706288372135,0.08997383174716246,0.08997200615173825,nan,31,0.23084730000118725
sun3d-mit_lab_hj-lab_hj_tea_nov_2_2012_scan1_erika,7,5,point_to_plane,0.15402385898387022,4.042328313223772,0.20228588317750792,0.08155855857815923,0.27597028836758086,0.27597028836758086,0.02345570437259597,14,0.1273046999995131
sun3d-mit_lab_hj-lab_hj_tea_nov_2_2012_scan1_erika,7,5,point_to_point,0.15402385898387022,22.69727727495907,0.46551733225532255,0.7100025692603728,0.2076346928773501,0.20763141913627658,nan,50,0.5074070999980904
sun3d-mit_lab_hj-lab_hj_tea_nov_2_2012_scan1_erika,8,5,point_to_plane,0.134661734594392,3.683863501606608,0.2523844785681398,0.09760982724330396,0.5034983136044454,0.5034983136044454,0.025779757233594065,50,0.5251917999994475
sun3d-mit_lab_hj-lab_hj_tea_nov_2_2012_scan1_erika,8,5,point_to_point,0.134661734594392,10.943699432129106,0.579275649802985,1.022161030661586,0.2875109295294362,0.28751129284959503,nan,43,0.520320100011304
sun3d-mit_lab_hj-lab_hj_tea_nov_2_2012_scan1_erika,7,6,point_to_plane,0.2589986824583551,2.4766285409420905,0.12175955002515804,0.044665293989277974,0.10143231075932402,0.10143231075932402,0.01725470971066219,11,0.10535860000527464
sun3d-mit_lab_hj-lab_hj_tea_nov_2_2012_scan1_erika,7,6,point_to_point,0.2589986824583551,3.8792383659526117,0.08082907043995766,0.20854137699875552,0.10586766932013227,0.10586747800945226,nan,44,0.4132097999972757
sun3d-mit_lab_hj-lab_hj_tea_nov_2_2012_scan1_erika,8,6,point_to_plane,0.144890499574448,3.1650392252857427,0.19505488226747775,0.07125709833935262,0.2596593479554298,0.2596593479554298,0.02394971196827961,10,0.11767520001740195
sun3d-mit_lab_hj-lab_hj_tea_nov_2_2012_scan1_erika,8,6,point_to_point,0.144890499574448,10.310524536954835,0.20441280270598927,0.7014221111542642,0.1817293071572586,0.18172949286846724,nan,35,0.42633799999020994
sun3d-mit_lab_hj-lab_hj_tea_nov_2_2012_scan1_erika,8,7,point_to_plane,0.22435753242469972,1.8931440983615775,0.11712108620134022,0.056276662106374775,0.0950298385881944,0.0950298385881944,0.026054494287873344,13,0.15258900000480935
sun3d-mit_lab_hj-lab_hj_tea_nov_2_2012_scan1_erika,8,7,point_to_point,0.22435753242469972,2.360167524701015,0.19548607692257272,0.26156009553164283,0.09071613092325317,0.09071627440685512,nan,49,0.5258219999959692
sun3d-mit_lab_hj-lab_hj_tea_nov_2_2012_scan1_erika,10,9,point_to_plane,0.2424582369488434,0.8504832315441048,0.02731442999563254,0.03299122816841909,0.04246206367211274,0.04246206367211274,0.012095685449533005,11,0.056685499992454425
sun3d-mit_lab_hj-lab_hj_tea_nov_2_2012_scan1_erika,10,9,point_to_point,0.2424582369488434,4.504920041938815,0.12207146371149584,0.1318896253751299,0.035964015711045426,0.03596188454698679,nan,29,0.1215057999943383
sun3d-mit_lab_hj-lab_hj_tea_nov_2_2012_scan1_erika,11,9,point_to_plane,0.20490756075045594,7.335623566769462,0.3809020132942178,0.15222462983803617,0.3594505980695234,0.3594505980695234,0.023897560446127862,20,0.15370620001340285
sun3d-mit_lab_hj-lab_hj_tea_nov_2_2012_scan1_erika,11,9,point_to_point,0.20490756075045594,16.21024320646855,0.6388771690880086,1.1165373065529856,0.1447688917737208,0.1448408092862492,nan,50,0.3658138000173494
sun3d-mit_lab_hj-lab_hj_tea_nov_2_2012_scan1_erika,11,10,point_to_plane,0.195876661647677,0.9241208184189239,0.07981223339045161,0.05378983743752816,0.3852195692084918,0.3852195692084918,0.011429154220006142,19,0.1376225000130944
sun3d-mit_lab_hj-lab_hj_tea_nov_2_2012_scan1_erika,11,10,point_to_point,0.195876661647677,10.21998571720912,0.644725519557562,0.9247048661606233,0.14190724267197702,0.14190328222390872,nan,36,0.24653780000517145
sun3d-mit_lab_hj-lab_hj_tea_nov_2_2012_scan1_erika,15,14,point_to_plane,0.16964654507106064,0.6109101883065907,0.032811622577352935,0.025397020282794946,0.027391051635702605,0.027391051635702605,0.008622227847774252,8,0.09119769997778349
sun3d-mit_lab_hj-lab_hj_tea_nov_2_2012_scan1_erika,15,14,point_to_point,0.16964654507106064,0.4693869549587461,0.02208661297566024,0.040920379993052446,0.028101653230943942,0.02811379043948851,nan,15,0.09216010000091046
sun3d-mit_lab_hj-lab_hj_tea_nov_2_2012_scan1_erika,16,14,point_to_plane,0.3164270357743706,0.44952345628826534,0.034883013092162414,0.04221013769306029,0.04769302541185614,0.04769302541185614,0.012266174800162264,50,0.3679405000002589
sun3d-mit_lab_hj-lab_hj_tea_nov_2_2012_scan1_erika,16,14,point_to_point,0.3164270357743706,1.3243791413882298,0.13437102944996993,0.17784816260999606,0.050448678229179394,0.05044872708743209,nan,50,0.29599339998094365
sun3d-mit_lab_hj-lab_hj_tea_nov_2_2012_scan1_erika,17,14,point_to_plane,0.32294158811574836,0.3197146050164522,0.055967959149955095,0.045088632340505495,0.2751485966923115,0.2751485966923115,0.01832730261217514,12,0.12305890000425279
sun3d-mit_lab_hj-lab_hj_tea_nov_2_2012_scan1_erika,17,14,point_to_point,0.32294158811574836,6.571233639974899,0.6959629640304149,0.9463084078431105,0.10514144197845389,0.10517749126110093,nan,50,0.385768799984362
sun3d-mit_lab_hj-lab_hj_tea_nov_2_2012_scan1_erika,16,15,point_to_plane,0.2742708712848454,0.37831219168987884,0.031101409918668266,0.028102718824428104,0.031841820054309876,0.031841820054309876,0.011296170753055605,12,0.07778839999809861
sun3d-mit_lab_hj-lab_hj_tea_nov_2_2012_scan1_erika,16,15,point_to_point,0.2742708712848454,2.2468916801334595,0.05061637397939947,0.07981693277802661,0.032854131529825345,0.03286037485832933,nan,17,0.09603869999409653
sun3d-mit_lab_hj-lab_hj_tea_nov_2_2012_scan1_erika,17,15,point_to_plane,0.4451695597626592,0.9812805820168202,0.09430561569783873,0.06428692956267595,0.17842403622660152,0.17842403622660152,0.02155513397405935,16,0.11525130001245998
sun3d-mit_lab_hj-lab_hj_tea_nov_2_2012_scan1_erika,17,15,point_to_point,0.4451695597626592,5.729971890874894,0.4956412644421391,0.6881116797514871,0.1000042807815661,0.10001667942326209,nan,50,0.38073390000499785
sun3d-mit_lab_hj-lab_hj_tea_nov_2_2012_scan1_erika,17,16,point_to_plane,0.12263293576666875,1.6682927837148749,0.07540485757394663,0.09120835028902327,0.11836520786507643,0.11836520786507643,0.029520436658878893,14,0.10047939998912625
sun3d-mit_lab_hj-lab_hj_tea_nov_2_2012_scan1_erika,17,16,point_to_point,0.12263293576666875,4.320238319668248,0.24054800277165642,0.382323138186654,0.09506542663360469,0.09506103002875047,nan,36,0.24852480000117794
sun3d-mit_lab_hj-lab_hj_tea_nov_2_2012_scan1_erika,18,17,point_to_plane,0.20565525077770733,1.405435679113775,0.14446382972061841,0.10643862639525108,0.07807002931994392,0.07807002931994392,0.03371329576338043,50,0.38012200000230223
sun3d-mit_lab_hj-lab_hj_tea_nov_2_2012_scan1_erika,18,17,point_to_point,0.20565525077770733,2.8998341018950344,0.14715476152219126,0.1638645627252257,0.08102072506176018,0.08102022014230224,nan,30,0.19916570000350475
sun3d-mit_lab_hj-lab_hj_tea_nov_2_2012_scan1_erika,19,18,point_to_plane,0.1989621463952177,2.815661430289769,0.14257682236271957,0.04228482824498302,0.16726395131583802,0.16726395131583802,0.020211888689408236,8,0.09970760002033785
sun3d-mit_lab_hj-lab_hj_tea_nov_2_2012_scan1_erika,19,18,point_to_point,0.1989621463952177,27.521145947714725,0.8240360370524799,0.5893531319218729,0.13699538355090166,0.1368505252432711,nan,50,0.37866220000432804
sun3d-mit_lab_hj-lab_hj_tea_nov_2_2012_scan1_erika,20,19,point_to_plane,0.2044298800413307,2.901169396546384,0.13944028123117444,0.04892484580835743,0.14242742408973255,0.14242742408973255,0.01886749495142126,14,0.1502195000066422
sun3d-mit_lab_hj-lab_hj_tea_nov_2_2012_scan1_erika,20,19,point_to_point,0.2044298800413307,2.8368387294561948,0.32743493339840024,0.34242097899770096,0.11148180122373735,0.11143989870648384,nan,10,0.0796795999922324
sun3d-mit_lab_hj-lab_hj_tea_nov_2_2012_scan1_erika,21,19,point_to_plane,0.2878006578937712,5.569382384918989,0.47093758900520166,0.23668100252078064,0.41054106457388007,0.41054106457388007,0.017745865130124855,12,0.13255979999667034
sun3d-mit_lab_hj-lab_hj_tea_nov_2_2012_scan1_erika,21,19,point_to_point,0.2878006578937712,69.8593533009682,1.8684964775685067,1.839695121471813,0.1951563266214596,0.19511647171393612,nan,50,0.4478149000206031
sun3d-mit_lab_hj-lab_hj_tea_nov_2_2012_scan1_erika,21,20,point_to_plane,0.21294204066451244,1.132627072054313,0.2060224155466163,0.1621515650115824,0.10775318273818381,0.10775318273818381,0.015220169763674046,14,0.1117270999820903
sun3d-mit_lab_hj-lab_hj_tea_nov_2_2012_scan1_erika,21,20,point_to_point,0.21294204066451244,14.69344127799953,0.2036707347248292,0.7019911910155774,0.0932461323099592,0.09322492999539286,nan,50,0.37909729999955744
sun3d-mit_lab_hj-lab_hj_tea_nov_2_2012_scan1_erika,22,21,point_to_plane,0.08446641343349065,1.614994401994089,0.07307062966780968,0.04809015738286848,0.10930104907877389,0.10930104907877389,0.01434715656570478,12,0.12569169999915175
sun3d-mit_lab_hj-lab_hj_tea_nov_2_2012_scan1_erika,22,21,point_to_point,0.08446641343349065,18.789952641376335,0.3998980522427287,0.6190715239556535,0.09607117382743209,0.09606998427577583,nan,50,0.3671838000009302
sun3d-mit_lab_hj-lab_hj_tea_nov_2_2012_scan1_erika,23,22,point_to_plane,0.3146574743155168,9.991745728802837,0.3939750294222079,0.21172285612984235,0.09012376496987037,0.09012376496987037,0.013707828542605697,13,0.11900480001349933
sun3d-mit_lab_hj-lab_hj_tea_nov_2_2012_scan1_erika,23,22,point_to_point,0.3146574743155168,3.298240928156435,0.08979938337147561,0.15979130366928523,0.03593567826127606,0.035942395125002705,nan,50,0.24943150000763126
sun3d-mit_lab_hj-lab_hj_tea_nov_2_2012_scan1_erika,24,22,point_to_plane,0.35891755962817096,0.9811759824214362,0.0335150782547982,0.02776426719780966,0.24624454895031903,0.24624454895031903,0.0087643330679396,14,0.12452170002507046
sun3d-mit_lab_hj-lab_hj_tea_nov_2_2012_scan1_erika,24,22,point_to_point,0.35891755962817096,26.659615276971756,0.8363119591434991,0.7850547204390943,0.049039436572704244,0.04902534958487017,nan,42,0.20687150000594556
sun3d-mit_lab_hj-lab_hj_tea_nov_2_2012_scan1_erika,24,23,point_to_plane,0.3435032858906406,8.54162425787809,0.26723899605154816,0.19981700252691809,0.245342265734909,0.245342265734909,0.010226929414094513,21,0.11480370000936091
sun3d-mit_lab_hj-lab_hj_tea_nov_2_2012_scan1_erika,24,23,point_to_point,0.3435032858906406,21.363490846466114,0.7450426014156292,0.592725170763864,0.03269088400780756,0.0327272937958543,nan,50,0.2256109000009019
sun3d-mit_lab_hj-lab_hj_tea_nov_2_2012_scan1_erika,25,23,point_to_plane,0.13728368707034375,12.109055707678461,0.3288572442051921,0.30875515111259627,0.39278670925167525,0.39278670925167525,0.01266516087641758,50,0.300454299984267
sun3d-mit_lab_hj-lab_hj_tea_nov_2_2012_scan1_erika,25,23,point_to_point,0.13728368707034375,32.895262552277735,1.1216886207602959,0.9691768336347566,0.04268982918817347,0.042714859101345544,nan,50,0.22239179999451153
sun3d-mit_lab_hj-lab_hj_tea_nov_2_2012_scan1_erika,25,24,point_to_plane,0.2247391406430919,17.09628114620092,0.6079053429853034,0.41322559402723924,0.03752969985384129,0.03752969985384129,0.01714801640804465,50,0.2438728999986779
sun3d-mit_lab_hj-lab_hj_tea_nov_2_2012_scan1_erika,25,24,point_to_point,0.2247391406430919,11.491624459752686,0.39883647490262625,0.3513560363358777,0.03085121742091249,0.030851239957748314,nan,46,0.19492490001721308
sun3d-mit_lab_hj-lab_hj_tea_nov_2_2012_scan1_erika,26,25,point_to_plane,0.2559926829737811,12.892950342241411,0.3511033111011091,0.2765356400236637,0.18633409349518626,0.18633409349518626,0.011608118935272454,24,0.12553889999981038
sun3d-mit_lab_hj-lab_hj_tea_nov_2_2012_scan1_erika,26,25,point_to_point,0.2559926829737811,8.425491304325178,0.4783501209786332,0.6001021742253149,0.13643005092767715,0.13642676631139838,nan,31,0.10991820000344887
sun3d-mit_lab_hj-lab_hj_tea_nov_2_2012_scan1_erika,27,26,point_to_plane,0.23356022228273984,1.537144886990906,0.042514283138812815,0.05697493714365887,0.18970163975209825,0.18970163975209825,0.019592871069936083,10,0.04458280000835657
sun3d-mit_lab_hj-lab_hj_tea_nov_2_2012_scan1_erika,27,26,point_to_point,0.23356022228273984,26.141011400576527,0.8579148090035695,0.729815561274854,0.15428951678137645,0.15426893189513577,nan,50,0.19629839999834076
sun3d-mit_lab_hj-lab_hj_tea_nov_2_2012_scan1_erika,28,26,point_to_plane,0.220639528914283,23.648747338690736,1.114816704975898,0.5648069513432382,0.5928814005694631,0.5928814005694631,0.034271073866768795,50,0.21024909999687225
sun3d-mit_lab_hj-lab_hj_tea_nov_2_2012_scan1_erika,28,26,point_to_point,0.220639528914283,92.8939500903631,2.7002498718920718,1.6577739563489358,0.24149758798863566,0.24154244983719264,nan,50,0.23334690000046976
sun3d-mit_lab_hj-lab_hj_tea_nov_2_2012_scan1_erika,28,27,point_to_plane,0.12870928302465917,6.665247405309437,0.32554787022393256,0.11667238555695926,0.10036765547242081,0.10036765547242081,0.015373774511856208,9,0.047490400000242516
sun3d-mit_lab_hj-lab_hj_tea_nov_2_2012_scan1_erika,28,27,point_to_point,0.12870928302465917,4.41948250539564,0.31535714329750625,0.17761124803494963,0.09743984775192631,0.09743833541071621,nan,32,0.1429074999759905
sun3d-mit_lab_hj-lab_hj_tea_nov_2_2012_scan1_erika,30,29,point_to_plane,0.27241637647059785,1.6682036629398453,0.03955864807671772,0.09155420061861178,0.3119667352915155,0.3119667352915155,0.034488247364978616,50,0.6093180000025313
sun3d-mit_lab_hj-lab_hj_tea_nov_2_2012_scan1_erika,30,29,point_to_point,0.27241637647059785,22.551136974074634,0.3144637424650865,0.6317462703539802,0.2794025628038824,0.2794090810718732,nan,50,0.5732575000147335
sun3d-mit_lab_hj-lab_hj_tea_nov_2_2012_scan1_erika,31,30,point_to_plane,0.1548476201952118,1.771562740834365,0.064877075766737,0.0391127969122624,0.0698809443328711,0.0698809443328711,0.01791116207910235,13,0.14145309999003075
sun3d-mit_lab_hj-lab_hj_tea_nov_2_2012_scan1_erika,31,30,point_to_point,0.1548476201952118,11.695806809392764,0.37409678009694447,0.20590434882182987,0.09735612226798251,0.09730739038838196,nan,24,0.2043446000025142
sun3d-mit_lab_hj-lab_hj_tea_nov_2_2012_scan1_erika,32,31,point_to_plane,0.13467317041766247,0.8160636314716212,0.07965535284487033,0.05761348362447605,0.05680772977349847,0.05680772977349847,0.02185759925149515,12,0.11148610000964254
sun3d-mit_lab_hj-lab_hj_tea_nov_2_2012_scan1_erika,32,31,point_to_point,0.13467317041766247,3.0560073553116944,0.18547247890885557,0.10734084120053505,0.057790549518947076,0.05779027452285135,nan,19,0.11554930001148023
sun3d-mit_lab_hj-lab_hj_tea_nov_2_2012_scan1_erika,33,31,point_to_plane,0.20718287675674982,0.25568361735685696,0.07847403159464562,0.07432274572749742,0.16457751649602548,0.16457751649602548,0.02705564314105204,14,0.16621960001066327
sun3d-mit_lab_hj-lab_hj_tea_nov_2_2012_scan1_erika,33,31,point_to_point,0.20718287675674982,4.744354629927178,0.501320772544401,0.33681724899084664,0.16012428958353847,0.1601243007878613,nan,22,0.20546420000027865
sun3d-mit_lab_hj-lab_hj_tea_nov_2_2012_scan1_erika,34,31,point_to_plane,0.1426439400276495,3.807402157283797,0.07927724784649173,0.11410409573123668,0.19287863752401677,0.19287863752401677,0.03185960844405296,12,0.14526449999539182
sun3d-mit_lab_hj-lab_hj_tea_nov_2_2012_scan1_erika,34,31,point_to_point,0.1426439400276495,4.611737675752398,0.6039729554038935,0.42579553139407983,0.165058501269685,0.16506356331518116,nan,23,0.18560540000908077
sun3d-mit_lab_hj-lab_hj_tea_nov_2_2012_scan1_erika,35,31,point_to_plane,0.2311268194447992,1.2767533824599822,0.04929207833138914,0.08004793943699266,0.2664345001391487,0.2664345001391487,0.033679588369136745,12,0.14970330000505783
sun3d-mit_lab_hj-lab_hj_tea_nov_2_2012_scan1_erika,35,31,point_to_point,0.2311268194447992,6.743057895165102,0.4028547386240467,0.6441561811178453,0.19988763417722008,0.19985360269501473,nan,50,0.4840287000115495
sun3d-mit_lab_hj-lab_hj_tea_nov_2_2012_scan1_erika,36,31,point_to_plane,0.23589973880870496,1.3160872566832207,0.06820986449313442,0.07002659142857606,0.17575173227079394,0.17575173227079394,0.02964610009270059,10,0.15184429998043925
sun3d-mit_lab_hj-lab_hj_tea_nov_2_2012_scan1_erika,36,31,point_to_point,0.23589973880870496,4.5021578324040314,0.48837235253252964,0.31313907586489215,0.1739204642151994,0.17391982967207603,nan,28,0.3000082999933511
sun3d-mit_lab_hj-lab_hj_tea_nov_2_2012_scan1_erika,37,31,point_to_plane,0.28333754356957097,0.7083723998305792,0.08515356953705605,0.08067960930358684,0.15158403328561826,0.15158403328561826,0.0293681290590993,15,0.16240099997958168
sun3d-mit_lab_hj-lab_hj_tea_nov_2_2012_scan1_erika,37,31,point_to_point,0.28333754356957097,4.613845603367067,0.5288063002422309,0.33555195498390483,0.1443441907342797,0.14434069836460472,nan,24,0.1930992999987211
sun3d-mit_lab_hj-lab_hj_tea_nov_2_2012_scan1_erika,33,32,point_to_plane,0.14022157863099816,1.1370497843264893,0.051544846263557376,0.03425394729686052,0.08235049263600808,0.08235049263600808,0.02190258307335881,14,0.11843090000911616
sun3d-mit_lab_hj-lab_hj_tea_nov_2_2012_scan1_erika,33,32,point_to_point,0.14022157863099816,3.8538390193865824,0.3075290544002963,0.16818163068154032,0.09018071656450244,0.09018025328830542,nan,32,0.25793700001668185
sun3d-mit_lab_hj-lab_hj_tea_nov_2_2012_scan1_erika,34,32,point_to_plane,0.09621603960801788,1.0494131578526447,0.06020119779082206,0.05099947719488989,0.12770245980037212,0.12770245980037212,0.022988456067576858,12,0.09700539999175817
sun3d-mit_lab_hj-lab_hj_tea_nov_2_2012_scan1_erika,34,32,point_to_point,0.09621603960801788,4.507472654869242,0.462841132964213,0.33209662042073923,0.11268178885650985,0.11268031418398983,nan,29,0.2248754000174813
sun3d-mit_lab_hj-lab_hj_tea_nov_2_2012_scan1_erika,35,32,point_to_plane,0.21877433817787717,1.2932162603092028,0.08601279467070169,0.039516257852712774,0.21004007053280294,0.21004007053280294,0.02543495431151996,19,0.16596969999955036
sun3d-mit_lab_hj-lab_hj_tea_nov_2_2012_scan1_erika,35,32,point_to_point,0.21877433817787717,5.666019492242804,0.5527658006827084,0.5685095618523811,0.1497689501241582,0.14971179544830288,nan,50,0.44814340001903474
sun3d-mit_lab_hj-lab_hj_tea_nov_2_2012_scan1_erika,36,32,point_to_plane,0.2524534331802602,1.0800323209125473,0.03896000369357077,0.025137784205411493,0.13266541511386748,0.13266541511386748,0.02074506068931305,13,0.12933199998224154
sun3d-mit_lab_hj-lab_hj_tea_nov_2_2012_scan1_erika,36,32,point_to_point,0.2524534331802602,3.7610506992063777,0.4020546918111648,0.2831981119735916,0.12615891958624414,0.12615817101329477,nan,30,0.29025869999895804
sun3d-mit_lab_hj-lab_hj_tea_nov_2_2012_scan1_erika,37,32,point_to_plane,0.14703622196331337,0.8385236715084119,0.07187573538591845,0.04172349073329112,0.07802124287151455,0.07802124287151455,0.02268686041344787,11,0.08662699998239987
sun3d-mit_lab_hj-lab_hj_tea_nov_2_2012_scan1_erika,37,32,point_to_point,0.14703622196331337,4.284320626117646,0.3485234502508503,0.1829390083436381,0.08306860256074998,0.08306631575013021,nan,35,0.25267640000674874
sun3d-mit_lab_hj-lab_hj_tea_nov_2_2012_scan1_erika,34,33,point_to_plane,0.28625056737483096,0.3833584859248724,0.020014006039576926,0.017038324604207664,0.04629693588680932,0.04629693588680932,0.01317417509532274,11,0.09881709999172017
sun3d-mit_lab_hj-lab_hj_tea_nov_2_2012_scan1_erika,34,33,point_to_point,0.28625056737483096,3.402030560159048,0.06216838886222423,0.08509338939473182,0.053180829538545624,0.053181625756243876,nan,34,0.2615094000066165
sun3d-mit_lab_hj-lab_hj_tea_nov_2_2012_scan1_erika,35,33,point_to_plane,0.1989888842260787,0.80982027728048,0.028485164706065106,0.02683853402224531,0.1020399100670833,0.1020399100670833,0.016256972620041436,13,0.12235719998716377
sun3d-mit_lab_hj-lab_hj_tea_nov_2_2012_scan1_erika,35,33,point_to_point,0.1989888842260787,5.631004930732377,0.2516715337382593,0.3318786913608027,0.10827278330095381,0.10827298518202837,nan,42,0.4094924000091851
sun3d-mit_lab_hj-lab_hj_tea_nov_2_2012_scan1_erika,36,33,point_to_plane,0.20538588035117175,0.6483270789672845,0.011399694257477855,0.019051647249103205,0.07402841563584588,0.07402841563584588,0.01582156582714413,11,0.1241069000097923
sun3d-mit_lab_hj-lab_hj_tea_nov_2_2012_scan1_erika,36,33,point_to_point,0.20538588035117175,6.0880364683731445,0.20794694398842992,0.16480284894259611,0.08610438246320379,0.08611497331789564,nan,21,0.2128878999792505
sun3d-mit_lab_hj-lab_hj_tea_nov_2_2012_scan1_erika,37,33,point_to_plane,0.14626140395875528,0.5479315800645312,0.032520181862010014,0.013448147264301626,0.022663309864686388,0.022663309864686388,0.010713118043654574,8,0.06762139999773353
sun3d-mit_lab_hj-lab_hj_tea_nov_2_2012_scan1_erika,37,33,point_to_point,0.14626140395875528,0.8065024160875627,0.025117578786839668,0.014101464409788603,0.022274763162578825,0.022274295045299472,nan,26,0.1828473999921698
sun3d-mit_lab_hj-lab_hj_tea_nov_2_2012_scan1_erika,35,34,point_to_plane,0.18296556641259928,1.3934243523916843,0.05927558173965701,0.040297157242711386,0.05252224396797448,0.05252224396797448,0.014249783828694521,10,0.08160259999567643
sun3d-mit_lab_hj-lab_hj_tea_nov_2_2012_scan1_erika,35,34,point_to_point,0.18296556641259928,2.7587835789759136,0.19973758369154992,0.10414045756891072,0.062167238345467904,0.062163136063689256,nan,30,0.22966640000231564
sun3d-mit_lab_hj-lab_hj_tea_nov_2_2012_scan1_erika,36,34,point_to_plane,0.17151094747260281,1.682931799023994,0.041381921131175316,0.04667151689142381,0.05996130479970715,0.05996130479970715,0.01984523907949182,11,0.10916519997408614
sun3d-mit_lab_hj-lab_hj_tea_nov_2_2012_scan1_erika,36,34,point_to_point,0.17151094747260281,5.187309895440166,0.1832947139346209,0.10873727167880014,0.06754926160975748,0.0675482517423348,nan,22,0.1993701999890618
sun3d-mit_lab_hj-lab_hj_tea_nov_2_2012_scan1_erika,37,34,point_to_plane,0.16156989176548972,1.1766436619795373,0.041762637328558956,0.020709278504482363,0.030520330667588844,0.030520330667588844,0.014842164472521535,11,0.08976850000908598
sun3d-mit_lab_hj-lab_hj_tea_nov_2_2012_scan1_erika,37,34,point_to_point,0.16156989176548972,1.1584395904965399,0.04780313784468365,0.02387289922418911,0.030782241580195713,0.030780842192277932,nan,32,0.22139849999803118
sun3d-mit_lab_hj-lab_hj_tea_nov_2_2012_scan1_erika,36,35,point_to_plane,0.14802407573293302,1.517532759620521,0.046205782220185954,0.03728541683069744,0.06390536201066813,0.06390536201066813,0.01965627177372904,11,0.10898340001585893
sun3d-mit_lab_hj-lab_hj_tea_nov_2_2012_scan1_erika,36,35,point_to_point,0.14802407573293302,2.2958477294861033,0.18554580400057694,0.1398413356362676,0.07094394803642279,0.07094370003071905,nan,31,0.28742800001055
sun3d-mit_lab_hj-lab_hj_tea_nov_2_2012_scan1_erika,37,35,point_to_plane,0.28553407715006723,1.0703180736336964,0.0654580034511664,0.025567543874887834,0.06867840270729722,0.06867840270729722,0.016748741922336646,22,0.18172319998848252
sun3d-mit_lab_hj-lab_hj_tea_nov_2_2012_scan1_erika,37,35,point_to_point,0.28553407715006723,3.4592550933138724,0.3165041485816361,0.17339683092411007,0.07141299067179603,0.07140767653959516,nan,43,0.3483108000073116
sun3d-mit_lab_hj-lab_hj_tea_nov_2_2012_scan1_erika,37,36,point_to_plane,0.19665304767273376,0.31787415317419754,0.029096772516777926,0.023438732538375986,0.02639490920732038,0.02639490920732038,0.01303040114622467,11,0.09547869997913949
sun3d-mit_lab_hj-lab_hj_tea_nov_2_2012_scan1_erika,37,36,point_to_point,0.19665304767273376,0.21871805066507072,0.03731527083316471,0.030061946449828535,0.026561898974209637,0.026563928433103626,nan,43,0.3359970999881625
